equipment_id,building_id,equipment_type,system_category,floor_or_zone,manufacturer,model,install_year,rated_power_kw,status,criticality,data_origin
EQ00001,BLD001,AHU,HVAC,6,Toshiba,AHU-321,2025,135.3,Maintenance,High,SYNTHETIC_VN_REALISTIC
EQ00002,BLD001,Fire Pump,Fire Safety,1,Grundfos,FIR-855,2019,265.5,Active,High,SYNTHETIC_VN_REALISTIC
EQ00003,BLD001,CO2 Sensor,BMS,13,Mitsubishi,CO2-872,2023,0,Standby,High,SYNTHETIC_VN_REALISTIC
EQ00004,BLD001,Chiller,HVAC,11,Carrier,CHI-797,2020,168.5,Standby,Medium,SYNTHETIC_VN_REALISTIC
EQ00005,BLD001,Transformer,Electrical,23,Trane,TRA-580,2025,264.9,Active,High,SYNTHETIC_VN_REALISTIC
EQ00006,BLD001,Transformer,Electrical,4,Panasonic,TRA-460,2021,426.3,Standby,Low,SYNTHETIC_VN_REALISTIC
EQ00007,BLD001,Booster Pump,Plumbing,32,ABB,BOO-103,2016,22.2,Active,High,SYNTHETIC_VN_REALISTIC
EQ00008,BLD001,Humidity Sensor,BMS,2,Schneider,HUM-582,2020,0,Maintenance,High,SYNTHETIC_VN_REALISTIC
EQ00009,BLD001,Fire Pump,Fire Safety,12,Trane,FIR-444,2018,55.4,Standby,Medium,SYNTHETIC_VN_REALISTIC
EQ00010,BLD001,AHU,HVAC,27,Schneider,AHU-686,2024,408.5,Standby,High,SYNTHETIC_VN_REALISTIC
EQ00011,BLD001,FCU,HVAC,26,Carrier,FCU-946,2018,283.3,Active,Medium,SYNTHETIC_VN_REALISTIC
EQ00012,BLD001,Humidity Sensor,BMS,30,ABB,HUM-789,2018,0,Active,High,SYNTHETIC_VN_REALISTIC
EQ00013,BLD001,MDB,Electrical,27,LS Electric,MDB-193,2021,153.5,Active,Low,SYNTHETIC_VN_REALISTIC
EQ00014,BLD001,Fire Pump,Fire Safety,18,Hitachi,FIR-940,2023,178.8,Maintenance,High,SYNTHETIC_VN_REALISTIC
EQ00015,BLD001,CO2 Sensor,BMS,29,Carrier,CO2-501,2020,0,Standby,High,SYNTHETIC_VN_REALISTIC
EQ00016,BLD001,Lift,Vertical Transport,31,Hitachi,LIF-844,2016,394.2,Active,High,SYNTHETIC_VN_REALISTIC
EQ00017,BLD001,Water Pump,Plumbing,5,LS Electric,WAT-408,2023,234.0,Maintenance,Medium,SYNTHETIC_VN_REALISTIC
EQ00018,BLD001,Cooling Tower,HVAC,Roof,ABB,COO-691,2017,396.2,Standby,High,SYNTHETIC_VN_REALISTIC
EQ00019,BLD001,Temperature Sensor,BMS,3,Daikin,TEM-844,2023,0,Active,High,SYNTHETIC_VN_REALISTIC
EQ00020,BLD001,CO2 Sensor,BMS,18,Hitachi,CO2-500,2020,0,Active,High,SYNTHETIC_VN_REALISTIC
EQ00021,BLD002,Lift,Vertical Transport,1,ABB,LIF-118,2021,271.1,Standby,Low,SYNTHETIC_VN_REALISTIC
EQ00022,BLD002,Cooling Tower,HVAC,Roof,Trane,COO-179,2007,72.8,Active,Low,SYNTHETIC_VN_REALISTIC
EQ00023,BLD002,Fire Pump,Fire Safety,12,Daikin,FIR-906,2017,59.9,Active,Low,SYNTHETIC_VN_REALISTIC
EQ00024,BLD002,Humidity Sensor,BMS,16,Schneider,HUM-114,2013,0,Active,Low,SYNTHETIC_VN_REALISTIC
EQ00025,BLD002,Lift,Vertical Transport,2,Toshiba,LIF-267,2018,195.3,Standby,High,SYNTHETIC_VN_REALISTIC
EQ00026,BLD002,Humidity Sensor,BMS,11,Panasonic,HUM-559,2025,0,Maintenance,High,SYNTHETIC_VN_REALISTIC
EQ00027,BLD002,Booster Pump,Plumbing,10,ABB,BOO-936,2009,3.6,Standby,High,SYNTHETIC_VN_REALISTIC
EQ00028,BLD002,MDB,Electrical,6,Daikin,MDB-239,2007,217.5,Maintenance,Low,SYNTHETIC_VN_REALISTIC
EQ00029,BLD002,Generator,Electrical,11,Schneider,GEN-155,2020,410.5,Maintenance,High,SYNTHETIC_VN_REALISTIC
EQ00030,BLD002,Transformer,Electrical,7,Carrier,TRA-912,2024,335.3,Active,High,SYNTHETIC_VN_REALISTIC
EQ00031,BLD002,Lighting Panel,Lighting,8,Schneider,LIG-132,2020,218.6,Active,Medium,SYNTHETIC_VN_REALISTIC
EQ00032,BLD002,Water Pump,Plumbing,1,Grundfos,WAT-715,2017,39.0,Active,High,SYNTHETIC_VN_REALISTIC
EQ00033,BLD002,Water Pump,Plumbing,9,Mitsubishi,WAT-309,2012,71.2,Active,Low,SYNTHETIC_VN_REALISTIC
EQ00034,BLD003,Booster Pump,Plumbing,1,LS Electric,BOO-849,2025,205.8,Active,Low,SYNTHETIC_VN_REALISTIC
EQ00035,BLD003,Transformer,Electrical,6,Carrier,TRA-723,2026,292.8,Maintenance,Medium,SYNTHETIC_VN_REALISTIC
EQ00036,BLD003,Generator,Electrical,8,Carrier,GEN-212,2025,443.1,Active,High,SYNTHETIC_VN_REALISTIC
EQ00037,BLD003,Cooling Tower,HVAC,Roof,Schneider,COO-354,2026,28.3,Active,Medium,SYNTHETIC_VN_REALISTIC
EQ00038,BLD003,Split AC,HVAC,3,Hitachi,SPL-229,2026,163.1,Maintenance,Medium,SYNTHETIC_VN_REALISTIC
EQ00039,BLD003,Lighting Panel,Lighting,5,Schneider,LIG-629,2026,278.5,Standby,Medium,SYNTHETIC_VN_REALISTIC
EQ00040,BLD003,Temperature Sensor,BMS,8,Trane,TEM-248,2025,0,Active,High,SYNTHETIC_VN_REALISTIC
EQ00041,BLD003,MDB,Electrical,8,Schneider,MDB-711,2026,397.1,Maintenance,High,SYNTHETIC_VN_REALISTIC
EQ00042,BLD003,Fire Pump,Fire Safety,2,Toshiba,FIR-100,2025,214.8,Maintenance,Low,SYNTHETIC_VN_REALISTIC
EQ00043,BLD003,Humidity Sensor,BMS,7,Hitachi,HUM-924,2025,0,Maintenance,High,SYNTHETIC_VN_REALISTIC
EQ00044,BLD003,Lift,Vertical Transport,5,Hitachi,LIF-902,2026,15.5,Standby,High,SYNTHETIC_VN_REALISTIC
EQ00045,BLD003,Chiller,HVAC,6,ABB,CHI-963,2026,17.5,Maintenance,High,SYNTHETIC_VN_REALISTIC
EQ00046,BLD003,Chiller,HVAC,7,Mitsubishi,CHI-603,2026,307.5,Maintenance,High,SYNTHETIC_VN_REALISTIC
EQ00047,BLD003,Chiller,HVAC,6,Grundfos,CHI-947,2026,266.9,Active,Low,SYNTHETIC_VN_REALISTIC
EQ00048,BLD003,Booster Pump,Plumbing,7,Panasonic,BOO-297,2025,174.9,Maintenance,High,SYNTHETIC_VN_REALISTIC
EQ00049,BLD004,Temperature Sensor,BMS,8,LS Electric,TEM-285,2016,0,Active,High,SYNTHETIC_VN_REALISTIC
EQ00050,BLD004,Fire Pump,Fire Safety,7,Toshiba,FIR-406,2020,279.3,Active,Medium,SYNTHETIC_VN_REALISTIC
EQ00051,BLD004,Lift,Vertical Transport,1,Toshiba,LIF-617,2019,5.1,Active,High,SYNTHETIC_VN_REALISTIC
EQ00052,BLD004,Split AC,HVAC,2,LS Electric,SPL-654,2018,117.8,Active,High,SYNTHETIC_VN_REALISTIC
EQ00053,BLD004,AHU,HVAC,13,Schneider,AHU-380,2015,236.4,Active,High,SYNTHETIC_VN_REALISTIC
EQ00054,BLD004,Fire Pump,Fire Safety,5,Toshiba,FIR-280,2013,178.1,Active,High,SYNTHETIC_VN_REALISTIC
EQ00055,BLD004,Humidity Sensor,BMS,22,Siemens,HUM-355,2015,0,Active,Medium,SYNTHETIC_VN_REALISTIC
EQ00056,BLD004,Humidity Sensor,BMS,18,ABB,HUM-305,2017,0,Active,Low,SYNTHETIC_VN_REALISTIC
EQ00057,BLD004,Temperature Sensor,BMS,20,Mitsubishi,TEM-767,2025,0,Active,High,SYNTHETIC_VN_REALISTIC
EQ00058,BLD004,Cooling Tower,HVAC,Roof,Trane,COO-965,2018,366.7,Active,High,SYNTHETIC_VN_REALISTIC
EQ00059,BLD004,Fire Pump,Fire Safety,18,Schneider,FIR-224,2023,5.5,Active,Medium,SYNTHETIC_VN_REALISTIC
EQ00060,BLD004,Lighting Panel,Lighting,2,Grundfos,LIG-458,2024,156.3,Active,High,SYNTHETIC_VN_REALISTIC
EQ00061,BLD004,Booster Pump,Plumbing,13,Toshiba,BOO-428,2023,121.7,Active,High,SYNTHETIC_VN_REALISTIC
EQ00062,BLD005,Humidity Sensor,BMS,11,Schneider,HUM-786,2016,0,Active,High,SYNTHETIC_VN_REALISTIC
EQ00063,BLD005,Cooling Tower,HVAC,Roof,Siemens,COO-604,2023,330.1,Standby,Low,SYNTHETIC_VN_REALISTIC
EQ00064,BLD005,AHU,HVAC,25,Schneider,AHU-743,2024,58.7,Standby,High,SYNTHETIC_VN_REALISTIC
EQ00065,BLD005,Humidity Sensor,BMS,3,Mitsubishi,HUM-169,2015,0,Active,Low,SYNTHETIC_VN_REALISTIC
EQ00066,BLD005,Transformer,Electrical,20,Siemens,TRA-854,2015,366.4,Standby,Low,SYNTHETIC_VN_REALISTIC
EQ00067,BLD005,Chiller,HVAC,14,Siemens,CHI-997,2016,162.9,Active,Low,SYNTHETIC_VN_REALISTIC
EQ00068,BLD005,Lighting Panel,Lighting,8,Toshiba,LIG-542,2019,51.5,Active,High,SYNTHETIC_VN_REALISTIC
EQ00069,BLD005,Water Pump,Plumbing,32,Trane,WAT-235,2018,325.4,Active,High,SYNTHETIC_VN_REALISTIC
EQ00070,BLD005,Split AC,HVAC,26,Siemens,SPL-794,2019,346.2,Active,High,SYNTHETIC_VN_REALISTIC
EQ00071,BLD005,Split AC,HVAC,33,Daikin,SPL-121,2019,63.2,Active,High,SYNTHETIC_VN_REALISTIC
EQ00072,BLD005,Generator,Electrical,14,Carrier,GEN-519,2018,327.9,Active,Medium,SYNTHETIC_VN_REALISTIC
EQ00073,BLD005,AHU,HVAC,10,Daikin,AHU-658,2025,396.7,Maintenance,Medium,SYNTHETIC_VN_REALISTIC
EQ00074,BLD005,FCU,HVAC,13,Grundfos,FCU-937,2016,150.0,Active,Low,SYNTHETIC_VN_REALISTIC
EQ00075,BLD005,Water Pump,Plumbing,11,Panasonic,WAT-106,2018,177.4,Active,Medium,SYNTHETIC_VN_REALISTIC
EQ00076,BLD005,FCU,HVAC,31,Daikin,FCU-409,2017,32.9,Active,High,SYNTHETIC_VN_REALISTIC
EQ00077,BLD006,AHU,HVAC,3,Mitsubishi,AHU-294,2024,33.0,Active,Medium,SYNTHETIC_VN_REALISTIC
EQ00078,BLD006,Booster Pump,Plumbing,2,Hitachi,BOO-365,2024,141.2,Standby,Low,SYNTHETIC_VN_REALISTIC
EQ00079,BLD006,Cooling Tower,HVAC,Roof,Mitsubishi,COO-887,2026,42.5,Standby,High,SYNTHETIC_VN_REALISTIC
EQ00080,BLD006,Water Pump,Plumbing,19,Toshiba,WAT-898,2026,156.4,Active,Low,SYNTHETIC_VN_REALISTIC
EQ00081,BLD006,Water Pump,Plumbing,9,Siemens,WAT-480,2024,138.0,Standby,High,SYNTHETIC_VN_REALISTIC
EQ00082,BLD006,Fire Pump,Fire Safety,12,Hitachi,FIR-104,2025,163.0,Active,High,SYNTHETIC_VN_REALISTIC
EQ00083,BLD006,MDB,Electrical,6,LS Electric,MDB-864,2026,371.9,Maintenance,High,SYNTHETIC_VN_REALISTIC
EQ00084,BLD006,Booster Pump,Plumbing,13,LS Electric,BOO-609,2024,233.1,Maintenance,High,SYNTHETIC_VN_REALISTIC
EQ00085,BLD006,Humidity Sensor,BMS,10,LS Electric,HUM-403,2025,0,Active,Low,SYNTHETIC_VN_REALISTIC
EQ00086,BLD006,MDB,Electrical,11,Panasonic,MDB-937,2026,183.4,Active,High,SYNTHETIC_VN_REALISTIC
EQ00087,BLD006,Humidity Sensor,BMS,16,Mitsubishi,HUM-729,2024,0,Active,High,SYNTHETIC_VN_REALISTIC
EQ00088,BLD006,Temperature Sensor,BMS,4,Daikin,TEM-216,2024,0,Standby,High,SYNTHETIC_VN_REALISTIC
EQ00089,BLD006,MDB,Electrical,16,Siemens,MDB-466,2026,139.9,Active,High,SYNTHETIC_VN_REALISTIC
EQ00090,BLD006,Lighting Panel,Lighting,1,Grundfos,LIG-886,2024,298.8,Active,High,SYNTHETIC_VN_REALISTIC
EQ00091,BLD006,Cooling Tower,HVAC,Roof,Panasonic,COO-411,2025,366.8,Active,Low,SYNTHETIC_VN_REALISTIC
EQ00092,BLD006,Chiller,HVAC,4,LS Electric,CHI-615,2026,449.6,Active,High,SYNTHETIC_VN_REALISTIC
EQ00093,BLD006,Booster Pump,Plumbing,17,Trane,BOO-523,2024,117.4,Maintenance,High,SYNTHETIC_VN_REALISTIC
EQ00094,BLD006,Chiller,HVAC,4,Grundfos,CHI-269,2025,220.3,Active,Low,SYNTHETIC_VN_REALISTIC
EQ00095,BLD006,Temperature Sensor,BMS,13,LS Electric,TEM-222,2026,0,Active,Low,SYNTHETIC_VN_REALISTIC
EQ00096,BLD006,Fire Pump,Fire Safety,5,Panasonic,FIR-941,2026,332.0,Active,High,SYNTHETIC_VN_REALISTIC
EQ00097,BLD006,Lift,Vertical Transport,17,LS Electric,LIF-894,2024,248.0,Maintenance,High,SYNTHETIC_VN_REALISTIC
EQ00098,BLD006,CO2 Sensor,BMS,15,Grundfos,CO2-116,2025,0,Maintenance,Low,SYNTHETIC_VN_REALISTIC
EQ00099,BLD007,Generator,Electrical,4,Hitachi,GEN-188,2016,240.4,Active,High,SYNTHETIC_VN_REALISTIC
EQ00100,BLD007,FCU,HVAC,1,Trane,FCU-934,2023,325.0,Active,High,SYNTHETIC_VN_REALISTIC
EQ00101,BLD007,Humidity Sensor,BMS,4,Trane,HUM-926,2009,0,Active,Medium,SYNTHETIC_VN_REALISTIC
EQ00102,BLD007,Chiller,HVAC,1,Trane,CHI-437,2023,441.0,Active,Low,SYNTHETIC_VN_REALISTIC
EQ00103,BLD007,Lift,Vertical Transport,2,ABB,LIF-894,2011,133.9,Active,High,SYNTHETIC_VN_REALISTIC
EQ00104,BLD007,Cooling Tower,HVAC,Roof,Trane,COO-732,2020,105.6,Standby,High,SYNTHETIC_VN_REALISTIC
EQ00105,BLD007,Generator,Electrical,4,Panasonic,GEN-743,2023,323.6,Active,Medium,SYNTHETIC_VN_REALISTIC
EQ00106,BLD007,FCU,HVAC,1,Daikin,FCU-219,2025,394.6,Active,Medium,SYNTHETIC_VN_REALISTIC
EQ00107,BLD007,Lift,Vertical Transport,2,Panasonic,LIF-775,2020,413.3,Active,Medium,SYNTHETIC_VN_REALISTIC
EQ00108,BLD007,Humidity Sensor,BMS,4,Mitsubishi,HUM-643,2017,0,Active,High,SYNTHETIC_VN_REALISTIC
EQ00109,BLD007,Lighting Panel,Lighting,4,Grundfos,LIG-974,2022,53.4,Active,Low,SYNTHETIC_VN_REALISTIC
EQ00110,BLD007,Humidity Sensor,BMS,3,Hitachi,HUM-127,2025,0,Active,High,SYNTHETIC_VN_REALISTIC
EQ00111,BLD007,Split AC,HVAC,4,Hitachi,SPL-254,2006,72.3,Active,Low,SYNTHETIC_VN_REALISTIC
EQ00112,BLD007,Cooling Tower,HVAC,Roof,Hitachi,COO-708,2009,331.4,Active,High,SYNTHETIC_VN_REALISTIC
EQ00113,BLD007,Lift,Vertical Transport,4,ABB,LIF-416,2021,20.4,Maintenance,High,SYNTHETIC_VN_REALISTIC
EQ00114,BLD008,Chiller,HVAC,8,Schneider,CHI-775,2026,249.1,Standby,High,SYNTHETIC_VN_REALISTIC
EQ00115,BLD008,Split AC,HVAC,9,Toshiba,SPL-148,2012,169.2,Active,High,SYNTHETIC_VN_REALISTIC
EQ00116,BLD008,Water Pump,Plumbing,1,ABB,WAT-943,2019,187.4,Maintenance,Low,SYNTHETIC_VN_REALISTIC
EQ00117,BLD008,Fire Pump,Fire Safety,7,ABB,FIR-770,2008,263.0,Active,Medium,SYNTHETIC_VN_REALISTIC
EQ00118,BLD008,Fire Pump,Fire Safety,8,Daikin,FIR-134,2018,28.3,Standby,High,SYNTHETIC_VN_REALISTIC
EQ00119,BLD008,Humidity Sensor,BMS,15,LS Electric,HUM-956,2014,0,Active,Medium,SYNTHETIC_VN_REALISTIC
EQ00120,BLD008,Generator,Electrical,11,Trane,GEN-498,2020,59.4,Maintenance,Medium,SYNTHETIC_VN_REALISTIC
EQ00121,BLD008,Split AC,HVAC,17,ABB,SPL-913,2019,235.9,Active,High,SYNTHETIC_VN_REALISTIC
EQ00122,BLD008,Lighting Panel,Lighting,4,Hitachi,LIG-168,2019,378.7,Standby,High,SYNTHETIC_VN_REALISTIC
EQ00123,BLD008,Chiller,HVAC,3,Siemens,CHI-264,2026,384.1,Standby,Medium,SYNTHETIC_VN_REALISTIC
EQ00124,BLD008,MDB,Electrical,14,LS Electric,MDB-552,2008,86.1,Active,High,SYNTHETIC_VN_REALISTIC
EQ00125,BLD009,Fire Pump,Fire Safety,29,Panasonic,FIR-575,2023,43.3,Active,Medium,SYNTHETIC_VN_REALISTIC
EQ00126,BLD009,MDB,Electrical,1,LS Electric,MDB-511,2023,404.0,Active,High,SYNTHETIC_VN_REALISTIC
EQ00127,BLD009,Transformer,Electrical,1,Siemens,TRA-419,2026,10.9,Active,Medium,SYNTHETIC_VN_REALISTIC
EQ00128,BLD009,Humidity Sensor,BMS,19,Daikin,HUM-381,2023,0,Active,High,SYNTHETIC_VN_REALISTIC
EQ00129,BLD009,Cooling Tower,HVAC,Roof,Carrier,COO-324,2024,20.0,Active,High,SYNTHETIC_VN_REALISTIC
EQ00130,BLD009,Generator,Electrical,27,Schneider,GEN-564,2026,173.7,Standby,Low,SYNTHETIC_VN_REALISTIC
EQ00131,BLD009,Lighting Panel,Lighting,26,LS Electric,LIG-242,2026,244.2,Active,High,SYNTHETIC_VN_REALISTIC
EQ00132,BLD009,Lift,Vertical Transport,18,Grundfos,LIF-582,2025,177.6,Active,Medium,SYNTHETIC_VN_REALISTIC
EQ00133,BLD009,Transformer,Electrical,29,Mitsubishi,TRA-312,2026,410.8,Active,Medium,SYNTHETIC_VN_REALISTIC
EQ00134,BLD009,AHU,HVAC,14,Mitsubishi,AHU-106,2023,229.2,Active,Medium,SYNTHETIC_VN_REALISTIC
EQ00135,BLD009,Water Pump,Plumbing,1,Hitachi,WAT-791,2024,228.8,Active,Medium,SYNTHETIC_VN_REALISTIC
EQ00136,BLD010,Generator,Electrical,16,Trane,GEN-907,2004,398.8,Active,Low,SYNTHETIC_VN_REALISTIC
EQ00137,BLD010,Water Pump,Plumbing,15,ABB,WAT-294,2012,92.2,Active,Low,SYNTHETIC_VN_REALISTIC
EQ00138,BLD010,MDB,Electrical,28,Siemens,MDB-760,2019,320.2,Standby,Low,SYNTHETIC_VN_REALISTIC
EQ00139,BLD010,Fire Pump,Fire Safety,13,LS Electric,FIR-601,2017,307.4,Active,High,SYNTHETIC_VN_REALISTIC
EQ00140,BLD010,Temperature Sensor,BMS,9,Panasonic,TEM-544,2019,0,Standby,High,SYNTHETIC_VN_REALISTIC
EQ00141,BLD010,Generator,Electrical,20,Carrier,GEN-597,2001,368.9,Active,Low,SYNTHETIC_VN_REALISTIC
EQ00142,BLD010,Temperature Sensor,BMS,3,Trane,TEM-556,2006,0,Active,Medium,SYNTHETIC_VN_REALISTIC
EQ00143,BLD010,MDB,Electrical,1,Mitsubishi,MDB-311,2004,116.0,Active,High,SYNTHETIC_VN_REALISTIC
EQ00144,BLD010,Water Pump,Plumbing,8,LS Electric,WAT-457,2019,23.2,Active,High,SYNTHETIC_VN_REALISTIC
EQ00145,BLD010,Temperature Sensor,BMS,15,Panasonic,TEM-909,2026,0,Maintenance,Medium,SYNTHETIC_VN_REALISTIC
EQ00146,BLD011,Split AC,HVAC,5,ABB,SPL-841,2026,141.2,Active,High,SYNTHETIC_VN_REALISTIC
EQ00147,BLD011,AHU,HVAC,8,LS Electric,AHU-463,2021,409.7,Maintenance,High,SYNTHETIC_VN_REALISTIC
EQ00148,BLD011,CO2 Sensor,BMS,1,LS Electric,CO2-834,2023,0,Maintenance,High,SYNTHETIC_VN_REALISTIC
EQ00149,BLD011,FCU,HVAC,6,Trane,FCU-990,2024,266.3,Maintenance,Medium,SYNTHETIC_VN_REALISTIC
EQ00150,BLD011,Generator,Electrical,8,Siemens,GEN-126,2026,191.6,Active,Low,SYNTHETIC_VN_REALISTIC
EQ00151,BLD011,Cooling Tower,HVAC,Roof,Siemens,COO-453,2020,329.5,Maintenance,Medium,SYNTHETIC_VN_REALISTIC
EQ00152,BLD011,Booster Pump,Plumbing,6,LS Electric,BOO-116,2025,145.5,Active,Low,SYNTHETIC_VN_REALISTIC
EQ00153,BLD011,Lighting Panel,Lighting,2,Panasonic,LIG-979,2025,173.2,Standby,Medium,SYNTHETIC_VN_REALISTIC
EQ00154,BLD011,Transformer,Electrical,5,LS Electric,TRA-667,2023,280.5,Active,Low,SYNTHETIC_VN_REALISTIC
EQ00155,BLD011,Chiller,HVAC,4,Toshiba,CHI-263,2023,301.8,Maintenance,Low,SYNTHETIC_VN_REALISTIC
EQ00156,BLD011,Water Pump,Plumbing,2,Hitachi,WAT-385,2023,118.7,Active,High,SYNTHETIC_VN_REALISTIC
EQ00157,BLD011,CO2 Sensor,BMS,8,Daikin,CO2-422,2023,0,Maintenance,High,SYNTHETIC_VN_REALISTIC
EQ00158,BLD011,Water Pump,Plumbing,7,Schneider,WAT-165,2020,149.9,Active,High,SYNTHETIC_VN_REALISTIC
EQ00159,BLD011,CO2 Sensor,BMS,7,Schneider,CO2-371,2026,0,Active,High,SYNTHETIC_VN_REALISTIC
EQ00160,BLD011,CO2 Sensor,BMS,3,Grundfos,CO2-834,2025,0,Active,Low,SYNTHETIC_VN_REALISTIC
EQ00161,BLD012,AHU,HVAC,2,Daikin,AHU-249,2025,358.9,Active,High,SYNTHETIC_VN_REALISTIC
EQ00162,BLD012,Split AC,HVAC,14,Carrier,SPL-876,2026,258.9,Active,High,SYNTHETIC_VN_REALISTIC
EQ00163,BLD012,Lift,Vertical Transport,9,Mitsubishi,LIF-691,2022,421.7,Maintenance,Low,SYNTHETIC_VN_REALISTIC
EQ00164,BLD012,Chiller,HVAC,7,Daikin,CHI-691,2018,279.7,Active,High,SYNTHETIC_VN_REALISTIC
EQ00165,BLD012,CO2 Sensor,BMS,11,Trane,CO2-938,2022,0,Active,Low,SYNTHETIC_VN_REALISTIC
EQ00166,BLD012,Humidity Sensor,BMS,6,ABB,HUM-635,2014,0,Active,Medium,SYNTHETIC_VN_REALISTIC
EQ00167,BLD012,MDB,Electrical,16,Toshiba,MDB-234,2024,75.4,Active,High,SYNTHETIC_VN_REALISTIC
EQ00168,BLD012,Booster Pump,Plumbing,3,ABB,BOO-205,2015,267.3,Standby,High,SYNTHETIC_VN_REALISTIC
EQ00169,BLD012,Generator,Electrical,4,LS Electric,GEN-307,2017,310.0,Active,Medium,SYNTHETIC_VN_REALISTIC
EQ00170,BLD012,Booster Pump,Plumbing,10,Schneider,BOO-579,2016,333.9,Active,Low,SYNTHETIC_VN_REALISTIC
EQ00171,BLD012,Booster Pump,Plumbing,14,Panasonic,BOO-948,2017,174.8,Standby,High,SYNTHETIC_VN_REALISTIC
EQ00172,BLD012,Fire Pump,Fire Safety,7,Panasonic,FIR-249,2026,385.5,Standby,Low,SYNTHETIC_VN_REALISTIC
EQ00173,BLD012,FCU,HVAC,4,Trane,FCU-651,2015,45.2,Maintenance,Medium,SYNTHETIC_VN_REALISTIC
EQ00174,BLD013,Chiller,HVAC,14,Grundfos,CHI-318,2026,359.4,Maintenance,High,SYNTHETIC_VN_REALISTIC
EQ00175,BLD013,Temperature Sensor,BMS,13,Trane,TEM-272,2024,0,Maintenance,Medium,SYNTHETIC_VN_REALISTIC
EQ00176,BLD013,Lift,Vertical Transport,10,Toshiba,LIF-263,2026,229.4,Maintenance,Low,SYNTHETIC_VN_REALISTIC
EQ00177,BLD013,Cooling Tower,HVAC,Roof,Siemens,COO-333,2025,243.0,Active,High,SYNTHETIC_VN_REALISTIC
EQ00178,BLD013,FCU,HVAC,8,Toshiba,FCU-631,2025,172.1,Standby,High,SYNTHETIC_VN_REALISTIC
EQ00179,BLD013,Humidity Sensor,BMS,12,Mitsubishi,HUM-326,2026,0,Active,High,SYNTHETIC_VN_REALISTIC
EQ00180,BLD013,AHU,HVAC,28,Siemens,AHU-860,2024,3.5,Active,Medium,SYNTHETIC_VN_REALISTIC
EQ00181,BLD013,Generator,Electrical,27,Hitachi,GEN-725,2024,10.1,Maintenance,Low,SYNTHETIC_VN_REALISTIC
EQ00182,BLD013,MDB,Electrical,11,Trane,MDB-359,2026,253.1,Active,High,SYNTHETIC_VN_REALISTIC
EQ00183,BLD013,Lift,Vertical Transport,24,Carrier,LIF-922,2026,162.9,Active,Low,SYNTHETIC_VN_REALISTIC
EQ00184,BLD013,MDB,Electrical,13,Hitachi,MDB-463,2024,255.1,Maintenance,Low,SYNTHETIC_VN_REALISTIC
EQ00185,BLD013,Humidity Sensor,BMS,14,Daikin,HUM-874,2024,0,Maintenance,Medium,SYNTHETIC_VN_REALISTIC
EQ00186,BLD013,CO2 Sensor,BMS,28,Toshiba,CO2-944,2025,0,Active,High,SYNTHETIC_VN_REALISTIC
EQ00187,BLD013,Split AC,HVAC,24,Trane,SPL-976,2025,205.8,Active,Medium,SYNTHETIC_VN_REALISTIC
EQ00188,BLD013,MDB,Electrical,3,Hitachi,MDB-816,2026,22.4,Active,High,SYNTHETIC_VN_REALISTIC
EQ00189,BLD013,FCU,HVAC,8,Grundfos,FCU-800,2024,67.9,Active,High,SYNTHETIC_VN_REALISTIC
EQ00190,BLD013,AHU,HVAC,24,Carrier,AHU-627,2025,236.3,Standby,High,SYNTHETIC_VN_REALISTIC
EQ00191,BLD014,Chiller,HVAC,3,Siemens,CHI-907,2022,118.6,Standby,Low,SYNTHETIC_VN_REALISTIC
EQ00192,BLD014,Booster Pump,Plumbing,16,Carrier,BOO-604,2017,79.7,Active,High,SYNTHETIC_VN_REALISTIC
EQ00193,BLD014,Water Pump,Plumbing,12,Hitachi,WAT-678,2014,296.3,Active,High,SYNTHETIC_VN_REALISTIC
EQ00194,BLD014,FCU,HVAC,17,Siemens,FCU-774,2026,45.3,Active,High,SYNTHETIC_VN_REALISTIC
EQ00195,BLD014,Humidity Sensor,BMS,19,Trane,HUM-576,2011,0,Active,High,SYNTHETIC_VN_REALISTIC
EQ00196,BLD014,Chiller,HVAC,6,Carrier,CHI-412,2026,195.1,Active,Medium,SYNTHETIC_VN_REALISTIC
EQ00197,BLD014,AHU,HVAC,15,Daikin,AHU-951,2018,201.6,Active,High,SYNTHETIC_VN_REALISTIC
EQ00198,BLD014,FCU,HVAC,23,Grundfos,FCU-283,2009,264.7,Standby,High,SYNTHETIC_VN_REALISTIC
EQ00199,BLD014,AHU,HVAC,2,Mitsubishi,AHU-420,2013,97.2,Active,High,SYNTHETIC_VN_REALISTIC
EQ00200,BLD014,Generator,Electrical,24,Grundfos,GEN-354,2020,331.0,Active,High,SYNTHETIC_VN_REALISTIC
EQ00201,BLD014,Temperature Sensor,BMS,16,LS Electric,TEM-476,2011,0,Active,Low,SYNTHETIC_VN_REALISTIC
EQ00202,BLD014,Booster Pump,Plumbing,6,Trane,BOO-293,2023,84.8,Active,High,SYNTHETIC_VN_REALISTIC
EQ00203,BLD014,Transformer,Electrical,19,Siemens,TRA-202,2025,252.0,Standby,High,SYNTHETIC_VN_REALISTIC
EQ00204,BLD014,Generator,Electrical,1,Schneider,GEN-576,2010,173.8,Active,High,SYNTHETIC_VN_REALISTIC
EQ00205,BLD014,Fire Pump,Fire Safety,6,Grundfos,FIR-429,2022,46.0,Active,High,SYNTHETIC_VN_REALISTIC
EQ00206,BLD014,FCU,HVAC,5,Carrier,FCU-434,2013,356.9,Active,High,SYNTHETIC_VN_REALISTIC
EQ00207,BLD014,AHU,HVAC,7,Siemens,AHU-923,2008,179.2,Active,Low,SYNTHETIC_VN_REALISTIC
EQ00208,BLD014,Humidity Sensor,BMS,26,Schneider,HUM-817,2009,0,Standby,Low,SYNTHETIC_VN_REALISTIC
EQ00209,BLD014,Booster Pump,Plumbing,27,Hitachi,BOO-122,2007,42.8,Active,High,SYNTHETIC_VN_REALISTIC
EQ00210,BLD014,Split AC,HVAC,5,Toshiba,SPL-227,2008,342.4,Active,High,SYNTHETIC_VN_REALISTIC
EQ00211,BLD014,Generator,Electrical,10,Daikin,GEN-850,2014,246.2,Active,Low,SYNTHETIC_VN_REALISTIC
EQ00212,BLD015,Lift,Vertical Transport,6,Trane,LIF-475,2024,374.0,Active,High,SYNTHETIC_VN_REALISTIC
EQ00213,BLD015,Cooling Tower,HVAC,Roof,Daikin,COO-879,2018,59.6,Active,Medium,SYNTHETIC_VN_REALISTIC
EQ00214,BLD015,Split AC,HVAC,21,Hitachi,SPL-578,2023,34.1,Active,Low,SYNTHETIC_VN_REALISTIC
EQ00215,BLD015,Transformer,Electrical,8,Toshiba,TRA-118,2014,383.2,Active,High,SYNTHETIC_VN_REALISTIC
EQ00216,BLD015,Lighting Panel,Lighting,21,ABB,LIG-249,2017,74.7,Active,High,SYNTHETIC_VN_REALISTIC
EQ00217,BLD015,Temperature Sensor,BMS,11,Toshiba,TEM-444,2014,0,Active,High,SYNTHETIC_VN_REALISTIC
EQ00218,BLD015,Generator,Electrical,5,Trane,GEN-872,2015,189.5,Standby,High,SYNTHETIC_VN_REALISTIC
EQ00219,BLD015,Chiller,HVAC,15,LS Electric,CHI-566,2020,37.2,Active,Low,SYNTHETIC_VN_REALISTIC
EQ00220,BLD015,Booster Pump,Plumbing,9,LS Electric,BOO-434,2018,322.6,Active,Low,SYNTHETIC_VN_REALISTIC
EQ00221,BLD015,Lighting Panel,Lighting,8,Siemens,LIG-101,2013,289.4,Active,High,SYNTHETIC_VN_REALISTIC
EQ00222,BLD015,Generator,Electrical,4,Hitachi,GEN-120,2026,426.6,Active,Low,SYNTHETIC_VN_REALISTIC
EQ00223,BLD015,Booster Pump,Plumbing,8,Hitachi,BOO-721,2019,271.7,Active,Medium,SYNTHETIC_VN_REALISTIC
EQ00224,BLD015,Chiller,HVAC,11,Panasonic,CHI-644,2014,359.2,Active,High,SYNTHETIC_VN_REALISTIC
EQ00225,BLD015,FCU,HVAC,20,Mitsubishi,FCU-895,2020,444.3,Active,Medium,SYNTHETIC_VN_REALISTIC
EQ00226,BLD015,Humidity Sensor,BMS,1,Toshiba,HUM-538,2025,0,Maintenance,Low,SYNTHETIC_VN_REALISTIC
EQ00227,BLD015,Split AC,HVAC,6,Toshiba,SPL-979,2017,114.2,Standby,Medium,SYNTHETIC_VN_REALISTIC
EQ00228,BLD015,Temperature Sensor,BMS,10,Grundfos,TEM-346,2023,0,Active,High,SYNTHETIC_VN_REALISTIC
EQ00229,BLD015,Water Pump,Plumbing,4,ABB,WAT-681,2014,404.9,Maintenance,Low,SYNTHETIC_VN_REALISTIC
EQ00230,BLD015,Chiller,HVAC,11,LS Electric,CHI-397,2018,403.4,Active,High,SYNTHETIC_VN_REALISTIC
EQ00231,BLD015,Chiller,HVAC,9,Trane,CHI-610,2026,109.7,Maintenance,Low,SYNTHETIC_VN_REALISTIC
EQ00232,BLD015,CO2 Sensor,BMS,17,Mitsubishi,CO2-664,2017,0,Maintenance,Medium,SYNTHETIC_VN_REALISTIC
EQ00233,BLD015,Humidity Sensor,BMS,6,Siemens,HUM-830,2014,0,Standby,Medium,SYNTHETIC_VN_REALISTIC
EQ00234,BLD016,Fire Pump,Fire Safety,13,Mitsubishi,FIR-405,2025,144.5,Maintenance,Low,SYNTHETIC_VN_REALISTIC
EQ00235,BLD016,Cooling Tower,HVAC,Roof,Carrier,COO-625,2026,69.0,Active,High,SYNTHETIC_VN_REALISTIC
EQ00236,BLD016,FCU,HVAC,11,Grundfos,FCU-377,2026,59.9,Active,Medium,SYNTHETIC_VN_REALISTIC
EQ00237,BLD016,MDB,Electrical,25,LS Electric,MDB-292,2025,131.6,Maintenance,High,SYNTHETIC_VN_REALISTIC
EQ00238,BLD016,Cooling Tower,HVAC,Roof,Mitsubishi,COO-170,2025,155.8,Active,Low,SYNTHETIC_VN_REALISTIC
EQ00239,BLD016,MDB,Electrical,3,Toshiba,MDB-767,2025,164.3,Maintenance,High,SYNTHETIC_VN_REALISTIC
EQ00240,BLD016,Humidity Sensor,BMS,24,Daikin,HUM-899,2026,0,Active,High,SYNTHETIC_VN_REALISTIC
EQ00241,BLD016,Transformer,Electrical,23,Hitachi,TRA-294,2026,300.9,Active,High,SYNTHETIC_VN_REALISTIC
EQ00242,BLD016,FCU,HVAC,13,ABB,FCU-136,2025,24.4,Maintenance,High,SYNTHETIC_VN_REALISTIC
EQ00243,BLD016,AHU,HVAC,13,Panasonic,AHU-109,2026,421.1,Active,Medium,SYNTHETIC_VN_REALISTIC
EQ00244,BLD016,Water Pump,Plumbing,19,Panasonic,WAT-397,2026,238.3,Maintenance,High,SYNTHETIC_VN_REALISTIC
EQ00245,BLD016,Chiller,HVAC,26,Daikin,CHI-997,2025,365.8,Active,High,SYNTHETIC_VN_REALISTIC
EQ00246,BLD016,Split AC,HVAC,3,Panasonic,SPL-926,2025,335.7,Maintenance,High,SYNTHETIC_VN_REALISTIC
EQ00247,BLD016,MDB,Electrical,28,Carrier,MDB-511,2025,257.4,Active,High,SYNTHETIC_VN_REALISTIC
EQ00248,BLD016,Split AC,HVAC,9,LS Electric,SPL-401,2026,149.8,Active,High,SYNTHETIC_VN_REALISTIC
EQ00249,BLD016,Split AC,HVAC,23,Hitachi,SPL-877,2025,344.4,Standby,Low,SYNTHETIC_VN_REALISTIC
EQ00250,BLD016,Humidity Sensor,BMS,4,Panasonic,HUM-294,2026,0,Active,Low,SYNTHETIC_VN_REALISTIC
EQ00251,BLD016,Lighting Panel,Lighting,14,Mitsubishi,LIG-454,2025,364.7,Active,High,SYNTHETIC_VN_REALISTIC
EQ00252,BLD016,Transformer,Electrical,27,Carrier,TRA-582,2025,413.4,Active,Medium,SYNTHETIC_VN_REALISTIC
EQ00253,BLD017,Transformer,Electrical,6,Mitsubishi,TRA-377,2021,317.5,Standby,High,SYNTHETIC_VN_REALISTIC
EQ00254,BLD017,Fire Pump,Fire Safety,1,Schneider,FIR-711,2024,46.0,Active,High,SYNTHETIC_VN_REALISTIC
EQ00255,BLD017,AHU,HVAC,6,ABB,AHU-415,2026,178.5,Maintenance,Low,SYNTHETIC_VN_REALISTIC
EQ00256,BLD017,CO2 Sensor,BMS,10,Carrier,CO2-242,2018,0,Active,High,SYNTHETIC_VN_REALISTIC
EQ00257,BLD017,Water Pump,Plumbing,6,Trane,WAT-801,2020,444.5,Active,Medium,SYNTHETIC_VN_REALISTIC
EQ00258,BLD017,Lighting Panel,Lighting,3,LS Electric,LIG-902,2025,170.0,Maintenance,Low,SYNTHETIC_VN_REALISTIC
EQ00259,BLD017,Chiller,HVAC,3,Mitsubishi,CHI-453,2018,86.1,Maintenance,High,SYNTHETIC_VN_REALISTIC
EQ00260,BLD017,Lighting Panel,Lighting,10,Siemens,LIG-977,2025,82.1,Active,High,SYNTHETIC_VN_REALISTIC
EQ00261,BLD017,CO2 Sensor,BMS,5,Schneider,CO2-991,2026,0,Active,Low,SYNTHETIC_VN_REALISTIC
EQ00262,BLD017,Temperature Sensor,BMS,11,Grundfos,TEM-186,2026,0,Standby,High,SYNTHETIC_VN_REALISTIC
EQ00263,BLD017,Booster Pump,Plumbing,9,Siemens,BOO-896,2019,437.4,Standby,Medium,SYNTHETIC_VN_REALISTIC
EQ00264,BLD017,Fire Pump,Fire Safety,8,Carrier,FIR-711,2024,66.0,Active,Medium,SYNTHETIC_VN_REALISTIC
EQ00265,BLD017,Humidity Sensor,BMS,11,Trane,HUM-520,2018,0,Maintenance,Low,SYNTHETIC_VN_REALISTIC
EQ00266,BLD017,Fire Pump,Fire Safety,9,Toshiba,FIR-993,2019,170.7,Active,High,SYNTHETIC_VN_REALISTIC
EQ00267,BLD018,Temperature Sensor,BMS,26,Siemens,TEM-943,2019,0,Active,High,SYNTHETIC_VN_REALISTIC
EQ00268,BLD018,Booster Pump,Plumbing,3,Siemens,BOO-231,2023,238.1,Maintenance,High,SYNTHETIC_VN_REALISTIC
EQ00269,BLD018,Fire Pump,Fire Safety,2,ABB,FIR-591,2024,152.8,Active,High,SYNTHETIC_VN_REALISTIC
EQ00270,BLD018,Transformer,Electrical,12,Schneider,TRA-179,2018,98.5,Maintenance,High,SYNTHETIC_VN_REALISTIC
EQ00271,BLD018,Chiller,HVAC,11,Panasonic,CHI-899,2021,173.2,Standby,Low,SYNTHETIC_VN_REALISTIC
EQ00272,BLD018,Transformer,Electrical,14,LS Electric,TRA-891,2024,234.0,Active,High,SYNTHETIC_VN_REALISTIC
EQ00273,BLD018,Chiller,HVAC,21,ABB,CHI-368,2026,322.4,Active,Low,SYNTHETIC_VN_REALISTIC
EQ00274,BLD018,FCU,HVAC,13,Panasonic,FCU-106,2024,330.1,Active,High,SYNTHETIC_VN_REALISTIC
EQ00275,BLD018,Humidity Sensor,BMS,31,Trane,HUM-185,2023,0,Standby,Low,SYNTHETIC_VN_REALISTIC
EQ00276,BLD018,AHU,HVAC,17,Schneider,AHU-174,2026,246.3,Active,Medium,SYNTHETIC_VN_REALISTIC
EQ00277,BLD018,Generator,Electrical,12,Carrier,GEN-773,2024,245.7,Maintenance,Medium,SYNTHETIC_VN_REALISTIC
EQ00278,BLD019,Split AC,HVAC,2,Hitachi,SPL-278,2013,368.8,Maintenance,High,SYNTHETIC_VN_REALISTIC
EQ00279,BLD019,Chiller,HVAC,10,Grundfos,CHI-770,2026,76.1,Active,Medium,SYNTHETIC_VN_REALISTIC
EQ00280,BLD019,Generator,Electrical,11,Carrier,GEN-207,2011,268.0,Standby,High,SYNTHETIC_VN_REALISTIC
EQ00281,BLD019,CO2 Sensor,BMS,25,Toshiba,CO2-853,2014,0,Active,High,SYNTHETIC_VN_REALISTIC
EQ00282,BLD019,Lift,Vertical Transport,25,Siemens,LIF-858,2012,353.2,Maintenance,Low,SYNTHETIC_VN_REALISTIC
EQ00283,BLD019,CO2 Sensor,BMS,25,Grundfos,CO2-970,2020,0,Active,Low,SYNTHETIC_VN_REALISTIC
EQ00284,BLD019,MDB,Electrical,27,Trane,MDB-358,2010,441.6,Maintenance,High,SYNTHETIC_VN_REALISTIC
EQ00285,BLD019,CO2 Sensor,BMS,13,ABB,CO2-248,2012,0,Active,High,SYNTHETIC_VN_REALISTIC
EQ00286,BLD019,MDB,Electrical,22,Mitsubishi,MDB-873,2010,37.5,Active,High,SYNTHETIC_VN_REALISTIC
EQ00287,BLD019,AHU,HVAC,17,LS Electric,AHU-878,2014,204.9,Active,High,SYNTHETIC_VN_REALISTIC
EQ00288,BLD019,MDB,Electrical,15,Grundfos,MDB-384,2024,362.1,Active,High,SYNTHETIC_VN_REALISTIC
EQ00289,BLD019,AHU,HVAC,12,Daikin,AHU-116,2026,357.7,Active,Low,SYNTHETIC_VN_REALISTIC
EQ00290,BLD019,MDB,Electrical,20,ABB,MDB-797,2010,23.9,Active,Low,SYNTHETIC_VN_REALISTIC
EQ00291,BLD019,Lighting Panel,Lighting,22,Toshiba,LIG-109,2012,120.8,Active,Low,SYNTHETIC_VN_REALISTIC
EQ00292,BLD019,Humidity Sensor,BMS,19,Trane,HUM-461,2015,0,Active,High,SYNTHETIC_VN_REALISTIC
EQ00293,BLD019,FCU,HVAC,20,Panasonic,FCU-861,2020,310.4,Active,Low,SYNTHETIC_VN_REALISTIC
EQ00294,BLD019,Split AC,HVAC,25,Mitsubishi,SPL-803,2015,447.1,Maintenance,Medium,SYNTHETIC_VN_REALISTIC
EQ00295,BLD019,Chiller,HVAC,5,Panasonic,CHI-725,2021,323.0,Active,Low,SYNTHETIC_VN_REALISTIC
EQ00296,BLD019,Fire Pump,Fire Safety,3,Trane,FIR-887,2010,112.4,Active,Low,SYNTHETIC_VN_REALISTIC
EQ00297,BLD019,AHU,HVAC,7,LS Electric,AHU-467,2009,224.7,Active,Medium,SYNTHETIC_VN_REALISTIC
EQ00298,BLD020,Generator,Electrical,4,Grundfos,GEN-351,2018,279.1,Active,High,SYNTHETIC_VN_REALISTIC
EQ00299,BLD020,Cooling Tower,HVAC,Roof,Carrier,COO-222,2012,399.2,Active,High,SYNTHETIC_VN_REALISTIC
EQ00300,BLD020,Generator,Electrical,3,LS Electric,GEN-492,2015,407.1,Active,High,SYNTHETIC_VN_REALISTIC
EQ00301,BLD020,Lift,Vertical Transport,8,Panasonic,LIF-851,2010,100.1,Maintenance,High,SYNTHETIC_VN_REALISTIC
EQ00302,BLD020,Humidity Sensor,BMS,2,LS Electric,HUM-350,2020,0,Active,Medium,SYNTHETIC_VN_REALISTIC
EQ00303,BLD020,Generator,Electrical,10,Schneider,GEN-781,2019,394.5,Standby,Low,SYNTHETIC_VN_REALISTIC
EQ00304,BLD020,Temperature Sensor,BMS,9,Mitsubishi,TEM-194,2021,0,Maintenance,Low,SYNTHETIC_VN_REALISTIC
EQ00305,BLD020,Split AC,HVAC,1,Schneider,SPL-860,2012,19.2,Active,High,SYNTHETIC_VN_REALISTIC
EQ00306,BLD020,Water Pump,Plumbing,4,Schneider,WAT-682,2011,142.2,Active,High,SYNTHETIC_VN_REALISTIC
EQ00307,BLD020,MDB,Electrical,8,Mitsubishi,MDB-455,2020,55.9,Maintenance,High,SYNTHETIC_VN_REALISTIC
EQ00308,BLD021,Transformer,Electrical,15,Grundfos,TRA-387,2011,158.3,Active,Medium,SYNTHETIC_VN_REALISTIC
EQ00309,BLD021,Water Pump,Plumbing,24,LS Electric,WAT-368,2001,365.2,Standby,High,SYNTHETIC_VN_REALISTIC
EQ00310,BLD021,AHU,HVAC,2,Hitachi,AHU-578,2000,424.8,Active,High,SYNTHETIC_VN_REALISTIC
EQ00311,BLD021,Humidity Sensor,BMS,16,Schneider,HUM-200,2002,0,Active,High,SYNTHETIC_VN_REALISTIC
EQ00312,BLD021,Booster Pump,Plumbing,13,Schneider,BOO-539,2014,53.5,Active,High,SYNTHETIC_VN_REALISTIC
EQ00313,BLD021,Humidity Sensor,BMS,16,Panasonic,HUM-829,2021,0,Active,Medium,SYNTHETIC_VN_REALISTIC
EQ00314,BLD021,Lighting Panel,Lighting,18,Daikin,LIG-654,2025,327.0,Maintenance,Medium,SYNTHETIC_VN_REALISTIC
EQ00315,BLD021,Split AC,HVAC,15,Siemens,SPL-205,2012,216.0,Maintenance,High,SYNTHETIC_VN_REALISTIC
EQ00316,BLD021,Cooling Tower,HVAC,Roof,ABB,COO-703,2011,449.1,Active,Low,SYNTHETIC_VN_REALISTIC
EQ00317,BLD021,Fire Pump,Fire Safety,20,Panasonic,FIR-171,2013,415.8,Active,High,SYNTHETIC_VN_REALISTIC
EQ00318,BLD021,Temperature Sensor,BMS,4,Trane,TEM-683,2023,0,Standby,Medium,SYNTHETIC_VN_REALISTIC
EQ00319,BLD021,Water Pump,Plumbing,16,ABB,WAT-331,2014,129.7,Active,Low,SYNTHETIC_VN_REALISTIC
EQ00320,BLD021,Split AC,HVAC,6,Hitachi,SPL-834,2009,3.5,Active,High,SYNTHETIC_VN_REALISTIC
EQ00321,BLD021,Lift,Vertical Transport,23,Toshiba,LIF-945,2000,54.0,Active,Low,SYNTHETIC_VN_REALISTIC
EQ00322,BLD021,Water Pump,Plumbing,12,Panasonic,WAT-498,2000,160.8,Active,High,SYNTHETIC_VN_REALISTIC
EQ00323,BLD021,Generator,Electrical,17,Daikin,GEN-624,2020,356.7,Active,Medium,SYNTHETIC_VN_REALISTIC
EQ00324,BLD021,Transformer,Electrical,3,Toshiba,TRA-793,2025,223.8,Active,High,SYNTHETIC_VN_REALISTIC
EQ00325,BLD021,Booster Pump,Plumbing,3,ABB,BOO-564,2015,120.4,Active,High,SYNTHETIC_VN_REALISTIC
EQ00326,BLD021,FCU,HVAC,23,Panasonic,FCU-168,2009,68.3,Active,Low,SYNTHETIC_VN_REALISTIC
EQ00327,BLD021,Booster Pump,Plumbing,4,LS Electric,BOO-475,2024,318.9,Active,Medium,SYNTHETIC_VN_REALISTIC
EQ00328,BLD022,Split AC,HVAC,19,Daikin,SPL-379,2024,374.3,Active,High,SYNTHETIC_VN_REALISTIC
EQ00329,BLD022,Temperature Sensor,BMS,17,ABB,TEM-929,2020,0,Active,Medium,SYNTHETIC_VN_REALISTIC
EQ00330,BLD022,AHU,HVAC,8,Carrier,AHU-562,2026,76.7,Active,High,SYNTHETIC_VN_REALISTIC
EQ00331,BLD022,Water Pump,Plumbing,5,Grundfos,WAT-688,2011,16.8,Active,Low,SYNTHETIC_VN_REALISTIC
EQ00332,BLD022,Split AC,HVAC,11,Toshiba,SPL-158,2013,236.7,Active,High,SYNTHETIC_VN_REALISTIC
EQ00333,BLD022,Temperature Sensor,BMS,19,Trane,TEM-119,2011,0,Active,High,SYNTHETIC_VN_REALISTIC
EQ00334,BLD022,FCU,HVAC,11,LS Electric,FCU-921,2020,400.1,Active,Medium,SYNTHETIC_VN_REALISTIC
EQ00335,BLD022,Humidity Sensor,BMS,15,Trane,HUM-179,2015,0,Maintenance,Medium,SYNTHETIC_VN_REALISTIC
EQ00336,BLD022,FCU,HVAC,17,ABB,FCU-828,2011,301.7,Active,High,SYNTHETIC_VN_REALISTIC
EQ00337,BLD022,Water Pump,Plumbing,1,Carrier,WAT-663,2012,351.1,Active,Medium,SYNTHETIC_VN_REALISTIC
EQ00338,BLD022,Cooling Tower,HVAC,Roof,Carrier,COO-725,2015,282.3,Active,Low,SYNTHETIC_VN_REALISTIC
EQ00339,BLD022,AHU,HVAC,2,Mitsubishi,AHU-727,2021,283.1,Active,Medium,SYNTHETIC_VN_REALISTIC
EQ00340,BLD022,Fire Pump,Fire Safety,17,Grundfos,FIR-395,2012,150.8,Active,High,SYNTHETIC_VN_REALISTIC
EQ00341,BLD022,Water Pump,Plumbing,1,Trane,WAT-796,2025,9.5,Active,High,SYNTHETIC_VN_REALISTIC
EQ00342,BLD022,Generator,Electrical,16,Carrier,GEN-426,2014,340.2,Active,High,SYNTHETIC_VN_REALISTIC
EQ00343,BLD022,Chiller,HVAC,15,LS Electric,CHI-964,2023,191.6,Active,Medium,SYNTHETIC_VN_REALISTIC
EQ00344,BLD022,Water Pump,Plumbing,15,Schneider,WAT-455,2012,335.6,Active,Medium,SYNTHETIC_VN_REALISTIC
EQ00345,BLD022,Cooling Tower,HVAC,Roof,Daikin,COO-188,2018,279.0,Standby,Medium,SYNTHETIC_VN_REALISTIC
EQ00346,BLD022,Humidity Sensor,BMS,16,Hitachi,HUM-430,2011,0,Active,Low,SYNTHETIC_VN_REALISTIC
EQ00347,BLD022,Temperature Sensor,BMS,15,Panasonic,TEM-450,2017,0,Active,High,SYNTHETIC_VN_REALISTIC
EQ00348,BLD023,Cooling Tower,HVAC,Roof,Mitsubishi,COO-796,2013,48.5,Active,High,SYNTHETIC_VN_REALISTIC
EQ00349,BLD023,Water Pump,Plumbing,2,Siemens,WAT-128,1999,248.2,Standby,High,SYNTHETIC_VN_REALISTIC
EQ00350,BLD023,Booster Pump,Plumbing,6,Trane,BOO-790,2003,11.6,Active,Medium,SYNTHETIC_VN_REALISTIC
EQ00351,BLD023,Fire Pump,Fire Safety,12,Schneider,FIR-344,2015,148.9,Active,Low,SYNTHETIC_VN_REALISTIC
EQ00352,BLD023,MDB,Electrical,16,Siemens,MDB-936,2000,131.0,Active,High,SYNTHETIC_VN_REALISTIC
EQ00353,BLD023,Lighting Panel,Lighting,4,Carrier,LIG-843,2021,273.9,Active,High,SYNTHETIC_VN_REALISTIC
EQ00354,BLD023,Lift,Vertical Transport,7,Toshiba,LIF-682,2017,15.4,Active,Medium,SYNTHETIC_VN_REALISTIC
EQ00355,BLD023,FCU,HVAC,1,Siemens,FCU-404,2002,334.4,Active,Low,SYNTHETIC_VN_REALISTIC
EQ00356,BLD023,Fire Pump,Fire Safety,15,Hitachi,FIR-615,2007,195.1,Maintenance,High,SYNTHETIC_VN_REALISTIC
EQ00357,BLD023,CO2 Sensor,BMS,7,Panasonic,CO2-417,2003,0,Active,High,SYNTHETIC_VN_REALISTIC
EQ00358,BLD024,Lift,Vertical Transport,4,Siemens,LIF-170,2021,428.5,Active,High,SYNTHETIC_VN_REALISTIC
EQ00359,BLD024,Cooling Tower,HVAC,Roof,Carrier,COO-191,2023,335.5,Maintenance,High,SYNTHETIC_VN_REALISTIC
EQ00360,BLD024,Temperature Sensor,BMS,9,Toshiba,TEM-875,2019,0,Standby,High,SYNTHETIC_VN_REALISTIC
EQ00361,BLD024,Water Pump,Plumbing,8,ABB,WAT-950,2019,140.0,Active,Low,SYNTHETIC_VN_REALISTIC
EQ00362,BLD024,Split AC,HVAC,9,Grundfos,SPL-141,2019,205.8,Active,High,SYNTHETIC_VN_REALISTIC
EQ00363,BLD024,AHU,HVAC,10,LS Electric,AHU-840,2020,232.2,Active,High,SYNTHETIC_VN_REALISTIC
EQ00364,BLD024,Humidity Sensor,BMS,7,Grundfos,HUM-318,2023,0,Active,High,SYNTHETIC_VN_REALISTIC
EQ00365,BLD024,Lift,Vertical Transport,8,Panasonic,LIF-985,2022,189.5,Active,Medium,SYNTHETIC_VN_REALISTIC
EQ00366,BLD024,Lighting Panel,Lighting,4,Hitachi,LIG-968,2023,443.3,Standby,High,SYNTHETIC_VN_REALISTIC
EQ00367,BLD024,Temperature Sensor,BMS,8,Toshiba,TEM-248,2022,0,Active,High,SYNTHETIC_VN_REALISTIC
EQ00368,BLD024,Water Pump,Plumbing,8,Daikin,WAT-895,2025,213.2,Active,Medium,SYNTHETIC_VN_REALISTIC
EQ00369,BLD024,Fire Pump,Fire Safety,5,Siemens,FIR-272,2020,104.0,Active,Medium,SYNTHETIC_VN_REALISTIC
EQ00370,BLD024,Humidity Sensor,BMS,4,Toshiba,HUM-573,2023,0,Active,High,SYNTHETIC_VN_REALISTIC
EQ00371,BLD024,Transformer,Electrical,5,Trane,TRA-210,2024,79.7,Active,Low,SYNTHETIC_VN_REALISTIC
EQ00372,BLD024,Humidity Sensor,BMS,11,Trane,HUM-591,2024,0,Active,Low,SYNTHETIC_VN_REALISTIC
EQ00373,BLD024,Lift,Vertical Transport,3,Hitachi,LIF-628,2023,438.7,Standby,Low,SYNTHETIC_VN_REALISTIC
EQ00374,BLD025,Water Pump,Plumbing,17,Carrier,WAT-614,2020,93.9,Active,High,SYNTHETIC_VN_REALISTIC
EQ00375,BLD025,Split AC,HVAC,8,Grundfos,SPL-546,2021,43.3,Active,High,SYNTHETIC_VN_REALISTIC
EQ00376,BLD025,FCU,HVAC,1,Mitsubishi,FCU-496,2024,138.0,Maintenance,High,SYNTHETIC_VN_REALISTIC
EQ00377,BLD025,Lift,Vertical Transport,3,Daikin,LIF-131,2022,417.0,Standby,Low,SYNTHETIC_VN_REALISTIC
EQ00378,BLD025,Lift,Vertical Transport,4,ABB,LIF-859,2016,149.8,Maintenance,High,SYNTHETIC_VN_REALISTIC
EQ00379,BLD025,Fire Pump,Fire Safety,8,Grundfos,FIR-914,2022,418.3,Active,High,SYNTHETIC_VN_REALISTIC
EQ00380,BLD025,Chiller,HVAC,12,Toshiba,CHI-666,2020,69.3,Active,High,SYNTHETIC_VN_REALISTIC
EQ00381,BLD025,FCU,HVAC,4,ABB,FCU-846,2026,204.9,Standby,Low,SYNTHETIC_VN_REALISTIC
EQ00382,BLD025,Generator,Electrical,17,Trane,GEN-548,2024,36.7,Active,Low,SYNTHETIC_VN_REALISTIC
EQ00383,BLD025,Humidity Sensor,BMS,6,Siemens,HUM-561,2016,0,Standby,High,SYNTHETIC_VN_REALISTIC
EQ00384,BLD025,Cooling Tower,HVAC,Roof,Toshiba,COO-122,2024,184.4,Active,Medium,SYNTHETIC_VN_REALISTIC
EQ00385,BLD025,Temperature Sensor,BMS,5,Grundfos,TEM-812,2026,0,Active,Low,SYNTHETIC_VN_REALISTIC
EQ00386,BLD025,Cooling Tower,HVAC,Roof,Grundfos,COO-295,2024,117.3,Active,Medium,SYNTHETIC_VN_REALISTIC
EQ00387,BLD025,Booster Pump,Plumbing,4,Trane,BOO-262,2026,149.2,Active,High,SYNTHETIC_VN_REALISTIC
EQ00388,BLD026,Split AC,HVAC,21,Hitachi,SPL-346,2022,191.0,Standby,High,SYNTHETIC_VN_REALISTIC
EQ00389,BLD026,Generator,Electrical,24,ABB,GEN-616,2019,121.9,Active,Medium,SYNTHETIC_VN_REALISTIC
EQ00390,BLD026,Humidity Sensor,BMS,19,LS Electric,HUM-125,2026,0,Standby,High,SYNTHETIC_VN_REALISTIC
EQ00391,BLD026,Lift,Vertical Transport,22,Hitachi,LIF-173,2025,412.3,Active,Low,SYNTHETIC_VN_REALISTIC
EQ00392,BLD026,Water Pump,Plumbing,21,Toshiba,WAT-213,2020,354.2,Active,High,SYNTHETIC_VN_REALISTIC
EQ00393,BLD026,MDB,Electrical,25,LS Electric,MDB-497,2026,219.0,Active,High,SYNTHETIC_VN_REALISTIC
EQ00394,BLD026,AHU,HVAC,25,Mitsubishi,AHU-699,2023,132.9,Active,High,SYNTHETIC_VN_REALISTIC
EQ00395,BLD026,Lighting Panel,Lighting,30,Carrier,LIG-919,2021,344.1,Active,High,SYNTHETIC_VN_REALISTIC
EQ00396,BLD026,FCU,HVAC,24,Mitsubishi,FCU-612,2022,281.0,Active,High,SYNTHETIC_VN_REALISTIC
EQ00397,BLD026,Chiller,HVAC,4,Siemens,CHI-428,2023,181.1,Standby,Medium,SYNTHETIC_VN_REALISTIC
EQ00398,BLD026,Generator,Electrical,12,LS Electric,GEN-141,2024,228.6,Active,High,SYNTHETIC_VN_REALISTIC
EQ00399,BLD026,AHU,HVAC,21,Grundfos,AHU-196,2025,388.9,Active,High,SYNTHETIC_VN_REALISTIC
EQ00400,BLD026,AHU,HVAC,27,LS Electric,AHU-449,2025,253.3,Maintenance,Medium,SYNTHETIC_VN_REALISTIC
EQ00401,BLD026,Water Pump,Plumbing,7,Carrier,WAT-804,2025,196.8,Maintenance,High,SYNTHETIC_VN_REALISTIC
EQ00402,BLD026,Generator,Electrical,20,Siemens,GEN-624,2020,65.4,Active,Medium,SYNTHETIC_VN_REALISTIC
EQ00403,BLD026,Lighting Panel,Lighting,30,Daikin,LIG-209,2021,101.9,Maintenance,High,SYNTHETIC_VN_REALISTIC
EQ00404,BLD027,FCU,HVAC,13,Grundfos,FCU-640,2025,91.2,Active,High,SYNTHETIC_VN_REALISTIC
EQ00405,BLD027,Generator,Electrical,1,Carrier,GEN-753,2012,393.2,Active,High,SYNTHETIC_VN_REALISTIC
EQ00406,BLD027,Generator,Electrical,16,Daikin,GEN-396,2024,397.7,Active,High,SYNTHETIC_VN_REALISTIC
EQ00407,BLD027,Lift,Vertical Transport,5,Carrier,LIF-919,2016,241.9,Active,High,SYNTHETIC_VN_REALISTIC
EQ00408,BLD027,Booster Pump,Plumbing,8,Toshiba,BOO-222,2015,424.5,Active,High,SYNTHETIC_VN_REALISTIC
EQ00409,BLD027,FCU,HVAC,4,Panasonic,FCU-251,2018,298.2,Active,Low,SYNTHETIC_VN_REALISTIC
EQ00410,BLD027,FCU,HVAC,1,Siemens,FCU-943,2012,228.7,Standby,Low,SYNTHETIC_VN_REALISTIC
EQ00411,BLD027,Generator,Electrical,2,Schneider,GEN-972,2024,135.5,Standby,High,SYNTHETIC_VN_REALISTIC
EQ00412,BLD027,MDB,Electrical,5,LS Electric,MDB-662,2019,350.9,Active,High,SYNTHETIC_VN_REALISTIC
EQ00413,BLD027,Lift,Vertical Transport,14,Daikin,LIF-780,2018,342.7,Active,High,SYNTHETIC_VN_REALISTIC
EQ00414,BLD027,Fire Pump,Fire Safety,17,Panasonic,FIR-108,2020,348.9,Maintenance,High,SYNTHETIC_VN_REALISTIC
EQ00415,BLD028,MDB,Electrical,1,Trane,MDB-708,2017,351.3,Active,High,SYNTHETIC_VN_REALISTIC
EQ00416,BLD028,Generator,Electrical,14,Siemens,GEN-316,2023,429.9,Standby,High,SYNTHETIC_VN_REALISTIC
EQ00417,BLD028,CO2 Sensor,BMS,13,Grundfos,CO2-585,2022,0,Active,Low,SYNTHETIC_VN_REALISTIC
EQ00418,BLD028,Generator,Electrical,17,Toshiba,GEN-460,2007,51.7,Maintenance,High,SYNTHETIC_VN_REALISTIC
EQ00419,BLD028,Water Pump,Plumbing,3,Carrier,WAT-152,2024,275.2,Standby,High,SYNTHETIC_VN_REALISTIC
EQ00420,BLD028,Temperature Sensor,BMS,8,Schneider,TEM-106,2019,0,Standby,High,SYNTHETIC_VN_REALISTIC
EQ00421,BLD028,Humidity Sensor,BMS,6,Trane,HUM-963,2005,0,Active,High,SYNTHETIC_VN_REALISTIC
EQ00422,BLD028,AHU,HVAC,20,Grundfos,AHU-481,2011,50.1,Active,Low,SYNTHETIC_VN_REALISTIC
EQ00423,BLD028,AHU,HVAC,15,Daikin,AHU-708,2023,307.6,Active,Low,SYNTHETIC_VN_REALISTIC
EQ00424,BLD028,Temperature Sensor,BMS,8,Carrier,TEM-418,2022,0,Active,Medium,SYNTHETIC_VN_REALISTIC
EQ00425,BLD028,Chiller,HVAC,22,Toshiba,CHI-368,2026,370.9,Active,Medium,SYNTHETIC_VN_REALISTIC
EQ00426,BLD028,Water Pump,Plumbing,10,LS Electric,WAT-842,2009,316.9,Active,High,SYNTHETIC_VN_REALISTIC
EQ00427,BLD028,Lighting Panel,Lighting,9,Panasonic,LIG-768,2026,363.5,Active,Low,SYNTHETIC_VN_REALISTIC
EQ00428,BLD028,AHU,HVAC,16,Toshiba,AHU-209,2025,27.2,Active,Medium,SYNTHETIC_VN_REALISTIC
EQ00429,BLD028,Temperature Sensor,BMS,4,Mitsubishi,TEM-343,2004,0,Active,High,SYNTHETIC_VN_REALISTIC
EQ00430,BLD028,Transformer,Electrical,24,ABB,TRA-354,2005,385.1,Active,Medium,SYNTHETIC_VN_REALISTIC
EQ00431,BLD028,Lighting Panel,Lighting,20,Schneider,LIG-931,2012,67.7,Active,Medium,SYNTHETIC_VN_REALISTIC
EQ00432,BLD028,Humidity Sensor,BMS,14,Grundfos,HUM-306,2015,0,Active,High,SYNTHETIC_VN_REALISTIC
EQ00433,BLD028,AHU,HVAC,1,Schneider,AHU-209,2025,134.3,Active,Medium,SYNTHETIC_VN_REALISTIC
EQ00434,BLD028,Humidity Sensor,BMS,12,Grundfos,HUM-234,2019,0,Active,Low,SYNTHETIC_VN_REALISTIC
EQ00435,BLD028,CO2 Sensor,BMS,12,Toshiba,CO2-228,2014,0,Maintenance,Medium,SYNTHETIC_VN_REALISTIC
EQ00436,BLD029,CO2 Sensor,BMS,23,Siemens,CO2-279,2026,0,Maintenance,Medium,SYNTHETIC_VN_REALISTIC
EQ00437,BLD029,Water Pump,Plumbing,27,Grundfos,WAT-856,2026,55.4,Active,High,SYNTHETIC_VN_REALISTIC
EQ00438,BLD029,Water Pump,Plumbing,3,Panasonic,WAT-907,2026,252.8,Maintenance,Medium,SYNTHETIC_VN_REALISTIC
EQ00439,BLD029,AHU,HVAC,3,ABB,AHU-179,2026,238.5,Active,Low,SYNTHETIC_VN_REALISTIC
EQ00440,BLD029,FCU,HVAC,15,LS Electric,FCU-273,2026,257.0,Maintenance,Medium,SYNTHETIC_VN_REALISTIC
EQ00441,BLD029,Water Pump,Plumbing,32,Trane,WAT-233,2026,383.2,Active,Low,SYNTHETIC_VN_REALISTIC
EQ00442,BLD029,AHU,HVAC,16,ABB,AHU-342,2026,0.7,Active,High,SYNTHETIC_VN_REALISTIC
EQ00443,BLD029,AHU,HVAC,13,Siemens,AHU-285,2026,248.0,Active,High,SYNTHETIC_VN_REALISTIC
EQ00444,BLD029,Lift,Vertical Transport,7,ABB,LIF-602,2026,349.6,Active,High,SYNTHETIC_VN_REALISTIC
EQ00445,BLD029,Booster Pump,Plumbing,13,Trane,BOO-199,2026,421.8,Active,High,SYNTHETIC_VN_REALISTIC
EQ00446,BLD029,Split AC,HVAC,32,Schneider,SPL-242,2026,259.2,Maintenance,High,SYNTHETIC_VN_REALISTIC
EQ00447,BLD029,Water Pump,Plumbing,15,ABB,WAT-472,2026,41.7,Active,High,SYNTHETIC_VN_REALISTIC
EQ00448,BLD029,Transformer,Electrical,25,Schneider,TRA-154,2026,175.4,Maintenance,Medium,SYNTHETIC_VN_REALISTIC
EQ00449,BLD029,Lift,Vertical Transport,22,Siemens,LIF-810,2026,275.9,Standby,Low,SYNTHETIC_VN_REALISTIC
EQ00450,BLD029,Fire Pump,Fire Safety,2,Carrier,FIR-334,2026,161.7,Active,High,SYNTHETIC_VN_REALISTIC
EQ00451,BLD029,Humidity Sensor,BMS,33,Trane,HUM-253,2026,0,Active,High,SYNTHETIC_VN_REALISTIC
EQ00452,BLD029,AHU,HVAC,26,Carrier,AHU-983,2026,118.5,Active,Low,SYNTHETIC_VN_REALISTIC
EQ00453,BLD029,AHU,HVAC,12,Mitsubishi,AHU-681,2026,280.6,Active,Low,SYNTHETIC_VN_REALISTIC
EQ00454,BLD029,AHU,HVAC,19,Schneider,AHU-695,2026,215.8,Active,High,SYNTHETIC_VN_REALISTIC
EQ00455,BLD029,Lighting Panel,Lighting,33,Trane,LIG-970,2026,34.6,Active,Low,SYNTHETIC_VN_REALISTIC
EQ00456,BLD030,Lift,Vertical Transport,11,Mitsubishi,LIF-941,2026,189.3,Active,High,SYNTHETIC_VN_REALISTIC
EQ00457,BLD030,Humidity Sensor,BMS,15,Carrier,HUM-714,2026,0,Active,High,SYNTHETIC_VN_REALISTIC
EQ00458,BLD030,AHU,HVAC,4,Daikin,AHU-869,2026,419.4,Active,Medium,SYNTHETIC_VN_REALISTIC
EQ00459,BLD030,Temperature Sensor,BMS,7,Mitsubishi,TEM-815,2026,0,Active,High,SYNTHETIC_VN_REALISTIC
EQ00460,BLD030,Humidity Sensor,BMS,14,Toshiba,HUM-249,2026,0,Standby,Medium,SYNTHETIC_VN_REALISTIC
EQ00461,BLD030,Cooling Tower,HVAC,Roof,Grundfos,COO-778,2026,39.7,Active,High,SYNTHETIC_VN_REALISTIC
EQ00462,BLD030,Booster Pump,Plumbing,15,Daikin,BOO-740,2026,164.7,Active,Low,SYNTHETIC_VN_REALISTIC
EQ00463,BLD030,Transformer,Electrical,11,Trane,TRA-452,2026,52.8,Active,Low,SYNTHETIC_VN_REALISTIC
EQ00464,BLD030,Humidity Sensor,BMS,4,Toshiba,HUM-483,2026,0,Standby,High,SYNTHETIC_VN_REALISTIC
EQ00465,BLD030,FCU,HVAC,5,Panasonic,FCU-299,2026,415.9,Active,Medium,SYNTHETIC_VN_REALISTIC
EQ00466,BLD030,Transformer,Electrical,11,Daikin,TRA-352,2026,97.0,Active,Medium,SYNTHETIC_VN_REALISTIC
EQ00467,BLD030,Booster Pump,Plumbing,5,Carrier,BOO-174,2026,26.2,Standby,High,SYNTHETIC_VN_REALISTIC
EQ00468,BLD030,Cooling Tower,HVAC,Roof,Mitsubishi,COO-175,2026,270.2,Active,High,SYNTHETIC_VN_REALISTIC
EQ00469,BLD030,AHU,HVAC,7,Grundfos,AHU-113,2026,69.1,Standby,High,SYNTHETIC_VN_REALISTIC
EQ00470,BLD030,Cooling Tower,HVAC,Roof,Carrier,COO-128,2026,407.6,Standby,Medium,SYNTHETIC_VN_REALISTIC
EQ00471,BLD030,MDB,Electrical,6,Trane,MDB-764,2026,285.4,Active,Medium,SYNTHETIC_VN_REALISTIC
EQ00472,BLD030,Cooling Tower,HVAC,Roof,Siemens,COO-925,2026,46.4,Standby,High,SYNTHETIC_VN_REALISTIC
EQ00473,BLD030,Water Pump,Plumbing,15,Hitachi,WAT-162,2026,161.4,Active,Low,SYNTHETIC_VN_REALISTIC
EQ00474,BLD030,AHU,HVAC,1,Panasonic,AHU-664,2026,295.8,Active,High,SYNTHETIC_VN_REALISTIC
EQ00475,BLD030,CO2 Sensor,BMS,9,LS Electric,CO2-836,2026,0,Standby,Medium,SYNTHETIC_VN_REALISTIC
EQ00476,BLD030,Chiller,HVAC,13,Siemens,CHI-434,2026,157.6,Active,High,SYNTHETIC_VN_REALISTIC
EQ00477,BLD030,Fire Pump,Fire Safety,4,Panasonic,FIR-798,2026,130.0,Active,Medium,SYNTHETIC_VN_REALISTIC
EQ00478,BLD031,Generator,Electrical,10,Daikin,GEN-991,2015,145.7,Active,High,SYNTHETIC_VN_REALISTIC
EQ00479,BLD031,Humidity Sensor,BMS,2,Grundfos,HUM-579,2026,0,Standby,High,SYNTHETIC_VN_REALISTIC
EQ00480,BLD031,AHU,HVAC,6,Toshiba,AHU-493,2014,402.0,Active,Medium,SYNTHETIC_VN_REALISTIC
EQ00481,BLD031,Transformer,Electrical,1,Daikin,TRA-634,2015,305.6,Active,Medium,SYNTHETIC_VN_REALISTIC
EQ00482,BLD031,Fire Pump,Fire Safety,6,Grundfos,FIR-375,2020,228.9,Active,Low,SYNTHETIC_VN_REALISTIC
EQ00483,BLD031,Fire Pump,Fire Safety,6,ABB,FIR-542,2014,165.5,Standby,Low,SYNTHETIC_VN_REALISTIC
EQ00484,BLD031,Cooling Tower,HVAC,Roof,Panasonic,COO-572,2014,420.0,Active,Low,SYNTHETIC_VN_REALISTIC
EQ00485,BLD031,Humidity Sensor,BMS,5,Carrier,HUM-763,2016,0,Active,High,SYNTHETIC_VN_REALISTIC
EQ00486,BLD031,Chiller,HVAC,1,Mitsubishi,CHI-776,2017,339.1,Active,Low,SYNTHETIC_VN_REALISTIC
EQ00487,BLD031,AHU,HVAC,4,Trane,AHU-616,2017,350.2,Active,High,SYNTHETIC_VN_REALISTIC
EQ00488,BLD031,MDB,Electrical,7,Mitsubishi,MDB-761,2023,407.7,Active,High,SYNTHETIC_VN_REALISTIC
EQ00489,BLD031,Transformer,Electrical,7,Trane,TRA-804,2017,390.1,Active,Low,SYNTHETIC_VN_REALISTIC
EQ00490,BLD031,CO2 Sensor,BMS,2,Siemens,CO2-111,2024,0,Active,High,SYNTHETIC_VN_REALISTIC
EQ00491,BLD031,Lift,Vertical Transport,7,Panasonic,LIF-544,2019,277.8,Active,Low,SYNTHETIC_VN_REALISTIC
EQ00492,BLD031,MDB,Electrical,3,Panasonic,MDB-799,2016,373.1,Active,High,SYNTHETIC_VN_REALISTIC
EQ00493,BLD031,Transformer,Electrical,4,Grundfos,TRA-278,2018,392.0,Standby,Medium,SYNTHETIC_VN_REALISTIC
EQ00494,BLD032,Chiller,HVAC,6,Grundfos,CHI-873,2024,327.1,Active,Low,SYNTHETIC_VN_REALISTIC
EQ00495,BLD032,MDB,Electrical,1,Toshiba,MDB-208,2024,101.5,Maintenance,Medium,SYNTHETIC_VN_REALISTIC
EQ00496,BLD032,Water Pump,Plumbing,14,Hitachi,WAT-912,2026,73.5,Active,Medium,SYNTHETIC_VN_REALISTIC
EQ00497,BLD032,CO2 Sensor,BMS,16,Grundfos,CO2-470,2026,0,Active,High,SYNTHETIC_VN_REALISTIC
EQ00498,BLD032,Cooling Tower,HVAC,Roof,Hitachi,COO-147,2025,263.9,Active,Low,SYNTHETIC_VN_REALISTIC
EQ00499,BLD032,Lift,Vertical Transport,22,Daikin,LIF-627,2024,419.2,Active,Medium,SYNTHETIC_VN_REALISTIC
EQ00500,BLD032,CO2 Sensor,BMS,20,Hitachi,CO2-509,2024,0,Active,High,SYNTHETIC_VN_REALISTIC
EQ00501,BLD032,CO2 Sensor,BMS,18,Schneider,CO2-647,2025,0,Active,Low,SYNTHETIC_VN_REALISTIC
EQ00502,BLD032,AHU,HVAC,2,Panasonic,AHU-875,2024,267.0,Active,Medium,SYNTHETIC_VN_REALISTIC
EQ00503,BLD032,Lift,Vertical Transport,2,Grundfos,LIF-307,2026,364.1,Active,Medium,SYNTHETIC_VN_REALISTIC
EQ00504,BLD033,Lift,Vertical Transport,25,LS Electric,LIF-681,2017,363.2,Active,High,SYNTHETIC_VN_REALISTIC
EQ00505,BLD033,Temperature Sensor,BMS,18,Hitachi,TEM-195,2020,0,Active,High,SYNTHETIC_VN_REALISTIC
EQ00506,BLD033,AHU,HVAC,3,Panasonic,AHU-641,2017,133.6,Maintenance,Medium,SYNTHETIC_VN_REALISTIC
EQ00507,BLD033,AHU,HVAC,8,Hitachi,AHU-321,2026,246.5,Standby,Medium,SYNTHETIC_VN_REALISTIC
EQ00508,BLD033,FCU,HVAC,33,ABB,FCU-788,2024,383.9,Maintenance,High,SYNTHETIC_VN_REALISTIC
EQ00509,BLD033,CO2 Sensor,BMS,19,Panasonic,CO2-698,2023,0,Active,Low,SYNTHETIC_VN_REALISTIC
EQ00510,BLD033,Chiller,HVAC,23,Panasonic,CHI-818,2023,73.5,Standby,Medium,SYNTHETIC_VN_REALISTIC
EQ00511,BLD033,Temperature Sensor,BMS,12,Schneider,TEM-751,2024,0,Active,Medium,SYNTHETIC_VN_REALISTIC
EQ00512,BLD033,Temperature Sensor,BMS,14,Toshiba,TEM-288,2024,0,Active,High,SYNTHETIC_VN_REALISTIC
EQ00513,BLD033,FCU,HVAC,3,Siemens,FCU-249,2017,239.4,Active,High,SYNTHETIC_VN_REALISTIC
EQ00514,BLD033,Split AC,HVAC,6,Carrier,SPL-571,2024,296.3,Maintenance,Low,SYNTHETIC_VN_REALISTIC
EQ00515,BLD033,Humidity Sensor,BMS,30,ABB,HUM-714,2023,0,Maintenance,Low,SYNTHETIC_VN_REALISTIC
EQ00516,BLD034,Humidity Sensor,BMS,2,Toshiba,HUM-681,2021,0,Maintenance,Medium,SYNTHETIC_VN_REALISTIC
EQ00517,BLD034,Lift,Vertical Transport,4,ABB,LIF-220,2026,285.4,Maintenance,Medium,SYNTHETIC_VN_REALISTIC
EQ00518,BLD034,FCU,HVAC,19,Carrier,FCU-402,2024,308.8,Active,Low,SYNTHETIC_VN_REALISTIC
EQ00519,BLD034,Split AC,HVAC,3,Hitachi,SPL-429,2020,321.8,Standby,Medium,SYNTHETIC_VN_REALISTIC
EQ00520,BLD034,Booster Pump,Plumbing,14,ABB,BOO-727,2002,403.1,Maintenance,Low,SYNTHETIC_VN_REALISTIC
EQ00521,BLD034,Fire Pump,Fire Safety,19,Siemens,FIR-399,2015,49.4,Active,Low,SYNTHETIC_VN_REALISTIC
EQ00522,BLD034,CO2 Sensor,BMS,19,ABB,CO2-653,2000,0,Active,Medium,SYNTHETIC_VN_REALISTIC
EQ00523,BLD034,Chiller,HVAC,14,Siemens,CHI-318,2021,234.8,Active,High,SYNTHETIC_VN_REALISTIC
EQ00524,BLD034,Chiller,HVAC,8,Panasonic,CHI-775,2005,32.6,Active,Low,SYNTHETIC_VN_REALISTIC
EQ00525,BLD034,AHU,HVAC,14,Mitsubishi,AHU-445,2021,336.5,Maintenance,High,SYNTHETIC_VN_REALISTIC
EQ00526,BLD034,Lift,Vertical Transport,4,Schneider,LIF-663,2002,189.0,Maintenance,High,SYNTHETIC_VN_REALISTIC
EQ00527,BLD034,Booster Pump,Plumbing,13,Grundfos,BOO-461,2025,332.8,Active,Medium,SYNTHETIC_VN_REALISTIC
EQ00528,BLD034,Transformer,Electrical,12,LS Electric,TRA-640,2004,170.0,Active,High,SYNTHETIC_VN_REALISTIC
EQ00529,BLD034,MDB,Electrical,15,Toshiba,MDB-771,2017,155.3,Maintenance,High,SYNTHETIC_VN_REALISTIC
EQ00530,BLD034,Humidity Sensor,BMS,5,Daikin,HUM-259,2006,0,Maintenance,High,SYNTHETIC_VN_REALISTIC
EQ00531,BLD034,MDB,Electrical,6,Grundfos,MDB-837,2015,150.7,Active,Medium,SYNTHETIC_VN_REALISTIC
EQ00532,BLD034,CO2 Sensor,BMS,18,Daikin,CO2-414,2019,0,Maintenance,High,SYNTHETIC_VN_REALISTIC
EQ00533,BLD034,CO2 Sensor,BMS,12,Panasonic,CO2-271,2021,0,Active,Medium,SYNTHETIC_VN_REALISTIC
EQ00534,BLD034,Generator,Electrical,7,Carrier,GEN-541,2019,382.8,Active,Medium,SYNTHETIC_VN_REALISTIC
EQ00535,BLD035,Booster Pump,Plumbing,2,LS Electric,BOO-813,2012,269.7,Active,Medium,SYNTHETIC_VN_REALISTIC
EQ00536,BLD035,CO2 Sensor,BMS,7,LS Electric,CO2-209,2017,0,Active,Medium,SYNTHETIC_VN_REALISTIC
EQ00537,BLD035,Lift,Vertical Transport,19,Hitachi,LIF-129,2012,361.9,Active,Medium,SYNTHETIC_VN_REALISTIC
EQ00538,BLD035,Temperature Sensor,BMS,27,Schneider,TEM-842,2022,0,Active,High,SYNTHETIC_VN_REALISTIC
EQ00539,BLD035,AHU,HVAC,22,Siemens,AHU-919,2022,368.0,Active,Medium,SYNTHETIC_VN_REALISTIC
EQ00540,BLD035,Temperature Sensor,BMS,26,Daikin,TEM-461,2015,0,Active,High,SYNTHETIC_VN_REALISTIC
EQ00541,BLD035,Cooling Tower,HVAC,Roof,Grundfos,COO-577,2025,83.8,Active,Medium,SYNTHETIC_VN_REALISTIC
EQ00542,BLD035,Lift,Vertical Transport,22,Panasonic,LIF-966,2023,139.1,Standby,Low,SYNTHETIC_VN_REALISTIC
EQ00543,BLD035,Chiller,HVAC,4,Siemens,CHI-507,2021,436.1,Active,Low,SYNTHETIC_VN_REALISTIC
EQ00544,BLD035,Transformer,Electrical,31,Mitsubishi,TRA-688,2024,203.9,Active,Low,SYNTHETIC_VN_REALISTIC
EQ00545,BLD035,CO2 Sensor,BMS,2,LS Electric,CO2-297,2016,0,Active,High,SYNTHETIC_VN_REALISTIC
EQ00546,BLD036,FCU,HVAC,13,Toshiba,FCU-761,2025,252.0,Active,High,SYNTHETIC_VN_REALISTIC
EQ00547,BLD036,Chiller,HVAC,10,Toshiba,CHI-569,2022,68.3,Active,High,SYNTHETIC_VN_REALISTIC
EQ00548,BLD036,FCU,HVAC,22,Hitachi,FCU-895,2025,131.0,Active,Medium,SYNTHETIC_VN_REALISTIC
EQ00549,BLD036,Cooling Tower,HVAC,Roof,Schneider,COO-290,2019,304.9,Active,High,SYNTHETIC_VN_REALISTIC
EQ00550,BLD036,MDB,Electrical,6,Carrier,MDB-656,2023,285.4,Maintenance,High,SYNTHETIC_VN_REALISTIC
EQ00551,BLD036,Water Pump,Plumbing,21,Toshiba,WAT-436,2021,154.6,Active,Low,SYNTHETIC_VN_REALISTIC
EQ00552,BLD036,Lighting Panel,Lighting,13,Daikin,LIG-468,2022,88.1,Maintenance,Medium,SYNTHETIC_VN_REALISTIC
EQ00553,BLD036,Humidity Sensor,BMS,4,Trane,HUM-225,2023,0,Maintenance,High,SYNTHETIC_VN_REALISTIC
EQ00554,BLD036,Chiller,HVAC,17,Mitsubishi,CHI-920,2026,284.9,Standby,Medium,SYNTHETIC_VN_REALISTIC
EQ00555,BLD036,Booster Pump,Plumbing,21,Siemens,BOO-523,2020,222.5,Standby,High,SYNTHETIC_VN_REALISTIC
EQ00556,BLD036,AHU,HVAC,18,Hitachi,AHU-247,2025,10.2,Active,Medium,SYNTHETIC_VN_REALISTIC
EQ00557,BLD036,Lighting Panel,Lighting,10,Schneider,LIG-337,2024,356.7,Standby,High,SYNTHETIC_VN_REALISTIC
EQ00558,BLD036,Water Pump,Plumbing,13,LS Electric,WAT-135,2023,376.2,Maintenance,High,SYNTHETIC_VN_REALISTIC
EQ00559,BLD036,Transformer,Electrical,11,Carrier,TRA-609,2022,420.4,Active,Medium,SYNTHETIC_VN_REALISTIC
EQ00560,BLD037,AHU,HVAC,6,ABB,AHU-888,2011,218.8,Active,High,SYNTHETIC_VN_REALISTIC
EQ00561,BLD037,Booster Pump,Plumbing,17,Hitachi,BOO-415,2007,58.7,Active,Low,SYNTHETIC_VN_REALISTIC
EQ00562,BLD037,AHU,HVAC,11,Carrier,AHU-900,2004,111.5,Active,Medium,SYNTHETIC_VN_REALISTIC
EQ00563,BLD037,Split AC,HVAC,5,Grundfos,SPL-228,2011,270.6,Active,High,SYNTHETIC_VN_REALISTIC
EQ00564,BLD037,CO2 Sensor,BMS,8,Trane,CO2-612,2024,0,Active,Low,SYNTHETIC_VN_REALISTIC
EQ00565,BLD037,Temperature Sensor,BMS,12,Siemens,TEM-474,2018,0,Active,High,SYNTHETIC_VN_REALISTIC
EQ00566,BLD037,Chiller,HVAC,1,Schneider,CHI-944,2011,304.0,Active,High,SYNTHETIC_VN_REALISTIC
EQ00567,BLD037,MDB,Electrical,11,Schneider,MDB-584,2008,413.7,Active,High,SYNTHETIC_VN_REALISTIC
EQ00568,BLD037,Water Pump,Plumbing,18,LS Electric,WAT-522,2017,18.7,Maintenance,High,SYNTHETIC_VN_REALISTIC
EQ00569,BLD037,AHU,HVAC,1,Grundfos,AHU-589,2006,104.8,Standby,Low,SYNTHETIC_VN_REALISTIC
EQ00570,BLD037,CO2 Sensor,BMS,9,Toshiba,CO2-815,2023,0,Maintenance,High,SYNTHETIC_VN_REALISTIC
EQ00571,BLD037,Fire Pump,Fire Safety,9,Panasonic,FIR-605,2005,1.1,Standby,High,SYNTHETIC_VN_REALISTIC
EQ00572,BLD037,Humidity Sensor,BMS,15,Siemens,HUM-670,2011,0,Active,High,SYNTHETIC_VN_REALISTIC
EQ00573,BLD037,Cooling Tower,HVAC,Roof,Mitsubishi,COO-879,2018,51.8,Active,High,SYNTHETIC_VN_REALISTIC
EQ00574,BLD037,Cooling Tower,HVAC,Roof,Mitsubishi,COO-317,2019,262.6,Active,Low,SYNTHETIC_VN_REALISTIC
EQ00575,BLD037,Fire Pump,Fire Safety,3,ABB,FIR-296,2012,96.7,Active,High,SYNTHETIC_VN_REALISTIC
EQ00576,BLD037,Humidity Sensor,BMS,16,Daikin,HUM-521,2016,0,Active,High,SYNTHETIC_VN_REALISTIC
EQ00577,BLD037,Transformer,Electrical,10,Schneider,TRA-786,2011,141.8,Active,Low,SYNTHETIC_VN_REALISTIC
EQ00578,BLD037,Cooling Tower,HVAC,Roof,Trane,COO-577,2008,297.2,Active,Medium,SYNTHETIC_VN_REALISTIC
EQ00579,BLD037,Transformer,Electrical,6,ABB,TRA-587,2014,95.6,Active,Medium,SYNTHETIC_VN_REALISTIC
EQ00580,BLD037,FCU,HVAC,19,Toshiba,FCU-934,2016,334.9,Active,High,SYNTHETIC_VN_REALISTIC
EQ00581,BLD038,Lift,Vertical Transport,2,Toshiba,LIF-550,2024,181.1,Active,High,SYNTHETIC_VN_REALISTIC
EQ00582,BLD038,Humidity Sensor,BMS,5,Daikin,HUM-719,2026,0,Maintenance,Medium,SYNTHETIC_VN_REALISTIC
EQ00583,BLD038,Generator,Electrical,4,Schneider,GEN-386,2024,411.4,Standby,Low,SYNTHETIC_VN_REALISTIC
EQ00584,BLD038,Humidity Sensor,BMS,1,Mitsubishi,HUM-551,2024,0,Active,Medium,SYNTHETIC_VN_REALISTIC
EQ00585,BLD038,Chiller,HVAC,1,Toshiba,CHI-545,2024,231.8,Active,Low,SYNTHETIC_VN_REALISTIC
EQ00586,BLD038,Cooling Tower,HVAC,Roof,Daikin,COO-175,2024,17.2,Standby,High,SYNTHETIC_VN_REALISTIC
EQ00587,BLD038,CO2 Sensor,BMS,6,Daikin,CO2-353,2026,0,Active,High,SYNTHETIC_VN_REALISTIC
EQ00588,BLD038,AHU,HVAC,5,Hitachi,AHU-164,2026,341.2,Maintenance,High,SYNTHETIC_VN_REALISTIC
EQ00589,BLD038,AHU,HVAC,1,Mitsubishi,AHU-809,2023,53.2,Active,Low,SYNTHETIC_VN_REALISTIC
EQ00590,BLD038,Temperature Sensor,BMS,3,Toshiba,TEM-958,2024,0,Active,High,SYNTHETIC_VN_REALISTIC
EQ00591,BLD038,Split AC,HVAC,6,Daikin,SPL-131,2023,254.5,Standby,Low,SYNTHETIC_VN_REALISTIC
EQ00592,BLD038,FCU,HVAC,2,LS Electric,FCU-904,2025,200.0,Active,High,SYNTHETIC_VN_REALISTIC
EQ00593,BLD038,FCU,HVAC,2,Siemens,FCU-992,2026,275.9,Active,High,SYNTHETIC_VN_REALISTIC
EQ00594,BLD038,Chiller,HVAC,6,Panasonic,CHI-975,2026,437.6,Active,High,SYNTHETIC_VN_REALISTIC
EQ00595,BLD038,Lighting Panel,Lighting,5,Toshiba,LIG-351,2024,389.3,Active,High,SYNTHETIC_VN_REALISTIC
EQ00596,BLD038,Lift,Vertical Transport,3,ABB,LIF-665,2026,148.9,Active,Medium,SYNTHETIC_VN_REALISTIC
EQ00597,BLD038,Split AC,HVAC,1,Daikin,SPL-393,2026,208.7,Active,High,SYNTHETIC_VN_REALISTIC
EQ00598,BLD039,Transformer,Electrical,21,Hitachi,TRA-245,2012,420.4,Active,High,SYNTHETIC_VN_REALISTIC
EQ00599,BLD039,Lighting Panel,Lighting,10,Siemens,LIG-627,2001,141.4,Active,Low,SYNTHETIC_VN_REALISTIC
EQ00600,BLD039,Temperature Sensor,BMS,11,Toshiba,TEM-226,2025,0,Active,High,SYNTHETIC_VN_REALISTIC
EQ00601,BLD039,Lighting Panel,Lighting,12,ABB,LIG-809,2003,400.4,Standby,High,SYNTHETIC_VN_REALISTIC
EQ00602,BLD039,Lift,Vertical Transport,9,Daikin,LIF-213,2000,436.7,Active,Low,SYNTHETIC_VN_REALISTIC
EQ00603,BLD039,Generator,Electrical,21,Hitachi,GEN-189,2007,48.7,Active,High,SYNTHETIC_VN_REALISTIC
EQ00604,BLD039,Temperature Sensor,BMS,12,Trane,TEM-672,2001,0,Active,High,SYNTHETIC_VN_REALISTIC
EQ00605,BLD039,Lighting Panel,Lighting,7,Carrier,LIG-375,2021,341.0,Maintenance,Medium,SYNTHETIC_VN_REALISTIC
EQ00606,BLD039,Lift,Vertical Transport,8,Daikin,LIF-296,2003,121.5,Maintenance,High,SYNTHETIC_VN_REALISTIC
EQ00607,BLD039,Transformer,Electrical,3,Daikin,TRA-831,2003,75.7,Standby,Medium,SYNTHETIC_VN_REALISTIC
EQ00608,BLD039,Humidity Sensor,BMS,6,Hitachi,HUM-335,2004,0,Active,High,SYNTHETIC_VN_REALISTIC
EQ00609,BLD039,Lift,Vertical Transport,12,LS Electric,LIF-214,2020,416.6,Active,High,SYNTHETIC_VN_REALISTIC
EQ00610,BLD039,Water Pump,Plumbing,12,Siemens,WAT-431,2001,112.7,Standby,High,SYNTHETIC_VN_REALISTIC
EQ00611,BLD039,Lift,Vertical Transport,11,Hitachi,LIF-206,2005,177.0,Standby,Low,SYNTHETIC_VN_REALISTIC
EQ00612,BLD039,Lift,Vertical Transport,5,Mitsubishi,LIF-669,2005,50.2,Active,High,SYNTHETIC_VN_REALISTIC
EQ00613,BLD040,Booster Pump,Plumbing,4,Carrier,BOO-200,2026,448.3,Active,High,SYNTHETIC_VN_REALISTIC
EQ00614,BLD040,Water Pump,Plumbing,33,Daikin,WAT-271,2011,316.9,Maintenance,High,SYNTHETIC_VN_REALISTIC
EQ00615,BLD040,Cooling Tower,HVAC,Roof,Panasonic,COO-127,2017,415.0,Active,High,SYNTHETIC_VN_REALISTIC
EQ00616,BLD040,AHU,HVAC,20,Carrier,AHU-584,2013,376.2,Active,Medium,SYNTHETIC_VN_REALISTIC
EQ00617,BLD040,Generator,Electrical,22,Schneider,GEN-269,2016,25.1,Standby,High,SYNTHETIC_VN_REALISTIC
EQ00618,BLD040,Cooling Tower,HVAC,Roof,Trane,COO-622,2023,431.1,Active,High,SYNTHETIC_VN_REALISTIC
EQ00619,BLD040,Split AC,HVAC,17,Grundfos,SPL-690,2010,232.7,Active,High,SYNTHETIC_VN_REALISTIC
EQ00620,BLD040,Fire Pump,Fire Safety,9,Panasonic,FIR-774,2009,124.6,Active,Low,SYNTHETIC_VN_REALISTIC
EQ00621,BLD040,Chiller,HVAC,22,Panasonic,CHI-967,2014,276.5,Active,Medium,SYNTHETIC_VN_REALISTIC
EQ00622,BLD040,Cooling Tower,HVAC,Roof,LS Electric,COO-494,2024,198.6,Active,Medium,SYNTHETIC_VN_REALISTIC
EQ00623,BLD041,Cooling Tower,HVAC,Roof,Daikin,COO-301,2025,68.9,Maintenance,Low,SYNTHETIC_VN_REALISTIC
EQ00624,BLD041,Lighting Panel,Lighting,1,Carrier,LIG-670,2026,42.1,Active,Medium,SYNTHETIC_VN_REALISTIC
EQ00625,BLD041,Lighting Panel,Lighting,10,Schneider,LIG-133,2025,65.0,Maintenance,Low,SYNTHETIC_VN_REALISTIC
EQ00626,BLD041,Lift,Vertical Transport,24,Toshiba,LIF-888,2026,193.2,Active,High,SYNTHETIC_VN_REALISTIC
EQ00627,BLD041,Fire Pump,Fire Safety,21,Daikin,FIR-406,2025,427.6,Active,High,SYNTHETIC_VN_REALISTIC
EQ00628,BLD041,MDB,Electrical,1,Carrier,MDB-256,2025,76.7,Active,Low,SYNTHETIC_VN_REALISTIC
EQ00629,BLD041,AHU,HVAC,26,Trane,AHU-225,2025,430.2,Active,High,SYNTHETIC_VN_REALISTIC
EQ00630,BLD041,AHU,HVAC,14,Carrier,AHU-991,2025,319.7,Standby,High,SYNTHETIC_VN_REALISTIC
EQ00631,BLD041,Water Pump,Plumbing,8,ABB,WAT-585,2025,314.9,Active,Medium,SYNTHETIC_VN_REALISTIC
EQ00632,BLD041,Chiller,HVAC,11,Siemens,CHI-643,2025,320.1,Active,High,SYNTHETIC_VN_REALISTIC
EQ00633,BLD041,AHU,HVAC,6,ABB,AHU-261,2025,44.0,Standby,High,SYNTHETIC_VN_REALISTIC
EQ00634,BLD041,Chiller,HVAC,26,Schneider,CHI-775,2025,183.3,Active,Low,SYNTHETIC_VN_REALISTIC
EQ00635,BLD041,AHU,HVAC,20,Grundfos,AHU-249,2025,432.2,Active,Low,SYNTHETIC_VN_REALISTIC
EQ00636,BLD041,Booster Pump,Plumbing,22,Carrier,BOO-377,2025,88.4,Active,High,SYNTHETIC_VN_REALISTIC
EQ00637,BLD042,Lighting Panel,Lighting,22,Trane,LIG-993,2016,149.9,Active,High,SYNTHETIC_VN_REALISTIC
EQ00638,BLD042,MDB,Electrical,9,Schneider,MDB-158,2026,290.8,Active,High,SYNTHETIC_VN_REALISTIC
EQ00639,BLD042,CO2 Sensor,BMS,17,Panasonic,CO2-514,2011,0,Maintenance,High,SYNTHETIC_VN_REALISTIC
EQ00640,BLD042,Water Pump,Plumbing,5,Hitachi,WAT-283,2020,291.4,Maintenance,Low,SYNTHETIC_VN_REALISTIC
EQ00641,BLD042,Transformer,Electrical,9,LS Electric,TRA-892,2017,245.2,Maintenance,High,SYNTHETIC_VN_REALISTIC
EQ00642,BLD042,Cooling Tower,HVAC,Roof,Toshiba,COO-168,2008,12.1,Active,High,SYNTHETIC_VN_REALISTIC
EQ00643,BLD042,CO2 Sensor,BMS,17,LS Electric,CO2-929,2010,0,Active,Low,SYNTHETIC_VN_REALISTIC
EQ00644,BLD042,Transformer,Electrical,6,Schneider,TRA-834,2017,402.5,Active,Medium,SYNTHETIC_VN_REALISTIC
EQ00645,BLD042,Fire Pump,Fire Safety,20,Toshiba,FIR-732,2012,390.9,Standby,Medium,SYNTHETIC_VN_REALISTIC
EQ00646,BLD042,FCU,HVAC,29,Toshiba,FCU-441,2013,337.5,Active,Medium,SYNTHETIC_VN_REALISTIC
EQ00647,BLD042,FCU,HVAC,3,Siemens,FCU-357,2026,223.3,Active,Medium,SYNTHETIC_VN_REALISTIC
EQ00648,BLD042,Water Pump,Plumbing,3,LS Electric,WAT-616,2008,391.3,Active,Medium,SYNTHETIC_VN_REALISTIC
EQ00649,BLD042,Humidity Sensor,BMS,21,Toshiba,HUM-572,2008,0,Active,High,SYNTHETIC_VN_REALISTIC
EQ00650,BLD042,Split AC,HVAC,23,Daikin,SPL-400,2025,428.9,Standby,Medium,SYNTHETIC_VN_REALISTIC
EQ00651,BLD042,CO2 Sensor,BMS,7,Mitsubishi,CO2-497,2016,0,Maintenance,High,SYNTHETIC_VN_REALISTIC
EQ00652,BLD042,CO2 Sensor,BMS,25,Carrier,CO2-967,2022,0,Standby,Low,SYNTHETIC_VN_REALISTIC
EQ00653,BLD043,Lighting Panel,Lighting,11,Schneider,LIG-966,2014,396.0,Standby,Medium,SYNTHETIC_VN_REALISTIC
EQ00654,BLD043,Chiller,HVAC,5,Carrier,CHI-126,2020,354.9,Standby,High,SYNTHETIC_VN_REALISTIC
EQ00655,BLD043,Temperature Sensor,BMS,8,Daikin,TEM-368,2025,0,Active,High,SYNTHETIC_VN_REALISTIC
EQ00656,BLD043,CO2 Sensor,BMS,4,Panasonic,CO2-197,2019,0,Maintenance,High,SYNTHETIC_VN_REALISTIC
EQ00657,BLD043,Water Pump,Plumbing,6,Siemens,WAT-381,2022,143.9,Active,High,SYNTHETIC_VN_REALISTIC
EQ00658,BLD043,Booster Pump,Plumbing,12,ABB,BOO-888,2020,335.5,Maintenance,High,SYNTHETIC_VN_REALISTIC
EQ00659,BLD043,Lighting Panel,Lighting,10,Hitachi,LIG-329,2024,17.7,Active,High,SYNTHETIC_VN_REALISTIC
EQ00660,BLD043,Humidity Sensor,BMS,4,Trane,HUM-513,2015,0,Active,Low,SYNTHETIC_VN_REALISTIC
EQ00661,BLD043,Chiller,HVAC,7,Panasonic,CHI-660,2022,96.4,Active,Medium,SYNTHETIC_VN_REALISTIC
EQ00662,BLD043,CO2 Sensor,BMS,8,Siemens,CO2-328,2013,0,Standby,Medium,SYNTHETIC_VN_REALISTIC
EQ00663,BLD043,Split AC,HVAC,1,Grundfos,SPL-400,2014,109.0,Active,Medium,SYNTHETIC_VN_REALISTIC
EQ00664,BLD043,Lighting Panel,Lighting,6,Daikin,LIG-204,2023,82.6,Maintenance,High,SYNTHETIC_VN_REALISTIC
EQ00665,BLD043,Water Pump,Plumbing,10,Panasonic,WAT-473,2017,232.8,Active,Medium,SYNTHETIC_VN_REALISTIC
EQ00666,BLD043,AHU,HVAC,5,Toshiba,AHU-739,2026,115.7,Active,High,SYNTHETIC_VN_REALISTIC
EQ00667,BLD043,Booster Pump,Plumbing,2,Daikin,BOO-195,2015,33.0,Active,Low,SYNTHETIC_VN_REALISTIC
EQ00668,BLD043,Humidity Sensor,BMS,4,Hitachi,HUM-683,2018,0,Active,Low,SYNTHETIC_VN_REALISTIC
EQ00669,BLD043,Transformer,Electrical,9,Siemens,TRA-213,2025,286.3,Maintenance,High,SYNTHETIC_VN_REALISTIC
EQ00670,BLD043,Booster Pump,Plumbing,10,Carrier,BOO-263,2025,308.4,Active,Low,SYNTHETIC_VN_REALISTIC
EQ00671,BLD043,Split AC,HVAC,4,Carrier,SPL-680,2020,447.3,Maintenance,Medium,SYNTHETIC_VN_REALISTIC
EQ00672,BLD043,Booster Pump,Plumbing,2,Daikin,BOO-412,2025,70.0,Active,High,SYNTHETIC_VN_REALISTIC
EQ00673,BLD043,Cooling Tower,HVAC,Roof,Carrier,COO-117,2015,137.9,Active,High,SYNTHETIC_VN_REALISTIC
EQ00674,BLD043,Generator,Electrical,5,Siemens,GEN-324,2018,101.4,Active,High,SYNTHETIC_VN_REALISTIC
EQ00675,BLD044,Chiller,HVAC,10,Siemens,CHI-815,2019,201.0,Maintenance,Medium,SYNTHETIC_VN_REALISTIC
EQ00676,BLD044,Lift,Vertical Transport,20,Daikin,LIF-643,2026,153.1,Maintenance,Medium,SYNTHETIC_VN_REALISTIC
EQ00677,BLD044,Generator,Electrical,9,LS Electric,GEN-485,2011,72.3,Active,High,SYNTHETIC_VN_REALISTIC
EQ00678,BLD044,Cooling Tower,HVAC,Roof,Carrier,COO-512,2018,317.5,Active,High,SYNTHETIC_VN_REALISTIC
EQ00679,BLD044,Booster Pump,Plumbing,16,Grundfos,BOO-328,2013,140.0,Active,Medium,SYNTHETIC_VN_REALISTIC
EQ00680,BLD044,Cooling Tower,HVAC,Roof,Toshiba,COO-628,2026,33.3,Active,Low,SYNTHETIC_VN_REALISTIC
EQ00681,BLD044,CO2 Sensor,BMS,2,Toshiba,CO2-104,2008,0,Active,High,SYNTHETIC_VN_REALISTIC
EQ00682,BLD044,Water Pump,Plumbing,3,Daikin,WAT-958,2025,162.6,Active,Low,SYNTHETIC_VN_REALISTIC
EQ00683,BLD044,Transformer,Electrical,4,LS Electric,TRA-677,2010,393.6,Maintenance,Medium,SYNTHETIC_VN_REALISTIC
EQ00684,BLD044,Water Pump,Plumbing,17,Grundfos,WAT-274,2021,237.2,Active,Medium,SYNTHETIC_VN_REALISTIC
EQ00685,BLD044,Transformer,Electrical,19,Trane,TRA-633,2022,295.3,Active,High,SYNTHETIC_VN_REALISTIC
EQ00686,BLD044,Lighting Panel,Lighting,15,LS Electric,LIG-109,2009,155.9,Standby,Medium,SYNTHETIC_VN_REALISTIC
EQ00687,BLD044,Booster Pump,Plumbing,21,Mitsubishi,BOO-708,2022,259.3,Active,Medium,SYNTHETIC_VN_REALISTIC
EQ00688,BLD044,Booster Pump,Plumbing,13,Panasonic,BOO-499,2014,185.2,Active,High,SYNTHETIC_VN_REALISTIC
EQ00689,BLD044,Booster Pump,Plumbing,15,Panasonic,BOO-369,2014,349.1,Active,High,SYNTHETIC_VN_REALISTIC
EQ00690,BLD044,Cooling Tower,HVAC,Roof,Toshiba,COO-539,2017,186.9,Maintenance,Low,SYNTHETIC_VN_REALISTIC
EQ00691,BLD044,Chiller,HVAC,23,Toshiba,CHI-359,2011,442.8,Active,Low,SYNTHETIC_VN_REALISTIC
EQ00692,BLD044,Cooling Tower,HVAC,Roof,LS Electric,COO-564,2012,327.9,Active,Medium,SYNTHETIC_VN_REALISTIC
EQ00693,BLD044,AHU,HVAC,11,Toshiba,AHU-281,2014,20.0,Maintenance,Low,SYNTHETIC_VN_REALISTIC
EQ00694,BLD045,Chiller,HVAC,19,Panasonic,CHI-245,2022,376.6,Active,High,SYNTHETIC_VN_REALISTIC
EQ00695,BLD045,Lighting Panel,Lighting,19,Toshiba,LIG-129,2022,406.7,Maintenance,High,SYNTHETIC_VN_REALISTIC
EQ00696,BLD045,Generator,Electrical,23,LS Electric,GEN-905,2024,22.9,Standby,High,SYNTHETIC_VN_REALISTIC
EQ00697,BLD045,Booster Pump,Plumbing,18,Carrier,BOO-745,2020,102.0,Maintenance,Low,SYNTHETIC_VN_REALISTIC
EQ00698,BLD045,Split AC,HVAC,12,Mitsubishi,SPL-600,2018,280.7,Active,Low,SYNTHETIC_VN_REALISTIC
EQ00699,BLD045,Fire Pump,Fire Safety,11,LS Electric,FIR-484,2019,107.3,Standby,High,SYNTHETIC_VN_REALISTIC
EQ00700,BLD045,Temperature Sensor,BMS,15,Panasonic,TEM-274,2021,0,Active,Low,SYNTHETIC_VN_REALISTIC
EQ00701,BLD045,Booster Pump,Plumbing,21,ABB,BOO-998,2024,329.0,Active,High,SYNTHETIC_VN_REALISTIC
EQ00702,BLD045,Split AC,HVAC,22,Trane,SPL-650,2023,136.0,Standby,Medium,SYNTHETIC_VN_REALISTIC
EQ00703,BLD045,MDB,Electrical,7,LS Electric,MDB-358,2020,67.5,Standby,High,SYNTHETIC_VN_REALISTIC
EQ00704,BLD046,Humidity Sensor,BMS,17,Grundfos,HUM-504,2017,0,Active,High,SYNTHETIC_VN_REALISTIC
EQ00705,BLD046,AHU,HVAC,4,Daikin,AHU-255,2012,151.1,Active,High,SYNTHETIC_VN_REALISTIC
EQ00706,BLD046,Fire Pump,Fire Safety,5,LS Electric,FIR-154,2006,219.8,Active,High,SYNTHETIC_VN_REALISTIC
EQ00707,BLD046,Cooling Tower,HVAC,Roof,Hitachi,COO-529,2008,245.0,Active,Low,SYNTHETIC_VN_REALISTIC
EQ00708,BLD046,Cooling Tower,HVAC,Roof,LS Electric,COO-882,2011,400.3,Standby,High,SYNTHETIC_VN_REALISTIC
EQ00709,BLD046,Lighting Panel,Lighting,8,Carrier,LIG-807,2026,48.3,Maintenance,Low,SYNTHETIC_VN_REALISTIC
EQ00710,BLD046,Humidity Sensor,BMS,5,Panasonic,HUM-131,2016,0,Active,High,SYNTHETIC_VN_REALISTIC
EQ00711,BLD046,Split AC,HVAC,6,ABB,SPL-330,2010,53.1,Standby,Low,SYNTHETIC_VN_REALISTIC
EQ00712,BLD046,Split AC,HVAC,12,LS Electric,SPL-268,2022,272.9,Active,Medium,SYNTHETIC_VN_REALISTIC
EQ00713,BLD046,Chiller,HVAC,8,Toshiba,CHI-415,2016,43.6,Maintenance,High,SYNTHETIC_VN_REALISTIC
EQ00714,BLD046,MDB,Electrical,4,LS Electric,MDB-938,2023,261.2,Active,High,SYNTHETIC_VN_REALISTIC
EQ00715,BLD046,MDB,Electrical,16,Grundfos,MDB-711,2006,84.6,Active,High,SYNTHETIC_VN_REALISTIC
EQ00716,BLD046,Transformer,Electrical,10,Daikin,TRA-378,2014,445.4,Active,High,SYNTHETIC_VN_REALISTIC
EQ00717,BLD046,Chiller,HVAC,5,Grundfos,CHI-168,2025,33.5,Standby,High,SYNTHETIC_VN_REALISTIC
EQ00718,BLD046,Transformer,Electrical,16,Mitsubishi,TRA-144,2023,440.7,Active,Low,SYNTHETIC_VN_REALISTIC
EQ00719,BLD046,AHU,HVAC,10,Siemens,AHU-983,2019,389.6,Active,High,SYNTHETIC_VN_REALISTIC
EQ00720,BLD046,Lighting Panel,Lighting,8,Daikin,LIG-816,2016,178.2,Maintenance,Low,SYNTHETIC_VN_REALISTIC
EQ00721,BLD046,MDB,Electrical,10,Hitachi,MDB-525,2024,148.5,Standby,High,SYNTHETIC_VN_REALISTIC
EQ00722,BLD046,Temperature Sensor,BMS,16,LS Electric,TEM-917,2025,0,Active,Medium,SYNTHETIC_VN_REALISTIC
EQ00723,BLD047,Fire Pump,Fire Safety,11,ABB,FIR-194,2014,89.6,Standby,Medium,SYNTHETIC_VN_REALISTIC
EQ00724,BLD047,Lift,Vertical Transport,12,Hitachi,LIF-884,2002,77.4,Standby,Medium,SYNTHETIC_VN_REALISTIC
EQ00725,BLD047,CO2 Sensor,BMS,4,ABB,CO2-310,2011,0,Active,High,SYNTHETIC_VN_REALISTIC
EQ00726,BLD047,Booster Pump,Plumbing,3,Toshiba,BOO-881,1999,410.4,Active,Medium,SYNTHETIC_VN_REALISTIC
EQ00727,BLD047,Transformer,Electrical,8,ABB,TRA-110,2017,176.8,Maintenance,Medium,SYNTHETIC_VN_REALISTIC
EQ00728,BLD047,Lift,Vertical Transport,12,Grundfos,LIF-455,2013,234.2,Active,Low,SYNTHETIC_VN_REALISTIC
EQ00729,BLD047,Split AC,HVAC,3,LS Electric,SPL-924,2010,435.7,Active,High,SYNTHETIC_VN_REALISTIC
EQ00730,BLD047,Booster Pump,Plumbing,7,Siemens,BOO-933,2007,412.2,Active,High,SYNTHETIC_VN_REALISTIC
EQ00731,BLD047,CO2 Sensor,BMS,1,Toshiba,CO2-530,2024,0,Standby,Low,SYNTHETIC_VN_REALISTIC
EQ00732,BLD047,Water Pump,Plumbing,11,Carrier,WAT-823,2021,21.0,Active,Medium,SYNTHETIC_VN_REALISTIC
EQ00733,BLD047,Fire Pump,Fire Safety,2,Trane,FIR-963,2020,48.2,Active,Low,SYNTHETIC_VN_REALISTIC
EQ00734,BLD047,Chiller,HVAC,6,Grundfos,CHI-164,2022,258.5,Active,Medium,SYNTHETIC_VN_REALISTIC
EQ00735,BLD047,Generator,Electrical,12,Siemens,GEN-933,2012,392.5,Maintenance,High,SYNTHETIC_VN_REALISTIC
EQ00736,BLD047,FCU,HVAC,13,Schneider,FCU-677,2001,193.3,Active,High,SYNTHETIC_VN_REALISTIC
EQ00737,BLD047,Temperature Sensor,BMS,12,Daikin,TEM-993,2001,0,Active,High,SYNTHETIC_VN_REALISTIC
EQ00738,BLD047,Lighting Panel,Lighting,10,LS Electric,LIG-889,2009,64.2,Maintenance,High,SYNTHETIC_VN_REALISTIC
EQ00739,BLD047,Cooling Tower,HVAC,Roof,Hitachi,COO-413,2013,36.1,Active,High,SYNTHETIC_VN_REALISTIC
EQ00740,BLD047,Booster Pump,Plumbing,4,Toshiba,BOO-909,2005,165.3,Active,High,SYNTHETIC_VN_REALISTIC
EQ00741,BLD047,Cooling Tower,HVAC,Roof,Trane,COO-713,2000,330.1,Maintenance,High,SYNTHETIC_VN_REALISTIC
EQ00742,BLD048,Water Pump,Plumbing,2,Trane,WAT-896,2021,236.4,Standby,Medium,SYNTHETIC_VN_REALISTIC
EQ00743,BLD048,Cooling Tower,HVAC,Roof,Carrier,COO-102,2022,233.2,Active,High,SYNTHETIC_VN_REALISTIC
EQ00744,BLD048,Cooling Tower,HVAC,Roof,ABB,COO-769,2023,191.7,Maintenance,High,SYNTHETIC_VN_REALISTIC
EQ00745,BLD048,Split AC,HVAC,3,Hitachi,SPL-477,2026,12.0,Standby,Low,SYNTHETIC_VN_REALISTIC
EQ00746,BLD048,Generator,Electrical,1,Panasonic,GEN-119,2019,143.4,Active,Medium,SYNTHETIC_VN_REALISTIC
EQ00747,BLD048,Humidity Sensor,BMS,5,Grundfos,HUM-335,2022,0,Active,High,SYNTHETIC_VN_REALISTIC
EQ00748,BLD048,Lift,Vertical Transport,4,Siemens,LIF-807,2025,81.3,Active,Medium,SYNTHETIC_VN_REALISTIC
EQ00749,BLD048,Generator,Electrical,3,Siemens,GEN-417,2022,277.4,Active,Medium,SYNTHETIC_VN_REALISTIC
EQ00750,BLD048,Booster Pump,Plumbing,4,Trane,BOO-697,2026,218.7,Active,High,SYNTHETIC_VN_REALISTIC
EQ00751,BLD048,Temperature Sensor,BMS,5,Siemens,TEM-447,2026,0,Standby,High,SYNTHETIC_VN_REALISTIC
EQ00752,BLD048,Fire Pump,Fire Safety,4,Daikin,FIR-693,2021,173.6,Active,Low,SYNTHETIC_VN_REALISTIC
EQ00753,BLD048,FCU,HVAC,1,Carrier,FCU-775,2025,360.7,Standby,Medium,SYNTHETIC_VN_REALISTIC
EQ00754,BLD048,FCU,HVAC,3,Daikin,FCU-568,2022,101.3,Active,High,SYNTHETIC_VN_REALISTIC
EQ00755,BLD049,Transformer,Electrical,10,Mitsubishi,TRA-898,2025,193.7,Active,Low,SYNTHETIC_VN_REALISTIC
EQ00756,BLD049,Humidity Sensor,BMS,9,LS Electric,HUM-563,2024,0,Maintenance,High,SYNTHETIC_VN_REALISTIC
EQ00757,BLD049,Lighting Panel,Lighting,6,ABB,LIG-109,2022,436.4,Active,Medium,SYNTHETIC_VN_REALISTIC
EQ00758,BLD049,CO2 Sensor,BMS,3,Daikin,CO2-566,2019,0,Standby,High,SYNTHETIC_VN_REALISTIC
EQ00759,BLD049,Water Pump,Plumbing,2,Mitsubishi,WAT-553,2022,396.2,Active,High,SYNTHETIC_VN_REALISTIC
EQ00760,BLD049,Lift,Vertical Transport,1,Daikin,LIF-737,2019,100.6,Active,Low,SYNTHETIC_VN_REALISTIC
EQ00761,BLD049,Split AC,HVAC,1,Hitachi,SPL-213,2022,255.6,Active,Medium,SYNTHETIC_VN_REALISTIC
EQ00762,BLD049,Humidity Sensor,BMS,3,Daikin,HUM-855,2023,0,Active,Medium,SYNTHETIC_VN_REALISTIC
EQ00763,BLD049,Cooling Tower,HVAC,Roof,Trane,COO-558,2021,122.7,Maintenance,High,SYNTHETIC_VN_REALISTIC
EQ00764,BLD049,Humidity Sensor,BMS,2,Carrier,HUM-105,2025,0,Maintenance,Low,SYNTHETIC_VN_REALISTIC
EQ00765,BLD049,Temperature Sensor,BMS,9,Toshiba,TEM-404,2024,0,Active,High,SYNTHETIC_VN_REALISTIC
EQ00766,BLD049,Lift,Vertical Transport,1,Hitachi,LIF-559,2019,411.1,Active,Medium,SYNTHETIC_VN_REALISTIC
EQ00767,BLD049,Lift,Vertical Transport,10,Daikin,LIF-198,2019,206.0,Active,Low,SYNTHETIC_VN_REALISTIC
EQ00768,BLD049,Fire Pump,Fire Safety,10,Grundfos,FIR-436,2019,154.2,Active,Low,SYNTHETIC_VN_REALISTIC
EQ00769,BLD049,Fire Pump,Fire Safety,8,Hitachi,FIR-370,2020,310.4,Active,High,SYNTHETIC_VN_REALISTIC
EQ00770,BLD050,FCU,HVAC,22,Siemens,FCU-501,2023,309.2,Active,High,SYNTHETIC_VN_REALISTIC
EQ00771,BLD050,Generator,Electrical,26,Siemens,GEN-126,2002,285.3,Standby,High,SYNTHETIC_VN_REALISTIC
EQ00772,BLD050,Transformer,Electrical,4,Schneider,TRA-125,2003,203.3,Active,High,SYNTHETIC_VN_REALISTIC
EQ00773,BLD050,Temperature Sensor,BMS,5,ABB,TEM-401,2004,0,Standby,High,SYNTHETIC_VN_REALISTIC
EQ00774,BLD050,Humidity Sensor,BMS,26,Hitachi,HUM-237,2002,0,Active,High,SYNTHETIC_VN_REALISTIC
EQ00775,BLD050,Generator,Electrical,11,Mitsubishi,GEN-225,2011,389.0,Active,Medium,SYNTHETIC_VN_REALISTIC
EQ00776,BLD050,Temperature Sensor,BMS,27,Trane,TEM-957,2009,0,Standby,Medium,SYNTHETIC_VN_REALISTIC
EQ00777,BLD050,Water Pump,Plumbing,11,ABB,WAT-153,2022,204.8,Active,High,SYNTHETIC_VN_REALISTIC
EQ00778,BLD050,MDB,Electrical,12,ABB,MDB-507,2003,211.6,Active,Medium,SYNTHETIC_VN_REALISTIC
EQ00779,BLD050,Water Pump,Plumbing,16,Mitsubishi,WAT-683,2017,219.5,Maintenance,High,SYNTHETIC_VN_REALISTIC
EQ00780,BLD050,Humidity Sensor,BMS,1,Panasonic,HUM-436,2013,0,Active,Medium,SYNTHETIC_VN_REALISTIC
EQ00781,BLD050,Lighting Panel,Lighting,19,Panasonic,LIG-933,2002,120.7,Active,Low,SYNTHETIC_VN_REALISTIC
EQ00782,BLD050,FCU,HVAC,12,Hitachi,FCU-480,2009,398.9,Active,High,SYNTHETIC_VN_REALISTIC
EQ00783,BLD050,Generator,Electrical,14,Toshiba,GEN-355,2011,437.4,Active,Low,SYNTHETIC_VN_REALISTIC
EQ00784,BLD050,MDB,Electrical,24,Grundfos,MDB-820,2021,35.9,Active,High,SYNTHETIC_VN_REALISTIC
EQ00785,BLD051,Water Pump,Plumbing,24,Mitsubishi,WAT-432,2008,123.7,Maintenance,High,SYNTHETIC_VN_REALISTIC
EQ00786,BLD051,Transformer,Electrical,18,Panasonic,TRA-776,2013,268.4,Active,Medium,SYNTHETIC_VN_REALISTIC
EQ00787,BLD051,Generator,Electrical,24,Toshiba,GEN-556,2018,359.5,Standby,Low,SYNTHETIC_VN_REALISTIC
EQ00788,BLD051,Transformer,Electrical,4,Carrier,TRA-337,2008,299.4,Active,High,SYNTHETIC_VN_REALISTIC
EQ00789,BLD051,Temperature Sensor,BMS,19,Siemens,TEM-585,2010,0,Active,Medium,SYNTHETIC_VN_REALISTIC
EQ00790,BLD051,Booster Pump,Plumbing,30,Toshiba,BOO-892,2022,336.2,Active,Medium,SYNTHETIC_VN_REALISTIC
EQ00791,BLD051,Transformer,Electrical,20,LS Electric,TRA-203,2016,287.2,Active,Medium,SYNTHETIC_VN_REALISTIC
EQ00792,BLD051,Generator,Electrical,14,Panasonic,GEN-973,2023,305.3,Active,High,SYNTHETIC_VN_REALISTIC
EQ00793,BLD051,Lighting Panel,Lighting,6,Hitachi,LIG-968,2025,149.5,Standby,High,SYNTHETIC_VN_REALISTIC
EQ00794,BLD051,Water Pump,Plumbing,29,LS Electric,WAT-947,2026,170.5,Active,High,SYNTHETIC_VN_REALISTIC
EQ00795,BLD051,Split AC,HVAC,16,Toshiba,SPL-921,2010,446.8,Maintenance,Medium,SYNTHETIC_VN_REALISTIC
EQ00796,BLD051,Fire Pump,Fire Safety,23,ABB,FIR-717,2024,41.4,Active,Medium,SYNTHETIC_VN_REALISTIC
EQ00797,BLD052,Fire Pump,Fire Safety,6,ABB,FIR-564,2026,39.0,Active,Low,SYNTHETIC_VN_REALISTIC
EQ00798,BLD052,Temperature Sensor,BMS,6,Daikin,TEM-942,2023,0,Standby,Medium,SYNTHETIC_VN_REALISTIC
EQ00799,BLD052,Generator,Electrical,6,Schneider,GEN-383,2022,264.9,Active,Low,SYNTHETIC_VN_REALISTIC
EQ00800,BLD052,Lighting Panel,Lighting,4,Hitachi,LIG-840,2024,75.3,Standby,High,SYNTHETIC_VN_REALISTIC
EQ00801,BLD052,Chiller,HVAC,1,LS Electric,CHI-285,2022,368.7,Active,Medium,SYNTHETIC_VN_REALISTIC
EQ00802,BLD052,CO2 Sensor,BMS,4,Trane,CO2-218,2022,0,Standby,Medium,SYNTHETIC_VN_REALISTIC
EQ00803,BLD052,Temperature Sensor,BMS,6,Carrier,TEM-784,2025,0,Maintenance,Low,SYNTHETIC_VN_REALISTIC
EQ00804,BLD052,Humidity Sensor,BMS,2,Panasonic,HUM-302,2023,0,Standby,High,SYNTHETIC_VN_REALISTIC
EQ00805,BLD052,Temperature Sensor,BMS,2,Hitachi,TEM-141,2022,0,Standby,Low,SYNTHETIC_VN_REALISTIC
EQ00806,BLD052,AHU,HVAC,2,Schneider,AHU-969,2021,446.1,Active,Medium,SYNTHETIC_VN_REALISTIC
EQ00807,BLD053,Chiller,HVAC,2,Carrier,CHI-477,2026,267.1,Active,Low,SYNTHETIC_VN_REALISTIC
EQ00808,BLD053,Fire Pump,Fire Safety,5,Mitsubishi,FIR-830,2026,224.2,Active,High,SYNTHETIC_VN_REALISTIC
EQ00809,BLD053,Booster Pump,Plumbing,16,Siemens,BOO-252,2026,253.7,Standby,High,SYNTHETIC_VN_REALISTIC
EQ00810,BLD053,CO2 Sensor,BMS,7,Grundfos,CO2-803,2026,0,Active,High,SYNTHETIC_VN_REALISTIC
EQ00811,BLD053,Cooling Tower,HVAC,Roof,Carrier,COO-565,2026,173.5,Active,High,SYNTHETIC_VN_REALISTIC
EQ00812,BLD053,Lighting Panel,Lighting,7,Toshiba,LIG-534,2026,230.9,Active,High,SYNTHETIC_VN_REALISTIC
EQ00813,BLD053,Split AC,HVAC,3,Toshiba,SPL-951,2026,308.7,Standby,High,SYNTHETIC_VN_REALISTIC
EQ00814,BLD053,FCU,HVAC,7,Trane,FCU-491,2026,440.5,Standby,Medium,SYNTHETIC_VN_REALISTIC
EQ00815,BLD053,Water Pump,Plumbing,10,Grundfos,WAT-915,2026,81.7,Standby,High,SYNTHETIC_VN_REALISTIC
EQ00816,BLD053,Split AC,HVAC,7,Daikin,SPL-205,2026,307.8,Active,High,SYNTHETIC_VN_REALISTIC
EQ00817,BLD053,Humidity Sensor,BMS,13,Trane,HUM-158,2026,0,Active,Low,SYNTHETIC_VN_REALISTIC
EQ00818,BLD053,Humidity Sensor,BMS,6,Trane,HUM-400,2026,0,Active,High,SYNTHETIC_VN_REALISTIC
EQ00819,BLD053,MDB,Electrical,1,Panasonic,MDB-594,2026,387.7,Active,High,SYNTHETIC_VN_REALISTIC
EQ00820,BLD053,MDB,Electrical,4,ABB,MDB-457,2026,46.5,Active,High,SYNTHETIC_VN_REALISTIC
EQ00821,BLD053,Fire Pump,Fire Safety,14,Mitsubishi,FIR-447,2026,124.8,Active,Low,SYNTHETIC_VN_REALISTIC
EQ00822,BLD053,Generator,Electrical,5,Siemens,GEN-372,2026,119.8,Standby,Low,SYNTHETIC_VN_REALISTIC
EQ00823,BLD053,Lighting Panel,Lighting,7,LS Electric,LIG-157,2026,116.4,Standby,Medium,SYNTHETIC_VN_REALISTIC
EQ00824,BLD053,CO2 Sensor,BMS,2,ABB,CO2-638,2026,0,Standby,High,SYNTHETIC_VN_REALISTIC
EQ00825,BLD053,Water Pump,Plumbing,11,LS Electric,WAT-798,2026,391.0,Maintenance,Medium,SYNTHETIC_VN_REALISTIC
EQ00826,BLD053,Lighting Panel,Lighting,5,Panasonic,LIG-767,2026,244.4,Standby,Low,SYNTHETIC_VN_REALISTIC
EQ00827,BLD053,FCU,HVAC,16,Daikin,FCU-413,2026,92.5,Active,Low,SYNTHETIC_VN_REALISTIC
EQ00828,BLD054,Fire Pump,Fire Safety,19,ABB,FIR-725,2024,323.6,Active,Medium,SYNTHETIC_VN_REALISTIC
EQ00829,BLD054,Lighting Panel,Lighting,28,Panasonic,LIG-203,2016,61.7,Active,Low,SYNTHETIC_VN_REALISTIC
EQ00830,BLD054,Lighting Panel,Lighting,11,LS Electric,LIG-532,2023,93.1,Active,High,SYNTHETIC_VN_REALISTIC
EQ00831,BLD054,Lighting Panel,Lighting,6,Trane,LIG-584,2024,127.8,Active,Low,SYNTHETIC_VN_REALISTIC
EQ00832,BLD054,Water Pump,Plumbing,33,ABB,WAT-241,2006,14.0,Active,Medium,SYNTHETIC_VN_REALISTIC
EQ00833,BLD054,CO2 Sensor,BMS,23,Siemens,CO2-591,1999,0,Standby,High,SYNTHETIC_VN_REALISTIC
EQ00834,BLD054,Generator,Electrical,16,Trane,GEN-602,2009,341.0,Active,High,SYNTHETIC_VN_REALISTIC
EQ00835,BLD054,Booster Pump,Plumbing,23,Hitachi,BOO-264,2009,333.9,Active,Medium,SYNTHETIC_VN_REALISTIC
EQ00836,BLD054,Lift,Vertical Transport,18,Trane,LIF-561,2002,323.8,Maintenance,Medium,SYNTHETIC_VN_REALISTIC
EQ00837,BLD054,Chiller,HVAC,23,Carrier,CHI-493,2010,51.8,Active,Low,SYNTHETIC_VN_REALISTIC
EQ00838,BLD054,Booster Pump,Plumbing,31,Schneider,BOO-415,2020,38.0,Standby,Low,SYNTHETIC_VN_REALISTIC
EQ00839,BLD054,Cooling Tower,HVAC,Roof,Daikin,COO-240,2024,198.0,Active,Medium,SYNTHETIC_VN_REALISTIC
EQ00840,BLD054,Chiller,HVAC,21,Hitachi,CHI-298,2015,158.6,Active,Medium,SYNTHETIC_VN_REALISTIC
EQ00841,BLD054,MDB,Electrical,17,Daikin,MDB-583,2012,308.5,Maintenance,High,SYNTHETIC_VN_REALISTIC
EQ00842,BLD054,Fire Pump,Fire Safety,5,Siemens,FIR-111,2023,312.1,Standby,Low,SYNTHETIC_VN_REALISTIC
EQ00843,BLD055,Water Pump,Plumbing,21,Trane,WAT-344,2022,395.8,Active,Low,SYNTHETIC_VN_REALISTIC
EQ00844,BLD055,MDB,Electrical,5,Trane,MDB-350,2025,33.7,Maintenance,High,SYNTHETIC_VN_REALISTIC
EQ00845,BLD055,Booster Pump,Plumbing,9,Carrier,BOO-539,2022,432.3,Standby,High,SYNTHETIC_VN_REALISTIC
EQ00846,BLD055,Temperature Sensor,BMS,22,Hitachi,TEM-234,2022,0,Active,Medium,SYNTHETIC_VN_REALISTIC
EQ00847,BLD055,CO2 Sensor,BMS,28,Panasonic,CO2-494,2023,0,Maintenance,Medium,SYNTHETIC_VN_REALISTIC
EQ00848,BLD055,Split AC,HVAC,3,Hitachi,SPL-730,2025,379.2,Maintenance,High,SYNTHETIC_VN_REALISTIC
EQ00849,BLD055,Humidity Sensor,BMS,7,Daikin,HUM-861,2023,0,Active,Low,SYNTHETIC_VN_REALISTIC
EQ00850,BLD055,Water Pump,Plumbing,1,Schneider,WAT-718,2026,143.6,Active,Low,SYNTHETIC_VN_REALISTIC
EQ00851,BLD055,Generator,Electrical,2,Hitachi,GEN-844,2025,96.1,Active,High,SYNTHETIC_VN_REALISTIC
EQ00852,BLD055,Lighting Panel,Lighting,5,Daikin,LIG-611,2026,279.3,Active,Medium,SYNTHETIC_VN_REALISTIC
EQ00853,BLD055,Generator,Electrical,22,Carrier,GEN-781,2022,427.8,Active,High,SYNTHETIC_VN_REALISTIC
EQ00854,BLD055,Lift,Vertical Transport,16,LS Electric,LIF-655,2023,284.4,Active,High,SYNTHETIC_VN_REALISTIC
EQ00855,BLD055,Booster Pump,Plumbing,21,LS Electric,BOO-664,2025,384.5,Active,High,SYNTHETIC_VN_REALISTIC
EQ00856,BLD055,Humidity Sensor,BMS,15,Carrier,HUM-467,2023,0,Active,High,SYNTHETIC_VN_REALISTIC
EQ00857,BLD056,Split AC,HVAC,11,Hitachi,SPL-622,2010,225.2,Standby,High,SYNTHETIC_VN_REALISTIC
EQ00858,BLD056,Temperature Sensor,BMS,15,Schneider,TEM-272,2013,0,Active,Low,SYNTHETIC_VN_REALISTIC
EQ00859,BLD056,Cooling Tower,HVAC,Roof,Panasonic,COO-881,2010,3.5,Active,Low,SYNTHETIC_VN_REALISTIC
EQ00860,BLD056,MDB,Electrical,9,Trane,MDB-756,2014,235.4,Active,High,SYNTHETIC_VN_REALISTIC
EQ00861,BLD056,Generator,Electrical,20,ABB,GEN-239,2014,325.6,Active,High,SYNTHETIC_VN_REALISTIC
EQ00862,BLD056,Transformer,Electrical,18,Schneider,TRA-559,2022,64.8,Active,High,SYNTHETIC_VN_REALISTIC
EQ00863,BLD056,CO2 Sensor,BMS,14,Grundfos,CO2-735,2000,0,Active,Low,SYNTHETIC_VN_REALISTIC
EQ00864,BLD056,CO2 Sensor,BMS,16,Toshiba,CO2-488,2006,0,Standby,Low,SYNTHETIC_VN_REALISTIC
EQ00865,BLD056,Lighting Panel,Lighting,16,Carrier,LIG-549,2001,68.2,Standby,Low,SYNTHETIC_VN_REALISTIC
EQ00866,BLD056,Generator,Electrical,13,Grundfos,GEN-802,2010,225.3,Active,Medium,SYNTHETIC_VN_REALISTIC
EQ00867,BLD056,CO2 Sensor,BMS,16,Hitachi,CO2-402,2025,0,Maintenance,Low,SYNTHETIC_VN_REALISTIC
EQ00868,BLD056,Temperature Sensor,BMS,18,Daikin,TEM-843,2013,0,Active,Medium,SYNTHETIC_VN_REALISTIC
EQ00869,BLD056,Booster Pump,Plumbing,7,Grundfos,BOO-450,2012,264.8,Active,Medium,SYNTHETIC_VN_REALISTIC
EQ00870,BLD056,Humidity Sensor,BMS,11,Trane,HUM-273,2007,0,Active,High,SYNTHETIC_VN_REALISTIC
EQ00871,BLD056,Split AC,HVAC,5,Carrier,SPL-114,2001,385.0,Active,High,SYNTHETIC_VN_REALISTIC
EQ00872,BLD056,Booster Pump,Plumbing,7,ABB,BOO-500,2022,341.0,Active,High,SYNTHETIC_VN_REALISTIC
EQ00873,BLD057,MDB,Electrical,4,ABB,MDB-172,2008,53.0,Active,High,SYNTHETIC_VN_REALISTIC
EQ00874,BLD057,Cooling Tower,HVAC,Roof,Daikin,COO-595,2009,61.7,Maintenance,Low,SYNTHETIC_VN_REALISTIC
EQ00875,BLD057,Temperature Sensor,BMS,27,LS Electric,TEM-514,2019,0,Active,Low,SYNTHETIC_VN_REALISTIC
EQ00876,BLD057,Water Pump,Plumbing,19,Siemens,WAT-359,2009,18.8,Active,High,SYNTHETIC_VN_REALISTIC
EQ00877,BLD057,AHU,HVAC,15,Grundfos,AHU-320,2010,380.7,Active,Low,SYNTHETIC_VN_REALISTIC
EQ00878,BLD057,Humidity Sensor,BMS,17,Panasonic,HUM-923,2015,0,Active,Medium,SYNTHETIC_VN_REALISTIC
EQ00879,BLD057,Split AC,HVAC,32,Grundfos,SPL-760,2022,369.9,Active,High,SYNTHETIC_VN_REALISTIC
EQ00880,BLD057,Cooling Tower,HVAC,Roof,Panasonic,COO-596,2010,429.7,Active,Medium,SYNTHETIC_VN_REALISTIC
EQ00881,BLD057,Temperature Sensor,BMS,32,Mitsubishi,TEM-648,2009,0,Active,High,SYNTHETIC_VN_REALISTIC
EQ00882,BLD057,Split AC,HVAC,4,Schneider,SPL-834,2012,379.8,Active,Medium,SYNTHETIC_VN_REALISTIC
EQ00883,BLD057,AHU,HVAC,19,Siemens,AHU-993,2009,256.8,Active,Low,SYNTHETIC_VN_REALISTIC
EQ00884,BLD057,Lighting Panel,Lighting,11,Grundfos,LIG-607,2009,298.3,Maintenance,High,SYNTHETIC_VN_REALISTIC
EQ00885,BLD057,CO2 Sensor,BMS,12,Toshiba,CO2-707,2025,0,Active,High,SYNTHETIC_VN_REALISTIC
EQ00886,BLD057,Temperature Sensor,BMS,5,Grundfos,TEM-619,2026,0,Active,Low,SYNTHETIC_VN_REALISTIC
EQ00887,BLD057,Cooling Tower,HVAC,Roof,LS Electric,COO-899,2012,392.7,Standby,High,SYNTHETIC_VN_REALISTIC
EQ00888,BLD057,Temperature Sensor,BMS,6,LS Electric,TEM-443,2026,0,Active,High,SYNTHETIC_VN_REALISTIC
EQ00889,BLD057,Water Pump,Plumbing,7,Hitachi,WAT-921,2018,55.6,Active,Medium,SYNTHETIC_VN_REALISTIC
EQ00890,BLD057,Humidity Sensor,BMS,25,Siemens,HUM-406,2018,0,Standby,Medium,SYNTHETIC_VN_REALISTIC
EQ00891,BLD057,FCU,HVAC,14,Siemens,FCU-476,2008,386.3,Active,High,SYNTHETIC_VN_REALISTIC
EQ00892,BLD057,Chiller,HVAC,30,Mitsubishi,CHI-431,2026,258.7,Active,Medium,SYNTHETIC_VN_REALISTIC
EQ00893,BLD057,Transformer,Electrical,4,Schneider,TRA-517,2011,392.8,Active,High,SYNTHETIC_VN_REALISTIC
EQ00894,BLD058,Generator,Electrical,21,Grundfos,GEN-393,2012,129.3,Active,High,SYNTHETIC_VN_REALISTIC
EQ00895,BLD058,CO2 Sensor,BMS,23,Toshiba,CO2-755,2016,0,Standby,High,SYNTHETIC_VN_REALISTIC
EQ00896,BLD058,Lighting Panel,Lighting,23,Daikin,LIG-953,2026,2.6,Active,Medium,SYNTHETIC_VN_REALISTIC
EQ00897,BLD058,Booster Pump,Plumbing,18,Trane,BOO-817,2015,332.5,Active,Medium,SYNTHETIC_VN_REALISTIC
EQ00898,BLD058,Temperature Sensor,BMS,22,Daikin,TEM-550,2022,0,Active,High,SYNTHETIC_VN_REALISTIC
EQ00899,BLD058,Generator,Electrical,19,Schneider,GEN-681,2017,307.2,Active,Low,SYNTHETIC_VN_REALISTIC
EQ00900,BLD058,Humidity Sensor,BMS,10,Siemens,HUM-435,2008,0,Maintenance,High,SYNTHETIC_VN_REALISTIC
EQ00901,BLD058,Water Pump,Plumbing,23,Schneider,WAT-273,2012,30.2,Active,Medium,SYNTHETIC_VN_REALISTIC
EQ00902,BLD058,Transformer,Electrical,16,Siemens,TRA-841,2010,383.8,Active,High,SYNTHETIC_VN_REALISTIC
EQ00903,BLD058,AHU,HVAC,14,Daikin,AHU-848,2016,37.7,Active,High,SYNTHETIC_VN_REALISTIC
EQ00904,BLD058,Water Pump,Plumbing,23,Toshiba,WAT-520,2012,296.5,Standby,High,SYNTHETIC_VN_REALISTIC
EQ00905,BLD058,Split AC,HVAC,12,Toshiba,SPL-576,2008,337.6,Standby,Medium,SYNTHETIC_VN_REALISTIC
EQ00906,BLD058,FCU,HVAC,20,Grundfos,FCU-448,2006,300.8,Standby,Low,SYNTHETIC_VN_REALISTIC
EQ00907,BLD058,Lift,Vertical Transport,9,Toshiba,LIF-724,2008,352.7,Active,High,SYNTHETIC_VN_REALISTIC
EQ00908,BLD058,Booster Pump,Plumbing,17,Schneider,BOO-600,2019,78.3,Standby,High,SYNTHETIC_VN_REALISTIC
EQ00909,BLD058,Lighting Panel,Lighting,15,Schneider,LIG-622,2016,127.5,Active,Low,SYNTHETIC_VN_REALISTIC
EQ00910,BLD058,Lighting Panel,Lighting,4,Toshiba,LIG-152,2011,98.7,Active,Medium,SYNTHETIC_VN_REALISTIC
EQ00911,BLD058,Lighting Panel,Lighting,14,Schneider,LIG-991,2008,358.0,Active,High,SYNTHETIC_VN_REALISTIC
EQ00912,BLD058,Lift,Vertical Transport,1,Mitsubishi,LIF-761,2011,116.2,Active,High,SYNTHETIC_VN_REALISTIC
EQ00913,BLD058,Chiller,HVAC,8,Daikin,CHI-904,2019,294.2,Active,Low,SYNTHETIC_VN_REALISTIC
EQ00914,BLD059,Booster Pump,Plumbing,27,Mitsubishi,BOO-628,2011,222.1,Maintenance,High,SYNTHETIC_VN_REALISTIC
EQ00915,BLD059,Water Pump,Plumbing,5,Carrier,WAT-835,2013,186.4,Active,High,SYNTHETIC_VN_REALISTIC
EQ00916,BLD059,Transformer,Electrical,12,Grundfos,TRA-741,2023,436.2,Standby,High,SYNTHETIC_VN_REALISTIC
EQ00917,BLD059,Generator,Electrical,6,Daikin,GEN-274,2004,403.9,Maintenance,Low,SYNTHETIC_VN_REALISTIC
EQ00918,BLD059,Generator,Electrical,10,Carrier,GEN-551,2006,411.7,Maintenance,High,SYNTHETIC_VN_REALISTIC
EQ00919,BLD059,Water Pump,Plumbing,32,ABB,WAT-650,2008,160.1,Active,High,SYNTHETIC_VN_REALISTIC
EQ00920,BLD059,Split AC,HVAC,18,Daikin,SPL-383,2008,121.2,Active,Medium,SYNTHETIC_VN_REALISTIC
EQ00921,BLD059,Booster Pump,Plumbing,20,Daikin,BOO-659,2024,332.6,Active,High,SYNTHETIC_VN_REALISTIC
EQ00922,BLD059,Temperature Sensor,BMS,13,Panasonic,TEM-163,2025,0,Active,Low,SYNTHETIC_VN_REALISTIC
EQ00923,BLD059,Generator,Electrical,18,Panasonic,GEN-877,2022,179.5,Active,Medium,SYNTHETIC_VN_REALISTIC
EQ00924,BLD059,Water Pump,Plumbing,19,ABB,WAT-756,2005,26.2,Standby,High,SYNTHETIC_VN_REALISTIC
EQ00925,BLD059,FCU,HVAC,32,Panasonic,FCU-802,2009,300.1,Active,High,SYNTHETIC_VN_REALISTIC
EQ00926,BLD059,CO2 Sensor,BMS,26,Grundfos,CO2-125,2009,0,Standby,Low,SYNTHETIC_VN_REALISTIC
EQ00927,BLD059,FCU,HVAC,34,Panasonic,FCU-376,2004,306.7,Maintenance,High,SYNTHETIC_VN_REALISTIC
EQ00928,BLD059,Fire Pump,Fire Safety,26,LS Electric,FIR-273,2007,379.8,Active,Medium,SYNTHETIC_VN_REALISTIC
EQ00929,BLD059,Split AC,HVAC,31,LS Electric,SPL-353,2004,151.2,Active,High,SYNTHETIC_VN_REALISTIC
EQ00930,BLD059,Split AC,HVAC,34,Toshiba,SPL-758,2020,407.8,Active,High,SYNTHETIC_VN_REALISTIC
EQ00931,BLD059,Split AC,HVAC,9,Grundfos,SPL-604,2019,165.2,Maintenance,High,SYNTHETIC_VN_REALISTIC
EQ00932,BLD060,Lighting Panel,Lighting,2,Schneider,LIG-330,2004,265.0,Active,Medium,SYNTHETIC_VN_REALISTIC
EQ00933,BLD060,CO2 Sensor,BMS,8,ABB,CO2-761,2013,0,Active,High,SYNTHETIC_VN_REALISTIC
EQ00934,BLD060,Water Pump,Plumbing,3,Trane,WAT-526,2009,227.8,Maintenance,High,SYNTHETIC_VN_REALISTIC
EQ00935,BLD060,MDB,Electrical,8,Panasonic,MDB-104,2009,174.9,Active,Low,SYNTHETIC_VN_REALISTIC
EQ00936,BLD060,Humidity Sensor,BMS,6,Schneider,HUM-454,2019,0,Standby,Medium,SYNTHETIC_VN_REALISTIC
EQ00937,BLD060,Chiller,HVAC,2,Grundfos,CHI-940,2023,376.9,Standby,Medium,SYNTHETIC_VN_REALISTIC
EQ00938,BLD060,Water Pump,Plumbing,6,Mitsubishi,WAT-788,2020,95.8,Standby,High,SYNTHETIC_VN_REALISTIC
EQ00939,BLD060,Lift,Vertical Transport,9,Schneider,LIF-387,2024,25.7,Active,Low,SYNTHETIC_VN_REALISTIC
EQ00940,BLD060,FCU,HVAC,10,Mitsubishi,FCU-899,2008,221.5,Active,High,SYNTHETIC_VN_REALISTIC
EQ00941,BLD060,Split AC,HVAC,10,Schneider,SPL-931,2020,161.2,Active,Medium,SYNTHETIC_VN_REALISTIC
EQ00942,BLD060,Lighting Panel,Lighting,7,Hitachi,LIG-629,2007,217.3,Active,Medium,SYNTHETIC_VN_REALISTIC
EQ00943,BLD060,Split AC,HVAC,9,ABB,SPL-895,2022,227.9,Active,High,SYNTHETIC_VN_REALISTIC
EQ00944,BLD060,MDB,Electrical,9,Hitachi,MDB-163,2013,207.1,Active,High,SYNTHETIC_VN_REALISTIC
EQ00945,BLD060,Temperature Sensor,BMS,2,Hitachi,TEM-421,2015,0,Active,Medium,SYNTHETIC_VN_REALISTIC
EQ00946,BLD060,FCU,HVAC,8,LS Electric,FCU-644,2023,324.9,Maintenance,Low,SYNTHETIC_VN_REALISTIC
EQ00947,BLD060,Cooling Tower,HVAC,Roof,Carrier,COO-124,2012,124.7,Active,High,SYNTHETIC_VN_REALISTIC
EQ00948,BLD060,Split AC,HVAC,3,Panasonic,SPL-402,2012,161.7,Maintenance,Low,SYNTHETIC_VN_REALISTIC
EQ00949,BLD060,Fire Pump,Fire Safety,4,Carrier,FIR-869,2019,16.7,Active,Low,SYNTHETIC_VN_REALISTIC
EQ00950,BLD060,Cooling Tower,HVAC,Roof,Grundfos,COO-671,2017,22.6,Active,Medium,SYNTHETIC_VN_REALISTIC
EQ00951,BLD061,Temperature Sensor,BMS,5,Mitsubishi,TEM-901,2020,0,Standby,Medium,SYNTHETIC_VN_REALISTIC
EQ00952,BLD061,AHU,HVAC,16,Mitsubishi,AHU-312,2012,67.9,Active,Medium,SYNTHETIC_VN_REALISTIC
EQ00953,BLD061,Cooling Tower,HVAC,Roof,Hitachi,COO-688,2012,197.3,Active,High,SYNTHETIC_VN_REALISTIC
EQ00954,BLD061,Temperature Sensor,BMS,5,Panasonic,TEM-743,2021,0,Standby,High,SYNTHETIC_VN_REALISTIC
EQ00955,BLD061,Lift,Vertical Transport,8,LS Electric,LIF-196,2018,47.4,Maintenance,High,SYNTHETIC_VN_REALISTIC
EQ00956,BLD061,Generator,Electrical,9,Siemens,GEN-359,2015,88.6,Active,High,SYNTHETIC_VN_REALISTIC
EQ00957,BLD061,Split AC,HVAC,11,Hitachi,SPL-621,2018,226.7,Active,High,SYNTHETIC_VN_REALISTIC
EQ00958,BLD061,Water Pump,Plumbing,6,Schneider,WAT-691,2014,368.8,Active,Low,SYNTHETIC_VN_REALISTIC
EQ00959,BLD061,FCU,HVAC,16,Daikin,FCU-380,2022,196.7,Active,Low,SYNTHETIC_VN_REALISTIC
EQ00960,BLD061,FCU,HVAC,13,LS Electric,FCU-673,2025,434.6,Maintenance,High,SYNTHETIC_VN_REALISTIC
EQ00961,BLD061,Chiller,HVAC,8,ABB,CHI-945,2023,184.7,Active,Medium,SYNTHETIC_VN_REALISTIC
EQ00962,BLD061,AHU,HVAC,5,Carrier,AHU-634,2012,123.5,Standby,High,SYNTHETIC_VN_REALISTIC
EQ00963,BLD061,Lift,Vertical Transport,18,Grundfos,LIF-847,2020,48.1,Standby,High,SYNTHETIC_VN_REALISTIC
EQ00964,BLD061,Fire Pump,Fire Safety,5,Hitachi,FIR-668,2022,328.9,Standby,High,SYNTHETIC_VN_REALISTIC
EQ00965,BLD062,FCU,HVAC,4,ABB,FCU-104,2022,186.5,Active,High,SYNTHETIC_VN_REALISTIC
EQ00966,BLD062,Transformer,Electrical,2,Hitachi,TRA-686,2013,241.5,Maintenance,Low,SYNTHETIC_VN_REALISTIC
EQ00967,BLD062,Split AC,HVAC,3,Panasonic,SPL-577,2019,132.8,Active,High,SYNTHETIC_VN_REALISTIC
EQ00968,BLD062,Humidity Sensor,BMS,2,LS Electric,HUM-504,2018,0,Active,Low,SYNTHETIC_VN_REALISTIC
EQ00969,BLD062,Temperature Sensor,BMS,2,Grundfos,TEM-279,2013,0,Active,Medium,SYNTHETIC_VN_REALISTIC
EQ00970,BLD062,Booster Pump,Plumbing,2,Hitachi,BOO-119,2011,77.0,Active,Low,SYNTHETIC_VN_REALISTIC
EQ00971,BLD062,CO2 Sensor,BMS,4,Grundfos,CO2-816,2010,0,Active,High,SYNTHETIC_VN_REALISTIC
EQ00972,BLD062,Chiller,HVAC,1,LS Electric,CHI-666,2020,285.0,Active,Low,SYNTHETIC_VN_REALISTIC
EQ00973,BLD062,Water Pump,Plumbing,2,Carrier,WAT-565,2021,290.5,Active,Low,SYNTHETIC_VN_REALISTIC
EQ00974,BLD062,Fire Pump,Fire Safety,4,Toshiba,FIR-993,2018,262.4,Standby,Medium,SYNTHETIC_VN_REALISTIC
EQ00975,BLD062,Lift,Vertical Transport,1,Grundfos,LIF-457,2024,424.1,Standby,High,SYNTHETIC_VN_REALISTIC
EQ00976,BLD062,Cooling Tower,HVAC,Roof,Trane,COO-545,2023,214.8,Active,Medium,SYNTHETIC_VN_REALISTIC
EQ00977,BLD062,Generator,Electrical,1,Schneider,GEN-638,2011,102.3,Standby,Medium,SYNTHETIC_VN_REALISTIC
EQ00978,BLD062,CO2 Sensor,BMS,4,ABB,CO2-581,2010,0,Standby,High,SYNTHETIC_VN_REALISTIC
EQ00979,BLD062,Lift,Vertical Transport,4,LS Electric,LIF-990,2020,275.2,Maintenance,High,SYNTHETIC_VN_REALISTIC
EQ00980,BLD062,Transformer,Electrical,1,Daikin,TRA-198,2013,378.4,Active,Medium,SYNTHETIC_VN_REALISTIC
EQ00981,BLD062,Temperature Sensor,BMS,4,Toshiba,TEM-109,2010,0,Active,High,SYNTHETIC_VN_REALISTIC
EQ00982,BLD063,AHU,HVAC,17,Carrier,AHU-292,2006,268.1,Active,High,SYNTHETIC_VN_REALISTIC
EQ00983,BLD063,FCU,HVAC,18,Trane,FCU-969,2021,178.9,Standby,High,SYNTHETIC_VN_REALISTIC
EQ00984,BLD063,Transformer,Electrical,14,Panasonic,TRA-141,2022,190.5,Active,High,SYNTHETIC_VN_REALISTIC
EQ00985,BLD063,Transformer,Electrical,16,LS Electric,TRA-403,2007,167.0,Active,Medium,SYNTHETIC_VN_REALISTIC
EQ00986,BLD063,CO2 Sensor,BMS,8,Mitsubishi,CO2-763,2008,0,Active,High,SYNTHETIC_VN_REALISTIC
EQ00987,BLD063,AHU,HVAC,4,Toshiba,AHU-384,2026,118.9,Active,High,SYNTHETIC_VN_REALISTIC
EQ00988,BLD063,Split AC,HVAC,18,Panasonic,SPL-868,2012,144.6,Active,High,SYNTHETIC_VN_REALISTIC
EQ00989,BLD063,Generator,Electrical,27,Toshiba,GEN-654,2006,425.1,Active,High,SYNTHETIC_VN_REALISTIC
EQ00990,BLD063,Lift,Vertical Transport,35,Grundfos,LIF-399,2017,193.0,Standby,Low,SYNTHETIC_VN_REALISTIC
EQ00991,BLD063,Cooling Tower,HVAC,Roof,Trane,COO-465,2026,73.0,Maintenance,Low,SYNTHETIC_VN_REALISTIC
EQ00992,BLD063,Split AC,HVAC,3,ABB,SPL-302,2024,368.5,Standby,High,SYNTHETIC_VN_REALISTIC
EQ00993,BLD063,Lighting Panel,Lighting,34,Carrier,LIG-402,2008,13.0,Active,High,SYNTHETIC_VN_REALISTIC
EQ00994,BLD063,Water Pump,Plumbing,35,Panasonic,WAT-479,2020,343.7,Maintenance,High,SYNTHETIC_VN_REALISTIC
EQ00995,BLD063,Temperature Sensor,BMS,25,LS Electric,TEM-905,2008,0,Active,Low,SYNTHETIC_VN_REALISTIC
EQ00996,BLD064,Transformer,Electrical,8,Siemens,TRA-506,2023,126.4,Active,Low,SYNTHETIC_VN_REALISTIC
EQ00997,BLD064,FCU,HVAC,11,Toshiba,FCU-576,2025,216.7,Active,Medium,SYNTHETIC_VN_REALISTIC
EQ00998,BLD064,Lighting Panel,Lighting,10,Carrier,LIG-508,2016,157.9,Active,Low,SYNTHETIC_VN_REALISTIC
EQ00999,BLD064,MDB,Electrical,9,Daikin,MDB-208,2017,137.8,Active,High,SYNTHETIC_VN_REALISTIC
EQ01000,BLD064,Fire Pump,Fire Safety,17,Daikin,FIR-233,2021,151.7,Active,Low,SYNTHETIC_VN_REALISTIC
EQ01001,BLD064,AHU,HVAC,4,Daikin,AHU-936,2009,444.4,Active,Medium,SYNTHETIC_VN_REALISTIC
EQ01002,BLD064,Generator,Electrical,13,Panasonic,GEN-494,1999,216.9,Active,High,SYNTHETIC_VN_REALISTIC
EQ01003,BLD064,AHU,HVAC,7,Siemens,AHU-111,2006,230.7,Maintenance,Low,SYNTHETIC_VN_REALISTIC
EQ01004,BLD064,CO2 Sensor,BMS,12,Schneider,CO2-307,1999,0,Standby,Low,SYNTHETIC_VN_REALISTIC
EQ01005,BLD064,Generator,Electrical,5,Mitsubishi,GEN-960,2021,174.9,Active,High,SYNTHETIC_VN_REALISTIC
EQ01006,BLD064,Generator,Electrical,3,Daikin,GEN-820,2024,430.9,Active,Low,SYNTHETIC_VN_REALISTIC
EQ01007,BLD064,Temperature Sensor,BMS,2,Hitachi,TEM-799,2008,0,Maintenance,High,SYNTHETIC_VN_REALISTIC
EQ01008,BLD064,FCU,HVAC,14,Trane,FCU-853,2019,47.0,Active,Medium,SYNTHETIC_VN_REALISTIC
EQ01009,BLD064,CO2 Sensor,BMS,10,ABB,CO2-762,2002,0,Active,Low,SYNTHETIC_VN_REALISTIC
EQ01010,BLD064,Humidity Sensor,BMS,19,ABB,HUM-240,2009,0,Standby,High,SYNTHETIC_VN_REALISTIC
EQ01011,BLD064,FCU,HVAC,2,ABB,FCU-464,2001,407.9,Active,High,SYNTHETIC_VN_REALISTIC
EQ01012,BLD064,AHU,HVAC,13,Hitachi,AHU-577,2018,52.0,Active,High,SYNTHETIC_VN_REALISTIC
EQ01013,BLD064,CO2 Sensor,BMS,7,Panasonic,CO2-822,2005,0,Maintenance,Low,SYNTHETIC_VN_REALISTIC
EQ01014,BLD064,Transformer,Electrical,13,Trane,TRA-752,2021,222.0,Active,High,SYNTHETIC_VN_REALISTIC
EQ01015,BLD064,MDB,Electrical,16,Mitsubishi,MDB-803,2016,298.8,Active,Low,SYNTHETIC_VN_REALISTIC
EQ01016,BLD065,FCU,HVAC,12,LS Electric,FCU-416,2023,242.4,Active,Medium,SYNTHETIC_VN_REALISTIC
EQ01017,BLD065,Chiller,HVAC,6,Schneider,CHI-741,2026,413.8,Active,High,SYNTHETIC_VN_REALISTIC
EQ01018,BLD065,CO2 Sensor,BMS,8,Daikin,CO2-426,2026,0,Active,High,SYNTHETIC_VN_REALISTIC
EQ01019,BLD065,Lift,Vertical Transport,7,Trane,LIF-834,2024,418.7,Active,High,SYNTHETIC_VN_REALISTIC
EQ01020,BLD065,Water Pump,Plumbing,7,Mitsubishi,WAT-293,2024,215.5,Active,High,SYNTHETIC_VN_REALISTIC
EQ01021,BLD065,FCU,HVAC,14,LS Electric,FCU-792,2024,40.6,Maintenance,Low,SYNTHETIC_VN_REALISTIC
EQ01022,BLD065,Transformer,Electrical,5,Grundfos,TRA-228,2022,308.3,Active,Medium,SYNTHETIC_VN_REALISTIC
EQ01023,BLD065,Temperature Sensor,BMS,7,ABB,TEM-254,2022,0,Active,High,SYNTHETIC_VN_REALISTIC
EQ01024,BLD065,Temperature Sensor,BMS,8,ABB,TEM-989,2023,0,Active,Medium,SYNTHETIC_VN_REALISTIC
EQ01025,BLD065,Chiller,HVAC,2,Daikin,CHI-435,2026,147.6,Active,Medium,SYNTHETIC_VN_REALISTIC
EQ01026,BLD065,FCU,HVAC,3,Trane,FCU-823,2022,113.0,Active,High,SYNTHETIC_VN_REALISTIC
EQ01027,BLD065,Humidity Sensor,BMS,1,Siemens,HUM-784,2024,0,Maintenance,High,SYNTHETIC_VN_REALISTIC
EQ01028,BLD065,AHU,HVAC,9,Toshiba,AHU-518,2023,397.9,Active,High,SYNTHETIC_VN_REALISTIC
EQ01029,BLD065,Fire Pump,Fire Safety,9,Grundfos,FIR-894,2023,28.6,Active,Low,SYNTHETIC_VN_REALISTIC
EQ01030,BLD065,Fire Pump,Fire Safety,8,Hitachi,FIR-705,2022,42.7,Standby,High,SYNTHETIC_VN_REALISTIC
EQ01031,BLD065,Transformer,Electrical,5,Daikin,TRA-149,2022,112.4,Active,High,SYNTHETIC_VN_REALISTIC
EQ01032,BLD066,Chiller,HVAC,23,Mitsubishi,CHI-133,2022,200.4,Active,High,SYNTHETIC_VN_REALISTIC
EQ01033,BLD066,Temperature Sensor,BMS,19,Panasonic,TEM-237,2022,0,Active,High,SYNTHETIC_VN_REALISTIC
EQ01034,BLD066,Transformer,Electrical,27,Panasonic,TRA-938,2026,110.4,Maintenance,Low,SYNTHETIC_VN_REALISTIC
EQ01035,BLD066,MDB,Electrical,18,Trane,MDB-317,2024,233.0,Active,Low,SYNTHETIC_VN_REALISTIC
EQ01036,BLD066,Split AC,HVAC,20,Panasonic,SPL-216,2024,162.5,Standby,High,SYNTHETIC_VN_REALISTIC
EQ01037,BLD066,Cooling Tower,HVAC,Roof,Panasonic,COO-384,2026,415.7,Standby,Medium,SYNTHETIC_VN_REALISTIC
EQ01038,BLD066,Booster Pump,Plumbing,25,Carrier,BOO-141,2025,112.3,Standby,Low,SYNTHETIC_VN_REALISTIC
EQ01039,BLD066,Water Pump,Plumbing,9,Carrier,WAT-423,2026,171.7,Maintenance,Medium,SYNTHETIC_VN_REALISTIC
EQ01040,BLD066,MDB,Electrical,14,Toshiba,MDB-951,2023,296.7,Active,Medium,SYNTHETIC_VN_REALISTIC
EQ01041,BLD066,Fire Pump,Fire Safety,14,Mitsubishi,FIR-718,2025,344.9,Maintenance,Low,SYNTHETIC_VN_REALISTIC
EQ01042,BLD067,CO2 Sensor,BMS,5,LS Electric,CO2-373,2022,0,Standby,High,SYNTHETIC_VN_REALISTIC
EQ01043,BLD067,Water Pump,Plumbing,23,Mitsubishi,WAT-511,2024,409.2,Active,Medium,SYNTHETIC_VN_REALISTIC
EQ01044,BLD067,Lift,Vertical Transport,2,Schneider,LIF-593,2024,155.2,Standby,High,SYNTHETIC_VN_REALISTIC
EQ01045,BLD067,Booster Pump,Plumbing,6,Daikin,BOO-969,2025,175.1,Maintenance,High,SYNTHETIC_VN_REALISTIC
EQ01046,BLD067,Lift,Vertical Transport,8,Siemens,LIF-280,2026,360.8,Maintenance,Low,SYNTHETIC_VN_REALISTIC
EQ01047,BLD067,Temperature Sensor,BMS,14,ABB,TEM-983,2022,0,Standby,Medium,SYNTHETIC_VN_REALISTIC
EQ01048,BLD067,Chiller,HVAC,17,Grundfos,CHI-546,2026,42.1,Active,Low,SYNTHETIC_VN_REALISTIC
EQ01049,BLD067,Booster Pump,Plumbing,10,Daikin,BOO-951,2024,397.8,Active,Low,SYNTHETIC_VN_REALISTIC
EQ01050,BLD067,Transformer,Electrical,17,Siemens,TRA-442,2023,317.9,Active,High,SYNTHETIC_VN_REALISTIC
EQ01051,BLD067,Temperature Sensor,BMS,21,Mitsubishi,TEM-272,2026,0,Active,High,SYNTHETIC_VN_REALISTIC
EQ01052,BLD067,Temperature Sensor,BMS,12,Schneider,TEM-723,2025,0,Active,High,SYNTHETIC_VN_REALISTIC
EQ01053,BLD067,Lift,Vertical Transport,14,Trane,LIF-802,2022,303.6,Active,Medium,SYNTHETIC_VN_REALISTIC
EQ01054,BLD068,Lift,Vertical Transport,6,Schneider,LIF-785,2016,445.1,Standby,Medium,SYNTHETIC_VN_REALISTIC
EQ01055,BLD068,MDB,Electrical,7,Trane,MDB-987,2020,365.6,Maintenance,High,SYNTHETIC_VN_REALISTIC
EQ01056,BLD068,Chiller,HVAC,27,Schneider,CHI-309,2025,429.1,Active,High,SYNTHETIC_VN_REALISTIC
EQ01057,BLD068,MDB,Electrical,9,Trane,MDB-760,2002,28.2,Active,High,SYNTHETIC_VN_REALISTIC
EQ01058,BLD068,AHU,HVAC,15,Trane,AHU-658,2014,268.5,Active,High,SYNTHETIC_VN_REALISTIC
EQ01059,BLD068,Cooling Tower,HVAC,Roof,Panasonic,COO-181,2023,255.5,Standby,Medium,SYNTHETIC_VN_REALISTIC
EQ01060,BLD068,Water Pump,Plumbing,27,Toshiba,WAT-984,2017,430.1,Standby,Low,SYNTHETIC_VN_REALISTIC
EQ01061,BLD068,AHU,HVAC,3,ABB,AHU-818,2024,249.3,Active,Medium,SYNTHETIC_VN_REALISTIC
EQ01062,BLD068,Booster Pump,Plumbing,26,Daikin,BOO-324,2025,380.4,Active,High,SYNTHETIC_VN_REALISTIC
EQ01063,BLD068,Fire Pump,Fire Safety,24,Trane,FIR-786,2010,244.7,Maintenance,High,SYNTHETIC_VN_REALISTIC
EQ01064,BLD068,AHU,HVAC,21,Schneider,AHU-165,2019,239.4,Standby,Low,SYNTHETIC_VN_REALISTIC
EQ01065,BLD068,Generator,Electrical,21,Schneider,GEN-276,2014,395.1,Standby,High,SYNTHETIC_VN_REALISTIC
EQ01066,BLD068,Fire Pump,Fire Safety,26,Panasonic,FIR-979,2018,1.5,Active,Low,SYNTHETIC_VN_REALISTIC
EQ01067,BLD068,Fire Pump,Fire Safety,22,Daikin,FIR-190,2004,1.6,Active,High,SYNTHETIC_VN_REALISTIC
EQ01068,BLD068,Booster Pump,Plumbing,6,Carrier,BOO-707,2010,197.9,Active,Medium,SYNTHETIC_VN_REALISTIC
EQ01069,BLD068,Transformer,Electrical,6,Trane,TRA-998,2013,147.2,Active,Medium,SYNTHETIC_VN_REALISTIC
EQ01070,BLD068,Lighting Panel,Lighting,3,Grundfos,LIG-628,2022,84.2,Standby,Medium,SYNTHETIC_VN_REALISTIC
EQ01071,BLD068,CO2 Sensor,BMS,27,Grundfos,CO2-465,2023,0,Active,Low,SYNTHETIC_VN_REALISTIC
EQ01072,BLD068,Generator,Electrical,2,Toshiba,GEN-775,2015,190.3,Maintenance,Low,SYNTHETIC_VN_REALISTIC
EQ01073,BLD068,Booster Pump,Plumbing,6,Schneider,BOO-262,2007,160.2,Standby,Low,SYNTHETIC_VN_REALISTIC
EQ01074,BLD068,Generator,Electrical,31,Grundfos,GEN-576,2010,187.9,Active,Low,SYNTHETIC_VN_REALISTIC
EQ01075,BLD068,Generator,Electrical,12,LS Electric,GEN-770,2011,335.0,Maintenance,High,SYNTHETIC_VN_REALISTIC
EQ01076,BLD069,Split AC,HVAC,6,Siemens,SPL-508,2024,370.1,Active,High,SYNTHETIC_VN_REALISTIC
EQ01077,BLD069,Lift,Vertical Transport,7,Schneider,LIF-499,2024,196.9,Active,Medium,SYNTHETIC_VN_REALISTIC
EQ01078,BLD069,MDB,Electrical,4,Hitachi,MDB-141,2023,118.9,Maintenance,Medium,SYNTHETIC_VN_REALISTIC
EQ01079,BLD069,Booster Pump,Plumbing,7,Mitsubishi,BOO-277,2023,330.5,Active,Low,SYNTHETIC_VN_REALISTIC
EQ01080,BLD069,Booster Pump,Plumbing,7,ABB,BOO-460,2018,392.5,Active,High,SYNTHETIC_VN_REALISTIC
EQ01081,BLD069,Water Pump,Plumbing,5,Mitsubishi,WAT-667,2020,101.1,Active,High,SYNTHETIC_VN_REALISTIC
EQ01082,BLD069,Humidity Sensor,BMS,7,Siemens,HUM-914,2023,0,Standby,Low,SYNTHETIC_VN_REALISTIC
EQ01083,BLD069,Generator,Electrical,9,Grundfos,GEN-988,2022,126.8,Active,Low,SYNTHETIC_VN_REALISTIC
EQ01084,BLD069,Generator,Electrical,5,Siemens,GEN-240,2021,297.8,Active,Medium,SYNTHETIC_VN_REALISTIC
EQ01085,BLD069,Water Pump,Plumbing,13,Daikin,WAT-125,2019,200.9,Active,High,SYNTHETIC_VN_REALISTIC
EQ01086,BLD069,Humidity Sensor,BMS,13,Panasonic,HUM-263,2018,0,Standby,Low,SYNTHETIC_VN_REALISTIC
EQ01087,BLD069,FCU,HVAC,6,Schneider,FCU-535,2023,409.0,Maintenance,Medium,SYNTHETIC_VN_REALISTIC
EQ01088,BLD069,Fire Pump,Fire Safety,13,Panasonic,FIR-452,2017,13.2,Active,High,SYNTHETIC_VN_REALISTIC
EQ01089,BLD070,AHU,HVAC,3,Siemens,AHU-310,2017,69.5,Maintenance,High,SYNTHETIC_VN_REALISTIC
EQ01090,BLD070,Chiller,HVAC,6,Mitsubishi,CHI-232,2006,366.4,Active,Medium,SYNTHETIC_VN_REALISTIC
EQ01091,BLD070,Booster Pump,Plumbing,7,Trane,BOO-970,2006,144.0,Active,Medium,SYNTHETIC_VN_REALISTIC
EQ01092,BLD070,Chiller,HVAC,5,Mitsubishi,CHI-576,2005,77.7,Active,Low,SYNTHETIC_VN_REALISTIC
EQ01093,BLD070,FCU,HVAC,7,ABB,FCU-318,2021,78.6,Active,High,SYNTHETIC_VN_REALISTIC
EQ01094,BLD070,Water Pump,Plumbing,7,Daikin,WAT-833,2010,309.7,Maintenance,High,SYNTHETIC_VN_REALISTIC
EQ01095,BLD070,Split AC,HVAC,2,Trane,SPL-421,2026,211.4,Standby,Medium,SYNTHETIC_VN_REALISTIC
EQ01096,BLD070,MDB,Electrical,6,ABB,MDB-719,2004,278.6,Standby,Medium,SYNTHETIC_VN_REALISTIC
EQ01097,BLD070,Temperature Sensor,BMS,2,LS Electric,TEM-541,2013,0,Standby,Low,SYNTHETIC_VN_REALISTIC
EQ01098,BLD070,AHU,HVAC,6,ABB,AHU-887,2023,18.2,Active,High,SYNTHETIC_VN_REALISTIC
EQ01099,BLD070,Cooling Tower,HVAC,Roof,Schneider,COO-831,2017,396.6,Active,Medium,SYNTHETIC_VN_REALISTIC
EQ01100,BLD070,AHU,HVAC,7,ABB,AHU-173,2008,318.3,Active,Medium,SYNTHETIC_VN_REALISTIC
EQ01101,BLD071,Humidity Sensor,BMS,1,Toshiba,HUM-903,2009,0,Standby,Low,SYNTHETIC_VN_REALISTIC
EQ01102,BLD071,FCU,HVAC,6,Panasonic,FCU-444,2006,398.3,Standby,Low,SYNTHETIC_VN_REALISTIC
EQ01103,BLD071,Cooling Tower,HVAC,Roof,Trane,COO-235,2016,176.7,Maintenance,Medium,SYNTHETIC_VN_REALISTIC
EQ01104,BLD071,Lift,Vertical Transport,7,Hitachi,LIF-654,2025,298.8,Active,High,SYNTHETIC_VN_REALISTIC
EQ01105,BLD071,Temperature Sensor,BMS,6,LS Electric,TEM-525,2018,0,Maintenance,High,SYNTHETIC_VN_REALISTIC
EQ01106,BLD071,Humidity Sensor,BMS,1,Toshiba,HUM-831,2023,0,Active,High,SYNTHETIC_VN_REALISTIC
EQ01107,BLD071,Humidity Sensor,BMS,7,Hitachi,HUM-837,2007,0,Active,Medium,SYNTHETIC_VN_REALISTIC
EQ01108,BLD071,Lift,Vertical Transport,7,Panasonic,LIF-814,2018,369.6,Active,High,SYNTHETIC_VN_REALISTIC
EQ01109,BLD071,Humidity Sensor,BMS,7,Panasonic,HUM-217,2024,0,Active,Medium,SYNTHETIC_VN_REALISTIC
EQ01110,BLD071,Transformer,Electrical,3,Schneider,TRA-224,2011,356.3,Active,Medium,SYNTHETIC_VN_REALISTIC
EQ01111,BLD071,Transformer,Electrical,3,Mitsubishi,TRA-323,2009,186.6,Active,High,SYNTHETIC_VN_REALISTIC
EQ01112,BLD071,Chiller,HVAC,7,LS Electric,CHI-977,2012,314.5,Maintenance,High,SYNTHETIC_VN_REALISTIC
EQ01113,BLD071,Split AC,HVAC,5,LS Electric,SPL-582,2020,180.4,Active,High,SYNTHETIC_VN_REALISTIC
EQ01114,BLD071,Humidity Sensor,BMS,3,Schneider,HUM-252,2020,0,Active,High,SYNTHETIC_VN_REALISTIC
EQ01115,BLD071,Lighting Panel,Lighting,4,Mitsubishi,LIG-978,2021,12.3,Maintenance,Medium,SYNTHETIC_VN_REALISTIC
EQ01116,BLD072,Cooling Tower,HVAC,Roof,Trane,COO-928,2021,329.5,Active,High,SYNTHETIC_VN_REALISTIC
EQ01117,BLD072,Transformer,Electrical,16,Grundfos,TRA-925,2024,164.3,Standby,Medium,SYNTHETIC_VN_REALISTIC
EQ01118,BLD072,Chiller,HVAC,22,Schneider,CHI-992,2022,0.5,Standby,High,SYNTHETIC_VN_REALISTIC
EQ01119,BLD072,Humidity Sensor,BMS,19,Hitachi,HUM-100,2026,0,Active,High,SYNTHETIC_VN_REALISTIC
EQ01120,BLD072,Transformer,Electrical,15,Grundfos,TRA-120,2022,8.2,Standby,High,SYNTHETIC_VN_REALISTIC
EQ01121,BLD072,Lighting Panel,Lighting,17,Hitachi,LIG-843,2025,377.0,Active,Low,SYNTHETIC_VN_REALISTIC
EQ01122,BLD072,Generator,Electrical,11,Schneider,GEN-260,2021,235.4,Active,Low,SYNTHETIC_VN_REALISTIC
EQ01123,BLD072,Generator,Electrical,16,Hitachi,GEN-648,2023,155.2,Maintenance,Medium,SYNTHETIC_VN_REALISTIC
EQ01124,BLD072,AHU,HVAC,2,Daikin,AHU-408,2024,378.7,Active,High,SYNTHETIC_VN_REALISTIC
EQ01125,BLD072,Booster Pump,Plumbing,19,Hitachi,BOO-713,2022,23.6,Active,High,SYNTHETIC_VN_REALISTIC
EQ01126,BLD072,CO2 Sensor,BMS,19,Mitsubishi,CO2-708,2024,0,Active,Medium,SYNTHETIC_VN_REALISTIC
EQ01127,BLD073,FCU,HVAC,5,Daikin,FCU-177,2014,366.9,Active,High,SYNTHETIC_VN_REALISTIC
EQ01128,BLD073,Generator,Electrical,3,Mitsubishi,GEN-660,2016,148.4,Standby,Medium,SYNTHETIC_VN_REALISTIC
EQ01129,BLD073,MDB,Electrical,1,Toshiba,MDB-201,2012,226.5,Standby,High,SYNTHETIC_VN_REALISTIC
EQ01130,BLD073,MDB,Electrical,2,Mitsubishi,MDB-868,2024,4.0,Active,High,SYNTHETIC_VN_REALISTIC
EQ01131,BLD073,Cooling Tower,HVAC,Roof,Panasonic,COO-345,2021,229.6,Active,High,SYNTHETIC_VN_REALISTIC
EQ01132,BLD073,Transformer,Electrical,1,Schneider,TRA-501,2014,194.7,Active,Low,SYNTHETIC_VN_REALISTIC
EQ01133,BLD073,Lighting Panel,Lighting,3,Siemens,LIG-525,2026,246.2,Active,High,SYNTHETIC_VN_REALISTIC
EQ01134,BLD073,Chiller,HVAC,5,Hitachi,CHI-170,2018,262.3,Active,High,SYNTHETIC_VN_REALISTIC
EQ01135,BLD073,Lift,Vertical Transport,4,Panasonic,LIF-308,2022,135.8,Active,Medium,SYNTHETIC_VN_REALISTIC
EQ01136,BLD073,Booster Pump,Plumbing,1,Trane,BOO-725,2002,443.5,Maintenance,High,SYNTHETIC_VN_REALISTIC
EQ01137,BLD073,AHU,HVAC,5,Panasonic,AHU-690,2004,206.8,Active,High,SYNTHETIC_VN_REALISTIC
EQ01138,BLD073,Chiller,HVAC,1,Siemens,CHI-248,2012,117.6,Active,High,SYNTHETIC_VN_REALISTIC
EQ01139,BLD073,CO2 Sensor,BMS,3,ABB,CO2-214,2024,0,Maintenance,Low,SYNTHETIC_VN_REALISTIC
EQ01140,BLD073,Chiller,HVAC,5,Daikin,CHI-189,2005,213.5,Maintenance,Medium,SYNTHETIC_VN_REALISTIC
EQ01141,BLD073,Generator,Electrical,4,Schneider,GEN-536,2017,208.0,Standby,High,SYNTHETIC_VN_REALISTIC
EQ01142,BLD073,FCU,HVAC,4,LS Electric,FCU-241,2008,298.2,Active,Medium,SYNTHETIC_VN_REALISTIC
EQ01143,BLD073,Fire Pump,Fire Safety,4,Grundfos,FIR-312,2002,105.2,Active,Medium,SYNTHETIC_VN_REALISTIC
EQ01144,BLD073,Lift,Vertical Transport,1,LS Electric,LIF-576,2021,415.6,Active,Low,SYNTHETIC_VN_REALISTIC
EQ01145,BLD073,Fire Pump,Fire Safety,2,Daikin,FIR-148,2004,366.4,Active,Low,SYNTHETIC_VN_REALISTIC
EQ01146,BLD074,Transformer,Electrical,24,Hitachi,TRA-630,2016,197.3,Active,High,SYNTHETIC_VN_REALISTIC
EQ01147,BLD074,Generator,Electrical,11,Mitsubishi,GEN-401,2026,152.9,Active,High,SYNTHETIC_VN_REALISTIC
EQ01148,BLD074,Chiller,HVAC,8,Siemens,CHI-395,2019,153.6,Maintenance,High,SYNTHETIC_VN_REALISTIC
EQ01149,BLD074,Chiller,HVAC,26,ABB,CHI-462,2018,235.9,Standby,Low,SYNTHETIC_VN_REALISTIC
EQ01150,BLD074,Chiller,HVAC,22,Daikin,CHI-692,2020,203.1,Standby,Medium,SYNTHETIC_VN_REALISTIC
EQ01151,BLD074,Transformer,Electrical,8,Daikin,TRA-526,2024,97.0,Active,High,SYNTHETIC_VN_REALISTIC
EQ01152,BLD074,FCU,HVAC,20,Panasonic,FCU-276,2024,334.6,Maintenance,Low,SYNTHETIC_VN_REALISTIC
EQ01153,BLD074,Temperature Sensor,BMS,19,ABB,TEM-698,2017,0,Maintenance,High,SYNTHETIC_VN_REALISTIC
EQ01154,BLD074,Generator,Electrical,24,Panasonic,GEN-266,2015,202.9,Active,Medium,SYNTHETIC_VN_REALISTIC
EQ01155,BLD074,Booster Pump,Plumbing,19,Toshiba,BOO-887,2016,183.0,Standby,High,SYNTHETIC_VN_REALISTIC
EQ01156,BLD074,Fire Pump,Fire Safety,7,Panasonic,FIR-299,2026,139.3,Active,High,SYNTHETIC_VN_REALISTIC
EQ01157,BLD074,AHU,HVAC,1,Trane,AHU-222,2014,41.9,Active,High,SYNTHETIC_VN_REALISTIC
EQ01158,BLD074,Cooling Tower,HVAC,Roof,Carrier,COO-198,2018,21.1,Active,High,SYNTHETIC_VN_REALISTIC
EQ01159,BLD074,Temperature Sensor,BMS,8,Siemens,TEM-566,2019,0,Standby,High,SYNTHETIC_VN_REALISTIC
EQ01160,BLD074,Lighting Panel,Lighting,3,Trane,LIG-684,2025,86.5,Active,Low,SYNTHETIC_VN_REALISTIC
EQ01161,BLD074,Booster Pump,Plumbing,19,Hitachi,BOO-901,2025,106.7,Active,Low,SYNTHETIC_VN_REALISTIC
EQ01162,BLD075,Cooling Tower,HVAC,Roof,Carrier,COO-533,2022,194.7,Active,High,SYNTHETIC_VN_REALISTIC
EQ01163,BLD075,Water Pump,Plumbing,4,Schneider,WAT-317,2009,161.1,Active,Low,SYNTHETIC_VN_REALISTIC
EQ01164,BLD075,MDB,Electrical,23,Panasonic,MDB-396,2015,432.0,Standby,Low,SYNTHETIC_VN_REALISTIC
EQ01165,BLD075,AHU,HVAC,20,Panasonic,AHU-766,2017,306.3,Maintenance,Low,SYNTHETIC_VN_REALISTIC
EQ01166,BLD075,MDB,Electrical,14,Schneider,MDB-583,2021,30.1,Active,Low,SYNTHETIC_VN_REALISTIC
EQ01167,BLD075,FCU,HVAC,6,Trane,FCU-298,2017,427.0,Active,Medium,SYNTHETIC_VN_REALISTIC
EQ01168,BLD075,Generator,Electrical,16,Mitsubishi,GEN-667,2014,443.5,Standby,Low,SYNTHETIC_VN_REALISTIC
EQ01169,BLD075,Booster Pump,Plumbing,23,Grundfos,BOO-295,2006,206.6,Active,Medium,SYNTHETIC_VN_REALISTIC
EQ01170,BLD075,Fire Pump,Fire Safety,14,Trane,FIR-673,2021,21.2,Maintenance,High,SYNTHETIC_VN_REALISTIC
EQ01171,BLD075,Water Pump,Plumbing,27,Trane,WAT-381,2011,388.3,Active,High,SYNTHETIC_VN_REALISTIC
EQ01172,BLD075,Booster Pump,Plumbing,1,Panasonic,BOO-665,2007,166.2,Active,Medium,SYNTHETIC_VN_REALISTIC
EQ01173,BLD075,Lighting Panel,Lighting,15,Daikin,LIG-853,2017,292.5,Active,Medium,SYNTHETIC_VN_REALISTIC
EQ01174,BLD076,Cooling Tower,HVAC,Roof,Toshiba,COO-453,2012,334.5,Active,Low,SYNTHETIC_VN_REALISTIC
EQ01175,BLD076,AHU,HVAC,3,Toshiba,AHU-362,2009,160.6,Active,Medium,SYNTHETIC_VN_REALISTIC
EQ01176,BLD076,Temperature Sensor,BMS,10,ABB,TEM-327,2023,0,Standby,Medium,SYNTHETIC_VN_REALISTIC
EQ01177,BLD076,Booster Pump,Plumbing,7,Mitsubishi,BOO-493,2023,114.9,Active,Medium,SYNTHETIC_VN_REALISTIC
EQ01178,BLD076,Temperature Sensor,BMS,15,Toshiba,TEM-897,2017,0,Active,High,SYNTHETIC_VN_REALISTIC
EQ01179,BLD076,CO2 Sensor,BMS,7,Mitsubishi,CO2-251,2021,0,Active,Low,SYNTHETIC_VN_REALISTIC
EQ01180,BLD076,Lift,Vertical Transport,8,LS Electric,LIF-969,2008,443.4,Maintenance,Medium,SYNTHETIC_VN_REALISTIC
EQ01181,BLD076,Water Pump,Plumbing,11,Hitachi,WAT-158,2020,333.1,Active,Low,SYNTHETIC_VN_REALISTIC
EQ01182,BLD076,Humidity Sensor,BMS,13,LS Electric,HUM-574,2011,0,Active,High,SYNTHETIC_VN_REALISTIC
EQ01183,BLD076,Fire Pump,Fire Safety,4,ABB,FIR-915,2023,55.7,Maintenance,High,SYNTHETIC_VN_REALISTIC
EQ01184,BLD076,Humidity Sensor,BMS,13,ABB,HUM-400,2019,0,Standby,High,SYNTHETIC_VN_REALISTIC
EQ01185,BLD076,Lighting Panel,Lighting,5,Grundfos,LIG-932,2020,324.8,Active,Low,SYNTHETIC_VN_REALISTIC
EQ01186,BLD076,Humidity Sensor,BMS,12,Carrier,HUM-778,2007,0,Active,Low,SYNTHETIC_VN_REALISTIC
EQ01187,BLD076,Water Pump,Plumbing,7,Siemens,WAT-319,2017,210.2,Active,Low,SYNTHETIC_VN_REALISTIC
EQ01188,BLD077,Booster Pump,Plumbing,10,Panasonic,BOO-817,2019,317.2,Active,Low,SYNTHETIC_VN_REALISTIC
EQ01189,BLD077,Humidity Sensor,BMS,10,Mitsubishi,HUM-401,2016,0,Active,Medium,SYNTHETIC_VN_REALISTIC
EQ01190,BLD077,Cooling Tower,HVAC,Roof,Hitachi,COO-306,2015,33.0,Active,Low,SYNTHETIC_VN_REALISTIC
EQ01191,BLD077,MDB,Electrical,8,Trane,MDB-646,2010,195.2,Active,Medium,SYNTHETIC_VN_REALISTIC
EQ01192,BLD077,Temperature Sensor,BMS,13,LS Electric,TEM-281,2010,0,Maintenance,High,SYNTHETIC_VN_REALISTIC
EQ01193,BLD077,Lift,Vertical Transport,7,Hitachi,LIF-181,2019,433.1,Active,Low,SYNTHETIC_VN_REALISTIC
EQ01194,BLD077,Split AC,HVAC,5,ABB,SPL-965,2024,67.0,Active,Low,SYNTHETIC_VN_REALISTIC
EQ01195,BLD077,Fire Pump,Fire Safety,9,Schneider,FIR-480,2022,104.2,Active,Medium,SYNTHETIC_VN_REALISTIC
EQ01196,BLD077,Transformer,Electrical,9,Siemens,TRA-943,2026,193.8,Maintenance,Medium,SYNTHETIC_VN_REALISTIC
EQ01197,BLD077,Transformer,Electrical,22,Panasonic,TRA-484,2013,360.0,Active,High,SYNTHETIC_VN_REALISTIC
EQ01198,BLD077,CO2 Sensor,BMS,18,Mitsubishi,CO2-466,2020,0,Maintenance,High,SYNTHETIC_VN_REALISTIC
EQ01199,BLD077,Transformer,Electrical,12,Panasonic,TRA-969,2013,204.6,Active,Low,SYNTHETIC_VN_REALISTIC
EQ01200,BLD077,Lighting Panel,Lighting,18,ABB,LIG-625,2021,389.4,Active,High,SYNTHETIC_VN_REALISTIC
EQ01201,BLD077,Chiller,HVAC,25,ABB,CHI-431,2025,235.7,Active,Low,SYNTHETIC_VN_REALISTIC
EQ01202,BLD077,CO2 Sensor,BMS,25,Schneider,CO2-601,2026,0,Active,High,SYNTHETIC_VN_REALISTIC
EQ01203,BLD077,CO2 Sensor,BMS,9,ABB,CO2-848,2025,0,Active,Low,SYNTHETIC_VN_REALISTIC
EQ01204,BLD077,Booster Pump,Plumbing,24,Siemens,BOO-707,2017,414.3,Active,Low,SYNTHETIC_VN_REALISTIC
EQ01205,BLD077,CO2 Sensor,BMS,2,ABB,CO2-412,2015,0,Maintenance,Low,SYNTHETIC_VN_REALISTIC
EQ01206,BLD077,Chiller,HVAC,10,Trane,CHI-224,2017,395.7,Active,High,SYNTHETIC_VN_REALISTIC
EQ01207,BLD077,Lift,Vertical Transport,12,Mitsubishi,LIF-533,2022,219.6,Active,Low,SYNTHETIC_VN_REALISTIC
EQ01208,BLD077,Water Pump,Plumbing,15,Panasonic,WAT-738,2017,119.1,Active,High,SYNTHETIC_VN_REALISTIC
EQ01209,BLD078,Water Pump,Plumbing,3,LS Electric,WAT-159,2016,188.0,Active,High,SYNTHETIC_VN_REALISTIC
EQ01210,BLD078,Fire Pump,Fire Safety,9,Panasonic,FIR-389,2016,357.4,Active,Low,SYNTHETIC_VN_REALISTIC
EQ01211,BLD078,Lighting Panel,Lighting,7,Trane,LIG-831,2017,139.4,Maintenance,Medium,SYNTHETIC_VN_REALISTIC
EQ01212,BLD078,Chiller,HVAC,22,ABB,CHI-824,2012,193.8,Active,High,SYNTHETIC_VN_REALISTIC
EQ01213,BLD078,Temperature Sensor,BMS,3,Trane,TEM-259,2020,0,Standby,High,SYNTHETIC_VN_REALISTIC
EQ01214,BLD078,CO2 Sensor,BMS,13,Carrier,CO2-323,2010,0,Standby,Low,SYNTHETIC_VN_REALISTIC
EQ01215,BLD078,MDB,Electrical,12,LS Electric,MDB-266,2025,367.3,Active,High,SYNTHETIC_VN_REALISTIC
EQ01216,BLD078,Fire Pump,Fire Safety,18,Grundfos,FIR-432,2014,14.0,Standby,High,SYNTHETIC_VN_REALISTIC
EQ01217,BLD078,CO2 Sensor,BMS,14,Grundfos,CO2-841,2024,0,Active,Low,SYNTHETIC_VN_REALISTIC
EQ01218,BLD078,MDB,Electrical,4,Toshiba,MDB-480,2024,31.8,Active,Medium,SYNTHETIC_VN_REALISTIC
EQ01219,BLD078,MDB,Electrical,24,Siemens,MDB-488,2012,234.9,Active,Medium,SYNTHETIC_VN_REALISTIC
EQ01220,BLD079,Fire Pump,Fire Safety,3,ABB,FIR-808,2022,166.6,Standby,High,SYNTHETIC_VN_REALISTIC
EQ01221,BLD079,Temperature Sensor,BMS,8,Mitsubishi,TEM-658,2020,0,Active,High,SYNTHETIC_VN_REALISTIC
EQ01222,BLD079,Booster Pump,Plumbing,8,Mitsubishi,BOO-490,2019,370.3,Active,High,SYNTHETIC_VN_REALISTIC
EQ01223,BLD079,Water Pump,Plumbing,3,Toshiba,WAT-674,2021,156.6,Maintenance,High,SYNTHETIC_VN_REALISTIC
EQ01224,BLD079,Temperature Sensor,BMS,2,Carrier,TEM-649,2021,0,Maintenance,Low,SYNTHETIC_VN_REALISTIC
EQ01225,BLD079,AHU,HVAC,1,Toshiba,AHU-732,2026,8.1,Active,High,SYNTHETIC_VN_REALISTIC
EQ01226,BLD079,Lighting Panel,Lighting,4,Siemens,LIG-829,2022,142.2,Active,Medium,SYNTHETIC_VN_REALISTIC
EQ01227,BLD079,Water Pump,Plumbing,5,LS Electric,WAT-504,2021,38.9,Active,High,SYNTHETIC_VN_REALISTIC
EQ01228,BLD079,Transformer,Electrical,4,Schneider,TRA-506,2023,178.2,Active,High,SYNTHETIC_VN_REALISTIC
EQ01229,BLD079,Water Pump,Plumbing,3,Schneider,WAT-977,2024,254.6,Maintenance,High,SYNTHETIC_VN_REALISTIC
EQ01230,BLD079,Chiller,HVAC,2,Toshiba,CHI-401,2020,361.1,Active,High,SYNTHETIC_VN_REALISTIC
EQ01231,BLD079,Generator,Electrical,9,Daikin,GEN-307,2023,386.9,Active,High,SYNTHETIC_VN_REALISTIC
EQ01232,BLD079,Booster Pump,Plumbing,8,Hitachi,BOO-752,2026,322.1,Active,High,SYNTHETIC_VN_REALISTIC
EQ01233,BLD079,Booster Pump,Plumbing,8,Carrier,BOO-245,2025,405.4,Active,High,SYNTHETIC_VN_REALISTIC
EQ01234,BLD079,AHU,HVAC,8,Schneider,AHU-581,2026,328.5,Active,Low,SYNTHETIC_VN_REALISTIC
EQ01235,BLD079,Booster Pump,Plumbing,5,Hitachi,BOO-797,2024,199.0,Active,High,SYNTHETIC_VN_REALISTIC
EQ01236,BLD079,Lighting Panel,Lighting,1,Hitachi,LIG-118,2023,286.1,Standby,Low,SYNTHETIC_VN_REALISTIC
EQ01237,BLD079,Split AC,HVAC,1,Daikin,SPL-418,2024,272.4,Active,Low,SYNTHETIC_VN_REALISTIC
EQ01238,BLD079,Fire Pump,Fire Safety,7,Siemens,FIR-736,2023,414.7,Active,Medium,SYNTHETIC_VN_REALISTIC
EQ01239,BLD079,AHU,HVAC,3,Panasonic,AHU-730,2025,197.2,Active,High,SYNTHETIC_VN_REALISTIC
EQ01240,BLD079,Chiller,HVAC,5,Siemens,CHI-890,2025,77.3,Active,Low,SYNTHETIC_VN_REALISTIC
EQ01241,BLD079,Cooling Tower,HVAC,Roof,LS Electric,COO-676,2024,337.1,Active,High,SYNTHETIC_VN_REALISTIC
EQ01242,BLD080,Water Pump,Plumbing,4,Hitachi,WAT-879,2014,433.6,Active,High,SYNTHETIC_VN_REALISTIC
EQ01243,BLD080,Lighting Panel,Lighting,14,ABB,LIG-284,2026,372.3,Maintenance,Medium,SYNTHETIC_VN_REALISTIC
EQ01244,BLD080,Split AC,HVAC,5,Daikin,SPL-432,2007,162.1,Standby,High,SYNTHETIC_VN_REALISTIC
EQ01245,BLD080,FCU,HVAC,3,Siemens,FCU-607,2023,121.0,Active,High,SYNTHETIC_VN_REALISTIC
EQ01246,BLD080,Split AC,HVAC,3,Grundfos,SPL-652,2023,288.8,Maintenance,High,SYNTHETIC_VN_REALISTIC
EQ01247,BLD080,Fire Pump,Fire Safety,3,Hitachi,FIR-768,2023,254.0,Active,High,SYNTHETIC_VN_REALISTIC
EQ01248,BLD080,Generator,Electrical,16,Mitsubishi,GEN-905,2021,25.4,Maintenance,High,SYNTHETIC_VN_REALISTIC
EQ01249,BLD080,FCU,HVAC,13,Panasonic,FCU-644,2018,407.5,Standby,Low,SYNTHETIC_VN_REALISTIC
EQ01250,BLD080,Lighting Panel,Lighting,17,Trane,LIG-266,2016,120.6,Standby,Low,SYNTHETIC_VN_REALISTIC
EQ01251,BLD080,Cooling Tower,HVAC,Roof,Mitsubishi,COO-181,2006,314.3,Active,Medium,SYNTHETIC_VN_REALISTIC
EQ01252,BLD080,Cooling Tower,HVAC,Roof,Carrier,COO-782,2018,9.9,Standby,High,SYNTHETIC_VN_REALISTIC
EQ01253,BLD080,Transformer,Electrical,3,Trane,TRA-346,2025,423.0,Active,High,SYNTHETIC_VN_REALISTIC
EQ01254,BLD080,Booster Pump,Plumbing,13,Grundfos,BOO-557,2020,17.1,Standby,High,SYNTHETIC_VN_REALISTIC
EQ01255,BLD080,Lighting Panel,Lighting,3,ABB,LIG-371,2013,254.1,Maintenance,Medium,SYNTHETIC_VN_REALISTIC
EQ01256,BLD080,Chiller,HVAC,18,Daikin,CHI-632,2017,292.3,Maintenance,High,SYNTHETIC_VN_REALISTIC
EQ01257,BLD080,Lift,Vertical Transport,11,LS Electric,LIF-881,2015,361.3,Active,High,SYNTHETIC_VN_REALISTIC
EQ01258,BLD080,Cooling Tower,HVAC,Roof,LS Electric,COO-262,2013,347.1,Active,High,SYNTHETIC_VN_REALISTIC
EQ01259,BLD080,Cooling Tower,HVAC,Roof,Toshiba,COO-775,2009,342.1,Active,High,SYNTHETIC_VN_REALISTIC
EQ01260,BLD080,Chiller,HVAC,7,Carrier,CHI-989,2008,97.6,Active,Medium,SYNTHETIC_VN_REALISTIC
EQ01261,BLD081,Split AC,HVAC,14,Trane,SPL-519,2026,424.9,Active,High,SYNTHETIC_VN_REALISTIC
EQ01262,BLD081,Generator,Electrical,10,Mitsubishi,GEN-624,2026,302.3,Standby,Low,SYNTHETIC_VN_REALISTIC
EQ01263,BLD081,Fire Pump,Fire Safety,3,Panasonic,FIR-612,2026,131.2,Maintenance,High,SYNTHETIC_VN_REALISTIC
EQ01264,BLD081,FCU,HVAC,7,Carrier,FCU-271,2026,293.6,Active,High,SYNTHETIC_VN_REALISTIC
EQ01265,BLD081,Cooling Tower,HVAC,Roof,LS Electric,COO-907,2026,371.7,Active,High,SYNTHETIC_VN_REALISTIC
EQ01266,BLD081,Generator,Electrical,2,Toshiba,GEN-147,2026,253.4,Active,Low,SYNTHETIC_VN_REALISTIC
EQ01267,BLD081,Transformer,Electrical,5,Grundfos,TRA-283,2026,31.5,Active,High,SYNTHETIC_VN_REALISTIC
EQ01268,BLD081,MDB,Electrical,1,Daikin,MDB-675,2026,94.6,Maintenance,Medium,SYNTHETIC_VN_REALISTIC
EQ01269,BLD081,Lift,Vertical Transport,12,Daikin,LIF-725,2026,18.0,Active,Low,SYNTHETIC_VN_REALISTIC
EQ01270,BLD081,AHU,HVAC,12,LS Electric,AHU-682,2026,227.2,Active,High,SYNTHETIC_VN_REALISTIC
EQ01271,BLD081,CO2 Sensor,BMS,10,Toshiba,CO2-336,2026,0,Active,Medium,SYNTHETIC_VN_REALISTIC
EQ01272,BLD082,Split AC,HVAC,1,Panasonic,SPL-969,2026,40.6,Active,Medium,SYNTHETIC_VN_REALISTIC
EQ01273,BLD082,CO2 Sensor,BMS,2,Siemens,CO2-344,2013,0,Active,Low,SYNTHETIC_VN_REALISTIC
EQ01274,BLD082,Water Pump,Plumbing,5,Siemens,WAT-600,2023,435.6,Active,Low,SYNTHETIC_VN_REALISTIC
EQ01275,BLD082,Cooling Tower,HVAC,Roof,Carrier,COO-861,2018,202.2,Active,Low,SYNTHETIC_VN_REALISTIC
EQ01276,BLD082,AHU,HVAC,7,Trane,AHU-338,2023,141.1,Active,High,SYNTHETIC_VN_REALISTIC
EQ01277,BLD082,Lift,Vertical Transport,8,Mitsubishi,LIF-984,2017,213.1,Active,High,SYNTHETIC_VN_REALISTIC
EQ01278,BLD082,Water Pump,Plumbing,7,Trane,WAT-144,2016,161.6,Active,High,SYNTHETIC_VN_REALISTIC
EQ01279,BLD082,Humidity Sensor,BMS,4,LS Electric,HUM-795,2019,0,Active,High,SYNTHETIC_VN_REALISTIC
EQ01280,BLD082,FCU,HVAC,1,Toshiba,FCU-499,2024,94.4,Maintenance,High,SYNTHETIC_VN_REALISTIC
EQ01281,BLD082,Transformer,Electrical,8,Mitsubishi,TRA-815,2021,434.2,Maintenance,Medium,SYNTHETIC_VN_REALISTIC
EQ01282,BLD082,Cooling Tower,HVAC,Roof,Panasonic,COO-101,2018,411.5,Active,Low,SYNTHETIC_VN_REALISTIC
EQ01283,BLD082,Chiller,HVAC,1,Daikin,CHI-684,2018,330.3,Active,Low,SYNTHETIC_VN_REALISTIC
EQ01284,BLD082,Transformer,Electrical,4,Carrier,TRA-148,2018,427.7,Active,Medium,SYNTHETIC_VN_REALISTIC
EQ01285,BLD082,Cooling Tower,HVAC,Roof,Trane,COO-595,2017,15.3,Active,High,SYNTHETIC_VN_REALISTIC
EQ01286,BLD082,Humidity Sensor,BMS,1,Hitachi,HUM-917,2023,0,Active,Medium,SYNTHETIC_VN_REALISTIC
EQ01287,BLD082,Split AC,HVAC,1,Panasonic,SPL-976,2025,76.6,Active,Medium,SYNTHETIC_VN_REALISTIC
EQ01288,BLD082,Temperature Sensor,BMS,1,LS Electric,TEM-889,2019,0,Active,High,SYNTHETIC_VN_REALISTIC
EQ01289,BLD082,AHU,HVAC,8,LS Electric,AHU-470,2024,287.4,Maintenance,Medium,SYNTHETIC_VN_REALISTIC
EQ01290,BLD083,Booster Pump,Plumbing,26,Schneider,BOO-886,2023,281.1,Maintenance,Medium,SYNTHETIC_VN_REALISTIC
EQ01291,BLD083,Lift,Vertical Transport,3,Panasonic,LIF-113,2013,431.0,Active,High,SYNTHETIC_VN_REALISTIC
EQ01292,BLD083,Fire Pump,Fire Safety,1,Trane,FIR-250,2004,427.0,Standby,High,SYNTHETIC_VN_REALISTIC
EQ01293,BLD083,Temperature Sensor,BMS,16,Mitsubishi,TEM-322,2020,0,Maintenance,Low,SYNTHETIC_VN_REALISTIC
EQ01294,BLD083,Water Pump,Plumbing,24,Siemens,WAT-427,2005,303.9,Standby,Low,SYNTHETIC_VN_REALISTIC
EQ01295,BLD083,Booster Pump,Plumbing,17,Daikin,BOO-344,2017,164.1,Standby,Medium,SYNTHETIC_VN_REALISTIC
EQ01296,BLD083,MDB,Electrical,22,Mitsubishi,MDB-820,2025,310.7,Active,High,SYNTHETIC_VN_REALISTIC
EQ01297,BLD083,Fire Pump,Fire Safety,24,Hitachi,FIR-222,2018,321.1,Standby,High,SYNTHETIC_VN_REALISTIC
EQ01298,BLD083,Fire Pump,Fire Safety,24,Carrier,FIR-909,2015,357.3,Active,High,SYNTHETIC_VN_REALISTIC
EQ01299,BLD083,Lighting Panel,Lighting,23,Hitachi,LIG-459,2025,395.2,Active,Low,SYNTHETIC_VN_REALISTIC
EQ01300,BLD083,Split AC,HVAC,14,ABB,SPL-867,2009,143.5,Active,High,SYNTHETIC_VN_REALISTIC
EQ01301,BLD083,Booster Pump,Plumbing,1,Schneider,BOO-595,2014,290.4,Active,High,SYNTHETIC_VN_REALISTIC
EQ01302,BLD083,AHU,HVAC,15,Toshiba,AHU-419,2004,445.4,Active,High,SYNTHETIC_VN_REALISTIC
EQ01303,BLD083,CO2 Sensor,BMS,23,Carrier,CO2-322,2011,0,Active,High,SYNTHETIC_VN_REALISTIC
EQ01304,BLD083,Chiller,HVAC,8,Toshiba,CHI-783,2014,154.5,Active,Medium,SYNTHETIC_VN_REALISTIC
EQ01305,BLD083,Lighting Panel,Lighting,15,Mitsubishi,LIG-772,2009,120.0,Active,Medium,SYNTHETIC_VN_REALISTIC
EQ01306,BLD083,Lift,Vertical Transport,7,ABB,LIF-436,2020,222.5,Standby,High,SYNTHETIC_VN_REALISTIC
EQ01307,BLD083,Humidity Sensor,BMS,14,Carrier,HUM-488,2025,0,Active,High,SYNTHETIC_VN_REALISTIC
EQ01308,BLD083,Transformer,Electrical,9,Schneider,TRA-677,2021,366.9,Active,High,SYNTHETIC_VN_REALISTIC
EQ01309,BLD083,Lighting Panel,Lighting,7,Toshiba,LIG-644,2011,196.0,Active,High,SYNTHETIC_VN_REALISTIC
EQ01310,BLD083,Water Pump,Plumbing,24,Siemens,WAT-843,2005,52.5,Active,Low,SYNTHETIC_VN_REALISTIC
EQ01311,BLD083,CO2 Sensor,BMS,17,Schneider,CO2-146,2024,0,Standby,Low,SYNTHETIC_VN_REALISTIC
EQ01312,BLD084,Water Pump,Plumbing,2,Trane,WAT-349,2022,284.7,Active,Medium,SYNTHETIC_VN_REALISTIC
EQ01313,BLD084,AHU,HVAC,18,Mitsubishi,AHU-199,2024,65.0,Active,Medium,SYNTHETIC_VN_REALISTIC
EQ01314,BLD084,Fire Pump,Fire Safety,1,Toshiba,FIR-234,2026,273.9,Active,High,SYNTHETIC_VN_REALISTIC
EQ01315,BLD084,Water Pump,Plumbing,11,Daikin,WAT-378,2026,230.1,Active,High,SYNTHETIC_VN_REALISTIC
EQ01316,BLD084,Water Pump,Plumbing,22,Hitachi,WAT-379,2022,227.8,Active,Low,SYNTHETIC_VN_REALISTIC
EQ01317,BLD084,Transformer,Electrical,17,ABB,TRA-434,2022,71.9,Active,High,SYNTHETIC_VN_REALISTIC
EQ01318,BLD084,Cooling Tower,HVAC,Roof,Trane,COO-845,2022,148.2,Active,Medium,SYNTHETIC_VN_REALISTIC
EQ01319,BLD084,Booster Pump,Plumbing,28,LS Electric,BOO-153,2023,290.4,Active,Low,SYNTHETIC_VN_REALISTIC
EQ01320,BLD084,Fire Pump,Fire Safety,24,Panasonic,FIR-193,2021,73.3,Active,High,SYNTHETIC_VN_REALISTIC
EQ01321,BLD084,MDB,Electrical,18,Grundfos,MDB-311,2025,63.5,Active,Medium,SYNTHETIC_VN_REALISTIC
EQ01322,BLD084,Temperature Sensor,BMS,8,Siemens,TEM-199,2024,0,Active,Medium,SYNTHETIC_VN_REALISTIC
EQ01323,BLD084,Fire Pump,Fire Safety,21,Grundfos,FIR-657,2025,47.3,Maintenance,High,SYNTHETIC_VN_REALISTIC
EQ01324,BLD084,Water Pump,Plumbing,22,Toshiba,WAT-718,2021,10.2,Maintenance,Medium,SYNTHETIC_VN_REALISTIC
EQ01325,BLD085,Temperature Sensor,BMS,1,Toshiba,TEM-831,2020,0,Maintenance,High,SYNTHETIC_VN_REALISTIC
EQ01326,BLD085,Generator,Electrical,3,Siemens,GEN-282,2025,150.1,Active,Low,SYNTHETIC_VN_REALISTIC
EQ01327,BLD085,Generator,Electrical,24,Grundfos,GEN-243,2025,266.0,Standby,Low,SYNTHETIC_VN_REALISTIC
EQ01328,BLD085,Chiller,HVAC,10,Trane,CHI-653,2020,197.0,Active,High,SYNTHETIC_VN_REALISTIC
EQ01329,BLD085,Split AC,HVAC,25,Hitachi,SPL-592,2024,314.1,Standby,Low,SYNTHETIC_VN_REALISTIC
EQ01330,BLD085,Cooling Tower,HVAC,Roof,Grundfos,COO-719,2022,326.0,Maintenance,High,SYNTHETIC_VN_REALISTIC
EQ01331,BLD085,Chiller,HVAC,10,Hitachi,CHI-508,2026,20.3,Active,High,SYNTHETIC_VN_REALISTIC
EQ01332,BLD085,Lift,Vertical Transport,19,Schneider,LIF-557,2024,139.1,Maintenance,High,SYNTHETIC_VN_REALISTIC
EQ01333,BLD085,Split AC,HVAC,14,LS Electric,SPL-747,2023,225.3,Active,High,SYNTHETIC_VN_REALISTIC
EQ01334,BLD085,Fire Pump,Fire Safety,15,Siemens,FIR-607,2025,132.3,Maintenance,Low,SYNTHETIC_VN_REALISTIC
EQ01335,BLD085,Booster Pump,Plumbing,17,Hitachi,BOO-236,2023,190.7,Maintenance,High,SYNTHETIC_VN_REALISTIC
EQ01336,BLD086,Cooling Tower,HVAC,Roof,Schneider,COO-475,2022,51.7,Active,High,SYNTHETIC_VN_REALISTIC
EQ01337,BLD086,Humidity Sensor,BMS,6,Daikin,HUM-533,2017,0,Maintenance,High,SYNTHETIC_VN_REALISTIC
EQ01338,BLD086,Transformer,Electrical,14,Schneider,TRA-825,2016,107.5,Active,Medium,SYNTHETIC_VN_REALISTIC
EQ01339,BLD086,Split AC,HVAC,8,Daikin,SPL-839,2016,355.3,Active,High,SYNTHETIC_VN_REALISTIC
EQ01340,BLD086,Booster Pump,Plumbing,18,Grundfos,BOO-269,2005,358.6,Active,High,SYNTHETIC_VN_REALISTIC
EQ01341,BLD086,MDB,Electrical,5,Daikin,MDB-426,2018,439.2,Active,High,SYNTHETIC_VN_REALISTIC
EQ01342,BLD086,Split AC,HVAC,17,LS Electric,SPL-809,2009,296.0,Active,Low,SYNTHETIC_VN_REALISTIC
EQ01343,BLD086,Split AC,HVAC,22,ABB,SPL-389,2015,239.5,Standby,Medium,SYNTHETIC_VN_REALISTIC
EQ01344,BLD086,Lighting Panel,Lighting,17,Grundfos,LIG-350,2017,145.0,Active,Low,SYNTHETIC_VN_REALISTIC
EQ01345,BLD086,Fire Pump,Fire Safety,13,Siemens,FIR-908,2024,322.1,Active,Low,SYNTHETIC_VN_REALISTIC
EQ01346,BLD086,MDB,Electrical,2,Trane,MDB-376,2016,96.3,Active,Medium,SYNTHETIC_VN_REALISTIC
EQ01347,BLD086,Booster Pump,Plumbing,1,Daikin,BOO-473,2013,344.4,Active,Medium,SYNTHETIC_VN_REALISTIC
EQ01348,BLD086,Split AC,HVAC,14,Panasonic,SPL-449,2018,136.1,Standby,High,SYNTHETIC_VN_REALISTIC
EQ01349,BLD086,Lift,Vertical Transport,2,Schneider,LIF-788,2002,337.8,Maintenance,High,SYNTHETIC_VN_REALISTIC
EQ01350,BLD086,Lighting Panel,Lighting,18,ABB,LIG-601,2015,1.8,Maintenance,Medium,SYNTHETIC_VN_REALISTIC
EQ01351,BLD086,Lift,Vertical Transport,9,Hitachi,LIF-947,2017,345.7,Active,Medium,SYNTHETIC_VN_REALISTIC
EQ01352,BLD086,Lift,Vertical Transport,13,Panasonic,LIF-183,2023,60.9,Standby,High,SYNTHETIC_VN_REALISTIC
EQ01353,BLD086,MDB,Electrical,17,LS Electric,MDB-654,2009,235.5,Active,High,SYNTHETIC_VN_REALISTIC
EQ01354,BLD086,Generator,Electrical,20,Carrier,GEN-894,2013,385.0,Active,High,SYNTHETIC_VN_REALISTIC
EQ01355,BLD086,Cooling Tower,HVAC,Roof,Carrier,COO-980,2016,354.4,Maintenance,Medium,SYNTHETIC_VN_REALISTIC
EQ01356,BLD087,Booster Pump,Plumbing,7,LS Electric,BOO-610,2024,4.5,Maintenance,High,SYNTHETIC_VN_REALISTIC
EQ01357,BLD087,Split AC,HVAC,2,Panasonic,SPL-646,2023,197.0,Active,High,SYNTHETIC_VN_REALISTIC
EQ01358,BLD087,Temperature Sensor,BMS,8,ABB,TEM-798,2025,0,Standby,High,SYNTHETIC_VN_REALISTIC
EQ01359,BLD087,Water Pump,Plumbing,8,Toshiba,WAT-385,2021,317.2,Active,High,SYNTHETIC_VN_REALISTIC
EQ01360,BLD087,Water Pump,Plumbing,2,Mitsubishi,WAT-486,2026,144.0,Active,Medium,SYNTHETIC_VN_REALISTIC
EQ01361,BLD087,Fire Pump,Fire Safety,4,Siemens,FIR-363,2024,303.2,Active,High,SYNTHETIC_VN_REALISTIC
EQ01362,BLD087,Cooling Tower,HVAC,Roof,Siemens,COO-449,2026,330.0,Active,High,SYNTHETIC_VN_REALISTIC
EQ01363,BLD087,AHU,HVAC,1,LS Electric,AHU-482,2025,130.7,Active,High,SYNTHETIC_VN_REALISTIC
EQ01364,BLD087,Fire Pump,Fire Safety,6,Carrier,FIR-295,2022,32.6,Maintenance,Low,SYNTHETIC_VN_REALISTIC
EQ01365,BLD087,Humidity Sensor,BMS,4,Schneider,HUM-383,2026,0,Active,High,SYNTHETIC_VN_REALISTIC
EQ01366,BLD087,Humidity Sensor,BMS,9,Daikin,HUM-624,2023,0,Standby,High,SYNTHETIC_VN_REALISTIC
EQ01367,BLD087,FCU,HVAC,8,Daikin,FCU-890,2023,229.8,Active,High,SYNTHETIC_VN_REALISTIC
EQ01368,BLD087,Lift,Vertical Transport,2,LS Electric,LIF-221,2021,161.5,Standby,High,SYNTHETIC_VN_REALISTIC
EQ01369,BLD087,Water Pump,Plumbing,6,Mitsubishi,WAT-967,2025,2.6,Active,High,SYNTHETIC_VN_REALISTIC
EQ01370,BLD087,AHU,HVAC,9,Daikin,AHU-795,2022,227.8,Maintenance,High,SYNTHETIC_VN_REALISTIC
EQ01371,BLD087,Fire Pump,Fire Safety,4,Toshiba,FIR-683,2023,202.5,Active,High,SYNTHETIC_VN_REALISTIC
EQ01372,BLD087,CO2 Sensor,BMS,1,Schneider,CO2-620,2024,0,Active,Medium,SYNTHETIC_VN_REALISTIC
EQ01373,BLD087,Generator,Electrical,6,LS Electric,GEN-877,2022,410.3,Standby,Medium,SYNTHETIC_VN_REALISTIC
EQ01374,BLD088,Water Pump,Plumbing,1,Panasonic,WAT-884,2021,384.8,Maintenance,Medium,SYNTHETIC_VN_REALISTIC
EQ01375,BLD088,AHU,HVAC,4,Toshiba,AHU-304,2024,406.4,Active,High,SYNTHETIC_VN_REALISTIC
EQ01376,BLD088,Lighting Panel,Lighting,3,Daikin,LIG-484,2024,323.0,Active,Low,SYNTHETIC_VN_REALISTIC
EQ01377,BLD088,Water Pump,Plumbing,3,Grundfos,WAT-320,2024,3.6,Active,Low,SYNTHETIC_VN_REALISTIC
EQ01378,BLD088,Split AC,HVAC,3,Panasonic,SPL-748,2025,68.0,Maintenance,Medium,SYNTHETIC_VN_REALISTIC
EQ01379,BLD088,Lift,Vertical Transport,8,ABB,LIF-374,2023,85.8,Active,Low,SYNTHETIC_VN_REALISTIC
EQ01380,BLD088,Generator,Electrical,10,ABB,GEN-100,2023,146.3,Active,High,SYNTHETIC_VN_REALISTIC
EQ01381,BLD088,Lighting Panel,Lighting,4,Schneider,LIG-346,2025,17.0,Standby,High,SYNTHETIC_VN_REALISTIC
EQ01382,BLD088,FCU,HVAC,10,Mitsubishi,FCU-360,2025,28.8,Standby,Low,SYNTHETIC_VN_REALISTIC
EQ01383,BLD088,Water Pump,Plumbing,3,Panasonic,WAT-910,2026,322.1,Active,Low,SYNTHETIC_VN_REALISTIC
EQ01384,BLD088,Generator,Electrical,10,Carrier,GEN-233,2021,397.5,Active,Low,SYNTHETIC_VN_REALISTIC
EQ01385,BLD088,Booster Pump,Plumbing,2,Siemens,BOO-939,2018,341.2,Active,Medium,SYNTHETIC_VN_REALISTIC
EQ01386,BLD088,Transformer,Electrical,4,LS Electric,TRA-454,2026,8.6,Active,High,SYNTHETIC_VN_REALISTIC
EQ01387,BLD088,MDB,Electrical,2,Trane,MDB-543,2022,236.5,Active,High,SYNTHETIC_VN_REALISTIC
EQ01388,BLD088,Fire Pump,Fire Safety,7,Grundfos,FIR-747,2025,256.1,Maintenance,Low,SYNTHETIC_VN_REALISTIC
EQ01389,BLD088,Water Pump,Plumbing,10,Grundfos,WAT-618,2026,154.3,Active,High,SYNTHETIC_VN_REALISTIC
EQ01390,BLD088,Transformer,Electrical,1,Carrier,TRA-212,2021,280.9,Active,High,SYNTHETIC_VN_REALISTIC
EQ01391,BLD088,Booster Pump,Plumbing,7,Trane,BOO-702,2025,51.2,Standby,Medium,SYNTHETIC_VN_REALISTIC
EQ01392,BLD088,Lighting Panel,Lighting,8,Hitachi,LIG-699,2020,407.0,Maintenance,High,SYNTHETIC_VN_REALISTIC
EQ01393,BLD088,Water Pump,Plumbing,5,Grundfos,WAT-891,2024,139.4,Active,Low,SYNTHETIC_VN_REALISTIC
EQ01394,BLD088,Fire Pump,Fire Safety,4,Siemens,FIR-899,2021,157.3,Active,Low,SYNTHETIC_VN_REALISTIC
EQ01395,BLD089,Fire Pump,Fire Safety,2,Panasonic,FIR-318,2007,307.4,Active,High,SYNTHETIC_VN_REALISTIC
EQ01396,BLD089,Cooling Tower,HVAC,Roof,ABB,COO-797,2025,409.5,Maintenance,High,SYNTHETIC_VN_REALISTIC
EQ01397,BLD089,Temperature Sensor,BMS,3,Toshiba,TEM-110,2004,0,Maintenance,High,SYNTHETIC_VN_REALISTIC
EQ01398,BLD089,Cooling Tower,HVAC,Roof,Panasonic,COO-870,2026,20.0,Active,Low,SYNTHETIC_VN_REALISTIC
EQ01399,BLD089,Water Pump,Plumbing,1,Daikin,WAT-430,2009,44.8,Active,High,SYNTHETIC_VN_REALISTIC
EQ01400,BLD089,Water Pump,Plumbing,2,Toshiba,WAT-116,2021,129.9,Active,Medium,SYNTHETIC_VN_REALISTIC
EQ01401,BLD089,Water Pump,Plumbing,3,Schneider,WAT-638,2014,365.1,Active,High,SYNTHETIC_VN_REALISTIC
EQ01402,BLD089,Chiller,HVAC,1,Mitsubishi,CHI-536,2010,321.9,Active,High,SYNTHETIC_VN_REALISTIC
EQ01403,BLD089,Chiller,HVAC,6,ABB,CHI-320,2015,189.3,Maintenance,High,SYNTHETIC_VN_REALISTIC
EQ01404,BLD089,Split AC,HVAC,2,Hitachi,SPL-809,2014,106.4,Active,High,SYNTHETIC_VN_REALISTIC
EQ01405,BLD089,AHU,HVAC,4,Trane,AHU-629,2003,169.5,Active,Low,SYNTHETIC_VN_REALISTIC
EQ01406,BLD089,Transformer,Electrical,3,Panasonic,TRA-318,2019,297.9,Maintenance,High,SYNTHETIC_VN_REALISTIC
EQ01407,BLD089,Split AC,HVAC,1,Panasonic,SPL-774,2009,341.4,Active,High,SYNTHETIC_VN_REALISTIC
EQ01408,BLD090,Temperature Sensor,BMS,1,Toshiba,TEM-340,2026,0,Active,Low,SYNTHETIC_VN_REALISTIC
EQ01409,BLD090,Cooling Tower,HVAC,Roof,Hitachi,COO-498,2022,425.4,Standby,High,SYNTHETIC_VN_REALISTIC
EQ01410,BLD090,Temperature Sensor,BMS,6,ABB,TEM-504,2021,0,Active,Low,SYNTHETIC_VN_REALISTIC
EQ01411,BLD090,Lighting Panel,Lighting,2,Grundfos,LIG-203,2025,435.2,Maintenance,High,SYNTHETIC_VN_REALISTIC
EQ01412,BLD090,Booster Pump,Plumbing,1,Daikin,BOO-360,2023,56.0,Active,High,SYNTHETIC_VN_REALISTIC
EQ01413,BLD090,CO2 Sensor,BMS,3,Schneider,CO2-870,2022,0,Standby,Medium,SYNTHETIC_VN_REALISTIC
EQ01414,BLD090,MDB,Electrical,2,Siemens,MDB-588,2020,92.9,Active,High,SYNTHETIC_VN_REALISTIC
EQ01415,BLD090,Humidity Sensor,BMS,6,Schneider,HUM-595,2019,0,Active,Medium,SYNTHETIC_VN_REALISTIC
EQ01416,BLD090,Humidity Sensor,BMS,4,Trane,HUM-792,2024,0,Active,Medium,SYNTHETIC_VN_REALISTIC
EQ01417,BLD090,Fire Pump,Fire Safety,4,Toshiba,FIR-929,2019,148.4,Maintenance,Low,SYNTHETIC_VN_REALISTIC
EQ01418,BLD090,Temperature Sensor,BMS,3,Carrier,TEM-932,2021,0,Maintenance,Low,SYNTHETIC_VN_REALISTIC
EQ01419,BLD090,Generator,Electrical,3,Grundfos,GEN-968,2023,76.6,Active,Low,SYNTHETIC_VN_REALISTIC
EQ01420,BLD090,Generator,Electrical,3,Toshiba,GEN-628,2023,427.8,Maintenance,High,SYNTHETIC_VN_REALISTIC
EQ01421,BLD091,Transformer,Electrical,23,LS Electric,TRA-364,2024,17.7,Active,Medium,SYNTHETIC_VN_REALISTIC
EQ01422,BLD091,CO2 Sensor,BMS,9,Siemens,CO2-855,2026,0,Standby,Medium,SYNTHETIC_VN_REALISTIC
EQ01423,BLD091,Humidity Sensor,BMS,23,Schneider,HUM-270,2025,0,Active,Medium,SYNTHETIC_VN_REALISTIC
EQ01424,BLD091,Lift,Vertical Transport,17,Toshiba,LIF-860,2026,263.2,Active,High,SYNTHETIC_VN_REALISTIC
EQ01425,BLD091,Temperature Sensor,BMS,31,ABB,TEM-476,2025,0,Maintenance,High,SYNTHETIC_VN_REALISTIC
EQ01426,BLD091,FCU,HVAC,13,Hitachi,FCU-144,2024,392.7,Active,High,SYNTHETIC_VN_REALISTIC
EQ01427,BLD091,Humidity Sensor,BMS,1,Toshiba,HUM-900,2024,0,Active,Low,SYNTHETIC_VN_REALISTIC
EQ01428,BLD091,Cooling Tower,HVAC,Roof,Panasonic,COO-687,2025,142.4,Standby,High,SYNTHETIC_VN_REALISTIC
EQ01429,BLD091,FCU,HVAC,4,Hitachi,FCU-729,2026,301.9,Active,High,SYNTHETIC_VN_REALISTIC
EQ01430,BLD091,Generator,Electrical,11,Daikin,GEN-321,2025,348.9,Active,High,SYNTHETIC_VN_REALISTIC
EQ01431,BLD091,CO2 Sensor,BMS,27,Carrier,CO2-814,2026,0,Active,High,SYNTHETIC_VN_REALISTIC
EQ01432,BLD091,FCU,HVAC,17,Siemens,FCU-963,2024,78.6,Active,Medium,SYNTHETIC_VN_REALISTIC
EQ01433,BLD091,Temperature Sensor,BMS,21,Carrier,TEM-947,2026,0,Active,High,SYNTHETIC_VN_REALISTIC
EQ01434,BLD091,Booster Pump,Plumbing,28,Carrier,BOO-923,2025,385.8,Maintenance,High,SYNTHETIC_VN_REALISTIC
EQ01435,BLD091,Lighting Panel,Lighting,7,Carrier,LIG-361,2024,167.3,Active,High,SYNTHETIC_VN_REALISTIC
EQ01436,BLD092,Transformer,Electrical,2,Carrier,TRA-437,2026,385.1,Active,High,SYNTHETIC_VN_REALISTIC
EQ01437,BLD092,Temperature Sensor,BMS,2,Mitsubishi,TEM-812,2025,0,Standby,Medium,SYNTHETIC_VN_REALISTIC
EQ01438,BLD092,Cooling Tower,HVAC,Roof,Toshiba,COO-183,2025,269.7,Maintenance,High,SYNTHETIC_VN_REALISTIC
EQ01439,BLD092,Temperature Sensor,BMS,2,Schneider,TEM-459,2026,0,Standby,Medium,SYNTHETIC_VN_REALISTIC
EQ01440,BLD092,Booster Pump,Plumbing,5,Carrier,BOO-191,2025,56.9,Active,High,SYNTHETIC_VN_REALISTIC
EQ01441,BLD092,Water Pump,Plumbing,1,Mitsubishi,WAT-352,2024,436.7,Active,Low,SYNTHETIC_VN_REALISTIC
EQ01442,BLD092,Fire Pump,Fire Safety,4,Schneider,FIR-575,2026,50.4,Standby,Medium,SYNTHETIC_VN_REALISTIC
EQ01443,BLD092,FCU,HVAC,2,Carrier,FCU-258,2025,363.4,Active,High,SYNTHETIC_VN_REALISTIC
EQ01444,BLD092,CO2 Sensor,BMS,5,Grundfos,CO2-320,2026,0,Active,High,SYNTHETIC_VN_REALISTIC
EQ01445,BLD092,Temperature Sensor,BMS,2,Carrier,TEM-162,2025,0,Active,Medium,SYNTHETIC_VN_REALISTIC
EQ01446,BLD092,Lift,Vertical Transport,3,Schneider,LIF-128,2026,322.6,Active,High,SYNTHETIC_VN_REALISTIC
EQ01447,BLD092,Lighting Panel,Lighting,2,LS Electric,LIG-567,2025,94.9,Active,High,SYNTHETIC_VN_REALISTIC
EQ01448,BLD092,Chiller,HVAC,1,Mitsubishi,CHI-844,2025,334.3,Active,High,SYNTHETIC_VN_REALISTIC
EQ01449,BLD092,Booster Pump,Plumbing,3,Siemens,BOO-124,2025,177.6,Active,High,SYNTHETIC_VN_REALISTIC
EQ01450,BLD092,FCU,HVAC,1,Carrier,FCU-433,2026,291.4,Active,Medium,SYNTHETIC_VN_REALISTIC
EQ01451,BLD092,Humidity Sensor,BMS,3,LS Electric,HUM-353,2024,0,Standby,Low,SYNTHETIC_VN_REALISTIC
EQ01452,BLD092,Humidity Sensor,BMS,5,Toshiba,HUM-238,2026,0,Active,High,SYNTHETIC_VN_REALISTIC
EQ01453,BLD092,Humidity Sensor,BMS,1,Mitsubishi,HUM-647,2026,0,Maintenance,Medium,SYNTHETIC_VN_REALISTIC
EQ01454,BLD092,Generator,Electrical,5,Schneider,GEN-608,2025,38.5,Active,Low,SYNTHETIC_VN_REALISTIC
EQ01455,BLD092,Transformer,Electrical,2,Grundfos,TRA-498,2026,373.9,Standby,High,SYNTHETIC_VN_REALISTIC
EQ01456,BLD092,Temperature Sensor,BMS,2,Grundfos,TEM-699,2026,0,Standby,High,SYNTHETIC_VN_REALISTIC
EQ01457,BLD093,Fire Pump,Fire Safety,6,Carrier,FIR-181,2020,2.7,Active,Medium,SYNTHETIC_VN_REALISTIC
EQ01458,BLD093,Lift,Vertical Transport,4,Toshiba,LIF-274,2025,237.5,Standby,High,SYNTHETIC_VN_REALISTIC
EQ01459,BLD093,Lighting Panel,Lighting,3,ABB,LIG-911,2026,425.0,Active,Low,SYNTHETIC_VN_REALISTIC
EQ01460,BLD093,FCU,HVAC,9,Trane,FCU-681,2022,175.0,Active,High,SYNTHETIC_VN_REALISTIC
EQ01461,BLD093,Fire Pump,Fire Safety,4,LS Electric,FIR-747,2024,366.1,Active,Medium,SYNTHETIC_VN_REALISTIC
EQ01462,BLD093,Generator,Electrical,3,Daikin,GEN-732,2024,26.4,Active,High,SYNTHETIC_VN_REALISTIC
EQ01463,BLD093,Water Pump,Plumbing,11,Schneider,WAT-938,2023,127.8,Active,High,SYNTHETIC_VN_REALISTIC
EQ01464,BLD093,Booster Pump,Plumbing,2,LS Electric,BOO-494,2024,401.0,Active,High,SYNTHETIC_VN_REALISTIC
EQ01465,BLD093,Lift,Vertical Transport,6,Daikin,LIF-201,2021,332.6,Active,Low,SYNTHETIC_VN_REALISTIC
EQ01466,BLD093,Chiller,HVAC,11,Siemens,CHI-917,2021,302.8,Maintenance,High,SYNTHETIC_VN_REALISTIC
EQ01467,BLD093,AHU,HVAC,6,Daikin,AHU-862,2021,385.0,Active,Medium,SYNTHETIC_VN_REALISTIC
EQ01468,BLD093,Fire Pump,Fire Safety,8,Hitachi,FIR-860,2020,233.5,Active,Low,SYNTHETIC_VN_REALISTIC
EQ01469,BLD093,Cooling Tower,HVAC,Roof,Siemens,COO-516,2022,187.1,Standby,High,SYNTHETIC_VN_REALISTIC
EQ01470,BLD093,Water Pump,Plumbing,1,Carrier,WAT-856,2025,23.8,Active,Low,SYNTHETIC_VN_REALISTIC
EQ01471,BLD093,Generator,Electrical,10,LS Electric,GEN-604,2025,419.5,Active,Low,SYNTHETIC_VN_REALISTIC
EQ01472,BLD093,Lift,Vertical Transport,12,Siemens,LIF-762,2022,111.7,Active,High,SYNTHETIC_VN_REALISTIC
EQ01473,BLD093,Chiller,HVAC,5,LS Electric,CHI-403,2025,146.9,Active,Low,SYNTHETIC_VN_REALISTIC
EQ01474,BLD093,Humidity Sensor,BMS,5,Trane,HUM-644,2020,0,Active,High,SYNTHETIC_VN_REALISTIC
EQ01475,BLD093,Booster Pump,Plumbing,12,Trane,BOO-570,2020,28.3,Standby,High,SYNTHETIC_VN_REALISTIC
EQ01476,BLD093,Humidity Sensor,BMS,6,Schneider,HUM-927,2022,0,Active,Low,SYNTHETIC_VN_REALISTIC
EQ01477,BLD093,Lighting Panel,Lighting,4,Siemens,LIG-211,2024,143.2,Active,Low,SYNTHETIC_VN_REALISTIC
EQ01478,BLD094,Generator,Electrical,20,Hitachi,GEN-302,2008,442.5,Active,Medium,SYNTHETIC_VN_REALISTIC
EQ01479,BLD094,Booster Pump,Plumbing,10,Panasonic,BOO-998,2006,271.0,Active,Low,SYNTHETIC_VN_REALISTIC
EQ01480,BLD094,Split AC,HVAC,20,Panasonic,SPL-215,2026,431.7,Active,Low,SYNTHETIC_VN_REALISTIC
EQ01481,BLD094,Cooling Tower,HVAC,Roof,LS Electric,COO-928,2012,342.4,Active,High,SYNTHETIC_VN_REALISTIC
EQ01482,BLD094,Booster Pump,Plumbing,13,Trane,BOO-815,2020,180.9,Maintenance,Medium,SYNTHETIC_VN_REALISTIC
EQ01483,BLD094,Temperature Sensor,BMS,14,Grundfos,TEM-713,2014,0,Active,High,SYNTHETIC_VN_REALISTIC
EQ01484,BLD094,Lift,Vertical Transport,7,Siemens,LIF-657,2025,199.4,Standby,Low,SYNTHETIC_VN_REALISTIC
EQ01485,BLD094,Split AC,HVAC,17,ABB,SPL-555,2024,259.1,Active,High,SYNTHETIC_VN_REALISTIC
EQ01486,BLD094,Humidity Sensor,BMS,12,Grundfos,HUM-502,2011,0,Active,High,SYNTHETIC_VN_REALISTIC
EQ01487,BLD094,Fire Pump,Fire Safety,20,Daikin,FIR-993,2016,283.6,Active,High,SYNTHETIC_VN_REALISTIC
EQ01488,BLD094,FCU,HVAC,3,Hitachi,FCU-765,2004,435.4,Active,High,SYNTHETIC_VN_REALISTIC
EQ01489,BLD094,Humidity Sensor,BMS,13,Toshiba,HUM-492,2026,0,Active,High,SYNTHETIC_VN_REALISTIC
EQ01490,BLD095,FCU,HVAC,5,Trane,FCU-674,2025,219.6,Maintenance,Medium,SYNTHETIC_VN_REALISTIC
EQ01491,BLD095,Temperature Sensor,BMS,3,ABB,TEM-342,2015,0,Active,Low,SYNTHETIC_VN_REALISTIC
EQ01492,BLD095,Cooling Tower,HVAC,Roof,Trane,COO-928,2010,403.3,Maintenance,Low,SYNTHETIC_VN_REALISTIC
EQ01493,BLD095,Lighting Panel,Lighting,2,Panasonic,LIG-803,2020,176.2,Standby,High,SYNTHETIC_VN_REALISTIC
EQ01494,BLD095,Lighting Panel,Lighting,10,Carrier,LIG-782,2018,272.1,Standby,High,SYNTHETIC_VN_REALISTIC
EQ01495,BLD095,FCU,HVAC,4,Daikin,FCU-935,2023,363.4,Active,Low,SYNTHETIC_VN_REALISTIC
EQ01496,BLD095,FCU,HVAC,2,Toshiba,FCU-838,2018,218.9,Active,Medium,SYNTHETIC_VN_REALISTIC
EQ01497,BLD095,Chiller,HVAC,10,Siemens,CHI-424,2009,83.5,Active,High,SYNTHETIC_VN_REALISTIC
EQ01498,BLD095,Lift,Vertical Transport,1,ABB,LIF-330,2013,421.5,Maintenance,High,SYNTHETIC_VN_REALISTIC
EQ01499,BLD095,MDB,Electrical,8,Hitachi,MDB-157,2012,87.5,Standby,Low,SYNTHETIC_VN_REALISTIC
EQ01500,BLD095,MDB,Electrical,6,Hitachi,MDB-800,2009,40.6,Active,Medium,SYNTHETIC_VN_REALISTIC
EQ01501,BLD096,AHU,HVAC,5,Trane,AHU-454,2014,88.0,Active,Medium,SYNTHETIC_VN_REALISTIC
EQ01502,BLD096,Lift,Vertical Transport,22,Toshiba,LIF-557,2014,358.7,Active,High,SYNTHETIC_VN_REALISTIC
EQ01503,BLD096,Chiller,HVAC,26,Siemens,CHI-444,2015,175.6,Active,High,SYNTHETIC_VN_REALISTIC
EQ01504,BLD096,Lift,Vertical Transport,29,ABB,LIF-344,2012,143.3,Active,High,SYNTHETIC_VN_REALISTIC
EQ01505,BLD096,FCU,HVAC,11,Schneider,FCU-493,2026,2.4,Standby,High,SYNTHETIC_VN_REALISTIC
EQ01506,BLD096,FCU,HVAC,7,Schneider,FCU-854,2023,55.5,Active,High,SYNTHETIC_VN_REALISTIC
EQ01507,BLD096,MDB,Electrical,30,ABB,MDB-585,2016,429.9,Maintenance,High,SYNTHETIC_VN_REALISTIC
EQ01508,BLD096,Humidity Sensor,BMS,30,LS Electric,HUM-286,2012,0,Standby,High,SYNTHETIC_VN_REALISTIC
EQ01509,BLD096,Chiller,HVAC,19,Mitsubishi,CHI-597,2019,255.9,Standby,Low,SYNTHETIC_VN_REALISTIC
EQ01510,BLD096,Transformer,Electrical,27,Daikin,TRA-337,2016,212.7,Standby,Medium,SYNTHETIC_VN_REALISTIC
EQ01511,BLD096,Water Pump,Plumbing,18,Carrier,WAT-215,2015,335.8,Active,High,SYNTHETIC_VN_REALISTIC
EQ01512,BLD096,Cooling Tower,HVAC,Roof,ABB,COO-132,2023,274.7,Active,Medium,SYNTHETIC_VN_REALISTIC
EQ01513,BLD096,Temperature Sensor,BMS,14,Siemens,TEM-796,2026,0,Active,Low,SYNTHETIC_VN_REALISTIC
EQ01514,BLD096,Humidity Sensor,BMS,4,Hitachi,HUM-739,2024,0,Active,High,SYNTHETIC_VN_REALISTIC
EQ01515,BLD096,Cooling Tower,HVAC,Roof,Daikin,COO-793,2018,374.8,Maintenance,Medium,SYNTHETIC_VN_REALISTIC
EQ01516,BLD096,Fire Pump,Fire Safety,30,Daikin,FIR-905,2017,209.4,Standby,High,SYNTHETIC_VN_REALISTIC
EQ01517,BLD096,Chiller,HVAC,12,Mitsubishi,CHI-696,2018,289.9,Active,Medium,SYNTHETIC_VN_REALISTIC
EQ01518,BLD097,Water Pump,Plumbing,17,Grundfos,WAT-962,2026,299.0,Active,Medium,SYNTHETIC_VN_REALISTIC
EQ01519,BLD097,Generator,Electrical,16,Daikin,GEN-778,2011,239.0,Active,Low,SYNTHETIC_VN_REALISTIC
EQ01520,BLD097,Temperature Sensor,BMS,9,Toshiba,TEM-764,2013,0,Maintenance,High,SYNTHETIC_VN_REALISTIC
EQ01521,BLD097,Booster Pump,Plumbing,15,Panasonic,BOO-686,2015,214.2,Active,High,SYNTHETIC_VN_REALISTIC
EQ01522,BLD097,Transformer,Electrical,18,ABB,TRA-145,2017,76.1,Active,Medium,SYNTHETIC_VN_REALISTIC
EQ01523,BLD097,Generator,Electrical,16,Siemens,GEN-315,2014,228.1,Active,High,SYNTHETIC_VN_REALISTIC
EQ01524,BLD097,AHU,HVAC,18,Daikin,AHU-233,2018,122.1,Active,Low,SYNTHETIC_VN_REALISTIC
EQ01525,BLD097,Water Pump,Plumbing,9,Mitsubishi,WAT-505,2016,98.5,Active,Low,SYNTHETIC_VN_REALISTIC
EQ01526,BLD097,Generator,Electrical,19,Siemens,GEN-809,2023,218.0,Maintenance,High,SYNTHETIC_VN_REALISTIC
EQ01527,BLD097,Lift,Vertical Transport,9,Carrier,LIF-907,2020,404.4,Active,Low,SYNTHETIC_VN_REALISTIC
EQ01528,BLD097,Split AC,HVAC,10,Panasonic,SPL-981,2021,104.2,Standby,Medium,SYNTHETIC_VN_REALISTIC
EQ01529,BLD097,MDB,Electrical,15,Mitsubishi,MDB-830,2017,390.6,Active,Low,SYNTHETIC_VN_REALISTIC
EQ01530,BLD097,Generator,Electrical,7,Carrier,GEN-255,2021,379.5,Standby,Low,SYNTHETIC_VN_REALISTIC
EQ01531,BLD097,Generator,Electrical,1,Hitachi,GEN-995,2019,143.8,Maintenance,Low,SYNTHETIC_VN_REALISTIC
EQ01532,BLD097,FCU,HVAC,14,Mitsubishi,FCU-516,2009,242.8,Active,High,SYNTHETIC_VN_REALISTIC
EQ01533,BLD097,AHU,HVAC,12,Daikin,AHU-904,2018,117.0,Active,High,SYNTHETIC_VN_REALISTIC
EQ01534,BLD097,FCU,HVAC,6,Daikin,FCU-474,2023,208.9,Maintenance,High,SYNTHETIC_VN_REALISTIC
EQ01535,BLD097,Booster Pump,Plumbing,19,Carrier,BOO-876,2021,259.8,Active,Low,SYNTHETIC_VN_REALISTIC
EQ01536,BLD097,Transformer,Electrical,13,Daikin,TRA-314,2025,407.9,Active,Medium,SYNTHETIC_VN_REALISTIC
EQ01537,BLD097,Lighting Panel,Lighting,11,Siemens,LIG-934,2021,427.9,Active,High,SYNTHETIC_VN_REALISTIC
EQ01538,BLD097,Temperature Sensor,BMS,14,Mitsubishi,TEM-411,2026,0,Active,Medium,SYNTHETIC_VN_REALISTIC
EQ01539,BLD097,Lighting Panel,Lighting,12,Grundfos,LIG-592,2014,19.3,Active,High,SYNTHETIC_VN_REALISTIC
EQ01540,BLD098,Lighting Panel,Lighting,7,LS Electric,LIG-868,2018,299.7,Active,High,SYNTHETIC_VN_REALISTIC
EQ01541,BLD098,FCU,HVAC,10,Toshiba,FCU-663,2011,249.8,Active,High,SYNTHETIC_VN_REALISTIC
EQ01542,BLD098,MDB,Electrical,11,ABB,MDB-434,2022,305.3,Standby,Low,SYNTHETIC_VN_REALISTIC
EQ01543,BLD098,Booster Pump,Plumbing,12,Carrier,BOO-210,2025,359.3,Active,Medium,SYNTHETIC_VN_REALISTIC
EQ01544,BLD098,Split AC,HVAC,13,ABB,SPL-837,2011,307.2,Active,High,SYNTHETIC_VN_REALISTIC
EQ01545,BLD098,AHU,HVAC,5,ABB,AHU-895,2023,417.2,Active,Low,SYNTHETIC_VN_REALISTIC
EQ01546,BLD098,Chiller,HVAC,9,Grundfos,CHI-182,2020,262.4,Standby,Low,SYNTHETIC_VN_REALISTIC
EQ01547,BLD098,Temperature Sensor,BMS,15,Hitachi,TEM-826,2026,0,Active,High,SYNTHETIC_VN_REALISTIC
EQ01548,BLD098,Split AC,HVAC,7,Carrier,SPL-198,2013,83.5,Active,Low,SYNTHETIC_VN_REALISTIC
EQ01549,BLD098,Cooling Tower,HVAC,Roof,Panasonic,COO-423,2024,309.7,Active,High,SYNTHETIC_VN_REALISTIC
EQ01550,BLD098,CO2 Sensor,BMS,8,Mitsubishi,CO2-400,2021,0,Standby,High,SYNTHETIC_VN_REALISTIC
EQ01551,BLD098,Generator,Electrical,2,Siemens,GEN-826,2012,214.2,Active,Medium,SYNTHETIC_VN_REALISTIC
EQ01552,BLD099,Generator,Electrical,22,Panasonic,GEN-926,2023,357.7,Active,High,SYNTHETIC_VN_REALISTIC
EQ01553,BLD099,Humidity Sensor,BMS,1,Grundfos,HUM-642,2018,0,Active,Medium,SYNTHETIC_VN_REALISTIC
EQ01554,BLD099,CO2 Sensor,BMS,22,Daikin,CO2-504,2022,0,Active,Low,SYNTHETIC_VN_REALISTIC
EQ01555,BLD099,Split AC,HVAC,1,LS Electric,SPL-139,2020,448.7,Standby,Low,SYNTHETIC_VN_REALISTIC
EQ01556,BLD099,AHU,HVAC,19,Siemens,AHU-808,2023,37.5,Active,Medium,SYNTHETIC_VN_REALISTIC
EQ01557,BLD099,Water Pump,Plumbing,21,Hitachi,WAT-633,2025,220.6,Active,High,SYNTHETIC_VN_REALISTIC
EQ01558,BLD099,Chiller,HVAC,26,Hitachi,CHI-217,2024,317.2,Active,High,SYNTHETIC_VN_REALISTIC
EQ01559,BLD099,Transformer,Electrical,12,Siemens,TRA-998,2022,25.4,Active,High,SYNTHETIC_VN_REALISTIC
EQ01560,BLD099,Water Pump,Plumbing,5,Panasonic,WAT-915,2021,196.3,Active,Low,SYNTHETIC_VN_REALISTIC
EQ01561,BLD099,Split AC,HVAC,9,Mitsubishi,SPL-455,2017,81.1,Active,High,SYNTHETIC_VN_REALISTIC
EQ01562,BLD099,Booster Pump,Plumbing,8,Hitachi,BOO-537,2024,393.2,Active,High,SYNTHETIC_VN_REALISTIC
EQ01563,BLD099,Cooling Tower,HVAC,Roof,Panasonic,COO-923,2017,214.2,Active,Medium,SYNTHETIC_VN_REALISTIC
EQ01564,BLD099,Transformer,Electrical,21,Grundfos,TRA-842,2016,300.8,Active,Low,SYNTHETIC_VN_REALISTIC
EQ01565,BLD099,Cooling Tower,HVAC,Roof,LS Electric,COO-464,2018,147.1,Active,High,SYNTHETIC_VN_REALISTIC
EQ01566,BLD099,Transformer,Electrical,12,Schneider,TRA-470,2026,404.0,Maintenance,High,SYNTHETIC_VN_REALISTIC
EQ01567,BLD099,Cooling Tower,HVAC,Roof,Grundfos,COO-332,2025,327.1,Standby,Medium,SYNTHETIC_VN_REALISTIC
EQ01568,BLD099,Humidity Sensor,BMS,22,Panasonic,HUM-782,2019,0,Active,Medium,SYNTHETIC_VN_REALISTIC
EQ01569,BLD099,Transformer,Electrical,23,Daikin,TRA-682,2026,82.4,Maintenance,High,SYNTHETIC_VN_REALISTIC
EQ01570,BLD099,CO2 Sensor,BMS,25,Grundfos,CO2-698,2018,0,Active,Low,SYNTHETIC_VN_REALISTIC
EQ01571,BLD099,Cooling Tower,HVAC,Roof,ABB,COO-595,2024,97.7,Active,High,SYNTHETIC_VN_REALISTIC
EQ01572,BLD100,MDB,Electrical,20,Grundfos,MDB-927,2009,125.0,Active,Medium,SYNTHETIC_VN_REALISTIC
EQ01573,BLD100,AHU,HVAC,2,Schneider,AHU-920,2005,359.4,Active,Low,SYNTHETIC_VN_REALISTIC
EQ01574,BLD100,MDB,Electrical,4,Siemens,MDB-517,2025,121.8,Active,Medium,SYNTHETIC_VN_REALISTIC
EQ01575,BLD100,Water Pump,Plumbing,19,Carrier,WAT-825,2014,129.0,Maintenance,High,SYNTHETIC_VN_REALISTIC
EQ01576,BLD100,Transformer,Electrical,5,Grundfos,TRA-985,2009,398.7,Maintenance,Low,SYNTHETIC_VN_REALISTIC
EQ01577,BLD100,Lighting Panel,Lighting,13,Schneider,LIG-182,2019,127.3,Active,Low,SYNTHETIC_VN_REALISTIC
EQ01578,BLD100,Transformer,Electrical,14,ABB,TRA-731,2013,156.4,Active,Low,SYNTHETIC_VN_REALISTIC
EQ01579,BLD100,Temperature Sensor,BMS,7,Trane,TEM-756,2002,0,Active,Medium,SYNTHETIC_VN_REALISTIC
EQ01580,BLD100,Transformer,Electrical,7,Hitachi,TRA-319,2013,61.2,Standby,High,SYNTHETIC_VN_REALISTIC
EQ01581,BLD100,Generator,Electrical,17,Trane,GEN-688,2012,397.4,Standby,High,SYNTHETIC_VN_REALISTIC
EQ01582,BLD100,Fire Pump,Fire Safety,8,LS Electric,FIR-819,2008,359.8,Active,High,SYNTHETIC_VN_REALISTIC
EQ01583,BLD100,Booster Pump,Plumbing,10,Mitsubishi,BOO-970,2002,229.0,Standby,Low,SYNTHETIC_VN_REALISTIC
EQ01584,BLD100,Fire Pump,Fire Safety,4,Daikin,FIR-813,2009,446.6,Standby,High,SYNTHETIC_VN_REALISTIC
EQ01585,BLD100,Fire Pump,Fire Safety,4,Grundfos,FIR-755,2022,385.2,Standby,High,SYNTHETIC_VN_REALISTIC
EQ01586,BLD100,Lift,Vertical Transport,14,ABB,LIF-944,2014,274.7,Active,High,SYNTHETIC_VN_REALISTIC
EQ01587,BLD100,Cooling Tower,HVAC,Roof,Schneider,COO-368,2018,95.9,Active,High,SYNTHETIC_VN_REALISTIC
EQ01588,BLD100,Booster Pump,Plumbing,20,Panasonic,BOO-203,2009,167.0,Standby,High,SYNTHETIC_VN_REALISTIC
EQ01589,BLD101,Lift,Vertical Transport,26,Trane,LIF-174,2020,370.6,Maintenance,High,SYNTHETIC_VN_REALISTIC
EQ01590,BLD101,Temperature Sensor,BMS,21,LS Electric,TEM-528,2024,0,Active,High,SYNTHETIC_VN_REALISTIC
EQ01591,BLD101,Chiller,HVAC,16,Trane,CHI-632,2025,364.5,Active,Medium,SYNTHETIC_VN_REALISTIC
EQ01592,BLD101,AHU,HVAC,8,Daikin,AHU-831,2007,347.1,Standby,High,SYNTHETIC_VN_REALISTIC
EQ01593,BLD101,Generator,Electrical,25,Daikin,GEN-723,2008,331.6,Active,High,SYNTHETIC_VN_REALISTIC
EQ01594,BLD101,Water Pump,Plumbing,5,Grundfos,WAT-972,2017,52.6,Active,High,SYNTHETIC_VN_REALISTIC
EQ01595,BLD101,Chiller,HVAC,22,Trane,CHI-607,2019,311.2,Active,Low,SYNTHETIC_VN_REALISTIC
EQ01596,BLD101,Transformer,Electrical,2,Mitsubishi,TRA-385,2016,356.6,Active,Medium,SYNTHETIC_VN_REALISTIC
EQ01597,BLD101,Fire Pump,Fire Safety,23,Trane,FIR-860,2017,377.9,Active,Low,SYNTHETIC_VN_REALISTIC
EQ01598,BLD101,Generator,Electrical,21,Schneider,GEN-406,2008,108.7,Active,Medium,SYNTHETIC_VN_REALISTIC
EQ01599,BLD101,Cooling Tower,HVAC,Roof,LS Electric,COO-388,2011,404.0,Active,Low,SYNTHETIC_VN_REALISTIC
EQ01600,BLD102,Transformer,Electrical,6,Grundfos,TRA-971,2026,171.3,Active,High,SYNTHETIC_VN_REALISTIC
EQ01601,BLD102,Transformer,Electrical,3,Grundfos,TRA-417,2026,206.7,Active,Low,SYNTHETIC_VN_REALISTIC
EQ01602,BLD102,Lighting Panel,Lighting,7,Mitsubishi,LIG-411,2026,1.5,Active,Medium,SYNTHETIC_VN_REALISTIC
EQ01603,BLD102,Transformer,Electrical,4,Siemens,TRA-494,2026,7.9,Active,High,SYNTHETIC_VN_REALISTIC
EQ01604,BLD102,FCU,HVAC,4,LS Electric,FCU-835,2026,249.5,Active,High,SYNTHETIC_VN_REALISTIC
EQ01605,BLD102,Humidity Sensor,BMS,8,Grundfos,HUM-974,2026,0,Active,High,SYNTHETIC_VN_REALISTIC
EQ01606,BLD102,Temperature Sensor,BMS,13,Mitsubishi,TEM-980,2026,0,Maintenance,High,SYNTHETIC_VN_REALISTIC
EQ01607,BLD102,Water Pump,Plumbing,2,Trane,WAT-391,2026,276.2,Standby,Medium,SYNTHETIC_VN_REALISTIC
EQ01608,BLD102,Fire Pump,Fire Safety,1,Hitachi,FIR-892,2026,190.8,Active,Medium,SYNTHETIC_VN_REALISTIC
EQ01609,BLD102,Lift,Vertical Transport,2,Panasonic,LIF-691,2026,218.6,Active,Low,SYNTHETIC_VN_REALISTIC
EQ01610,BLD102,Booster Pump,Plumbing,4,Panasonic,BOO-645,2026,272.8,Active,High,SYNTHETIC_VN_REALISTIC
EQ01611,BLD102,Humidity Sensor,BMS,19,Hitachi,HUM-965,2026,0,Active,Low,SYNTHETIC_VN_REALISTIC
EQ01612,BLD102,Chiller,HVAC,9,Schneider,CHI-902,2026,418.5,Maintenance,Medium,SYNTHETIC_VN_REALISTIC
EQ01613,BLD103,Transformer,Electrical,3,Siemens,TRA-921,2020,15.3,Active,Low,SYNTHETIC_VN_REALISTIC
EQ01614,BLD103,CO2 Sensor,BMS,3,Panasonic,CO2-271,2022,0,Standby,Low,SYNTHETIC_VN_REALISTIC
EQ01615,BLD103,AHU,HVAC,3,Hitachi,AHU-337,2017,388.8,Active,High,SYNTHETIC_VN_REALISTIC
EQ01616,BLD103,Transformer,Electrical,5,Carrier,TRA-483,2021,203.9,Active,Medium,SYNTHETIC_VN_REALISTIC
EQ01617,BLD103,FCU,HVAC,4,Panasonic,FCU-455,2016,257.9,Active,High,SYNTHETIC_VN_REALISTIC
EQ01618,BLD103,Split AC,HVAC,1,Siemens,SPL-482,2015,35.8,Active,High,SYNTHETIC_VN_REALISTIC
EQ01619,BLD103,Lift,Vertical Transport,4,Panasonic,LIF-230,2018,27.2,Active,High,SYNTHETIC_VN_REALISTIC
EQ01620,BLD103,Fire Pump,Fire Safety,1,Siemens,FIR-242,2018,312.5,Standby,High,SYNTHETIC_VN_REALISTIC
EQ01621,BLD103,Humidity Sensor,BMS,1,LS Electric,HUM-509,2021,0,Active,High,SYNTHETIC_VN_REALISTIC
EQ01622,BLD103,Fire Pump,Fire Safety,5,Panasonic,FIR-861,2020,362.1,Active,High,SYNTHETIC_VN_REALISTIC
EQ01623,BLD103,Generator,Electrical,5,Panasonic,GEN-639,2013,108.7,Standby,Low,SYNTHETIC_VN_REALISTIC
EQ01624,BLD103,Cooling Tower,HVAC,Roof,Carrier,COO-708,2017,199.7,Standby,Medium,SYNTHETIC_VN_REALISTIC
EQ01625,BLD103,Chiller,HVAC,3,Daikin,CHI-850,2012,161.2,Standby,High,SYNTHETIC_VN_REALISTIC
EQ01626,BLD103,Temperature Sensor,BMS,2,LS Electric,TEM-696,2025,0,Active,High,SYNTHETIC_VN_REALISTIC
EQ01627,BLD103,Lift,Vertical Transport,3,Trane,LIF-585,2024,104.5,Active,Low,SYNTHETIC_VN_REALISTIC
EQ01628,BLD103,Lighting Panel,Lighting,3,ABB,LIG-311,2018,198.8,Active,High,SYNTHETIC_VN_REALISTIC
EQ01629,BLD103,Transformer,Electrical,4,Daikin,TRA-344,2015,335.6,Maintenance,High,SYNTHETIC_VN_REALISTIC
EQ01630,BLD103,CO2 Sensor,BMS,2,ABB,CO2-200,2022,0,Active,High,SYNTHETIC_VN_REALISTIC
EQ01631,BLD104,Temperature Sensor,BMS,5,Panasonic,TEM-576,2026,0,Active,Low,SYNTHETIC_VN_REALISTIC
EQ01632,BLD104,Lift,Vertical Transport,23,Carrier,LIF-989,2022,38.8,Maintenance,High,SYNTHETIC_VN_REALISTIC
EQ01633,BLD104,Transformer,Electrical,30,Mitsubishi,TRA-651,2026,255.8,Active,Medium,SYNTHETIC_VN_REALISTIC
EQ01634,BLD104,Booster Pump,Plumbing,1,Carrier,BOO-268,2025,344.4,Active,Low,SYNTHETIC_VN_REALISTIC
EQ01635,BLD104,Booster Pump,Plumbing,30,Daikin,BOO-876,2021,314.2,Maintenance,High,SYNTHETIC_VN_REALISTIC
EQ01636,BLD104,Lighting Panel,Lighting,3,Daikin,LIG-909,2022,434.4,Active,Low,SYNTHETIC_VN_REALISTIC
EQ01637,BLD104,MDB,Electrical,26,ABB,MDB-151,2024,204.8,Active,High,SYNTHETIC_VN_REALISTIC
EQ01638,BLD104,Fire Pump,Fire Safety,16,ABB,FIR-822,2023,171.4,Active,High,SYNTHETIC_VN_REALISTIC
EQ01639,BLD104,Split AC,HVAC,12,Grundfos,SPL-619,2021,115.0,Active,High,SYNTHETIC_VN_REALISTIC
EQ01640,BLD104,CO2 Sensor,BMS,21,Siemens,CO2-625,2021,0,Standby,Low,SYNTHETIC_VN_REALISTIC
EQ01641,BLD104,Temperature Sensor,BMS,34,Grundfos,TEM-712,2025,0,Active,Medium,SYNTHETIC_VN_REALISTIC
EQ01642,BLD104,Booster Pump,Plumbing,5,Daikin,BOO-497,2024,158.0,Active,High,SYNTHETIC_VN_REALISTIC
EQ01643,BLD104,Water Pump,Plumbing,10,Hitachi,WAT-233,2021,436.4,Active,Low,SYNTHETIC_VN_REALISTIC
EQ01644,BLD104,Lift,Vertical Transport,3,Toshiba,LIF-282,2025,366.5,Active,Medium,SYNTHETIC_VN_REALISTIC
EQ01645,BLD104,Water Pump,Plumbing,34,Daikin,WAT-846,2023,58.3,Active,High,SYNTHETIC_VN_REALISTIC
EQ01646,BLD104,Booster Pump,Plumbing,19,Mitsubishi,BOO-687,2024,188.5,Active,High,SYNTHETIC_VN_REALISTIC
EQ01647,BLD104,Booster Pump,Plumbing,26,Trane,BOO-755,2022,23.9,Standby,Medium,SYNTHETIC_VN_REALISTIC
EQ01648,BLD104,Transformer,Electrical,7,Toshiba,TRA-182,2021,146.2,Maintenance,Low,SYNTHETIC_VN_REALISTIC
EQ01649,BLD105,MDB,Electrical,10,Mitsubishi,MDB-290,2024,434.2,Active,High,SYNTHETIC_VN_REALISTIC
EQ01650,BLD105,Temperature Sensor,BMS,8,Hitachi,TEM-520,2021,0,Active,Medium,SYNTHETIC_VN_REALISTIC
EQ01651,BLD105,FCU,HVAC,21,Daikin,FCU-677,2025,141.6,Active,Medium,SYNTHETIC_VN_REALISTIC
EQ01652,BLD105,Split AC,HVAC,2,LS Electric,SPL-385,2025,36.7,Active,High,SYNTHETIC_VN_REALISTIC
EQ01653,BLD105,Generator,Electrical,2,Daikin,GEN-236,2016,379.7,Active,High,SYNTHETIC_VN_REALISTIC
EQ01654,BLD105,Chiller,HVAC,9,Mitsubishi,CHI-378,2017,263.1,Maintenance,Low,SYNTHETIC_VN_REALISTIC
EQ01655,BLD105,Lift,Vertical Transport,12,Mitsubishi,LIF-728,2026,356.0,Active,High,SYNTHETIC_VN_REALISTIC
EQ01656,BLD105,Generator,Electrical,1,Carrier,GEN-922,2014,400.7,Maintenance,Medium,SYNTHETIC_VN_REALISTIC
EQ01657,BLD105,Humidity Sensor,BMS,13,ABB,HUM-395,2019,0,Active,Medium,SYNTHETIC_VN_REALISTIC
EQ01658,BLD105,Split AC,HVAC,20,Siemens,SPL-790,2013,264.0,Active,Low,SYNTHETIC_VN_REALISTIC
EQ01659,BLD105,MDB,Electrical,12,ABB,MDB-111,2014,97.7,Active,Low,SYNTHETIC_VN_REALISTIC
EQ01660,BLD105,Lift,Vertical Transport,5,Carrier,LIF-861,2023,189.1,Active,Medium,SYNTHETIC_VN_REALISTIC
EQ01661,BLD105,CO2 Sensor,BMS,17,Grundfos,CO2-584,2019,0,Active,Low,SYNTHETIC_VN_REALISTIC
EQ01662,BLD105,MDB,Electrical,3,Schneider,MDB-650,2009,341.0,Active,Medium,SYNTHETIC_VN_REALISTIC
EQ01663,BLD105,FCU,HVAC,22,Carrier,FCU-820,2024,328.5,Active,High,SYNTHETIC_VN_REALISTIC
EQ01664,BLD106,FCU,HVAC,4,ABB,FCU-358,2014,86.0,Active,Low,SYNTHETIC_VN_REALISTIC
EQ01665,BLD106,Lighting Panel,Lighting,27,Daikin,LIG-229,2014,164.1,Active,High,SYNTHETIC_VN_REALISTIC
EQ01666,BLD106,Split AC,HVAC,31,Schneider,SPL-383,2012,419.7,Active,Medium,SYNTHETIC_VN_REALISTIC
EQ01667,BLD106,FCU,HVAC,11,Mitsubishi,FCU-924,2014,202.7,Maintenance,Medium,SYNTHETIC_VN_REALISTIC
EQ01668,BLD106,Temperature Sensor,BMS,15,Daikin,TEM-424,2014,0,Active,High,SYNTHETIC_VN_REALISTIC
EQ01669,BLD106,Lighting Panel,Lighting,5,Hitachi,LIG-326,2012,266.7,Active,Low,SYNTHETIC_VN_REALISTIC
EQ01670,BLD106,CO2 Sensor,BMS,7,Mitsubishi,CO2-950,2017,0,Active,Low,SYNTHETIC_VN_REALISTIC
EQ01671,BLD106,FCU,HVAC,25,Hitachi,FCU-482,2023,443.2,Active,Low,SYNTHETIC_VN_REALISTIC
EQ01672,BLD106,Split AC,HVAC,30,Grundfos,SPL-198,2013,117.5,Active,High,SYNTHETIC_VN_REALISTIC
EQ01673,BLD106,CO2 Sensor,BMS,29,ABB,CO2-270,2025,0,Active,Low,SYNTHETIC_VN_REALISTIC
EQ01674,BLD106,Cooling Tower,HVAC,Roof,Mitsubishi,COO-543,2014,374.6,Active,High,SYNTHETIC_VN_REALISTIC
EQ01675,BLD106,Lighting Panel,Lighting,27,Grundfos,LIG-395,2015,155.6,Maintenance,High,SYNTHETIC_VN_REALISTIC
EQ01676,BLD106,Temperature Sensor,BMS,22,Siemens,TEM-641,2013,0,Active,Low,SYNTHETIC_VN_REALISTIC
EQ01677,BLD107,Transformer,Electrical,25,ABB,TRA-297,2025,216.3,Standby,High,SYNTHETIC_VN_REALISTIC
EQ01678,BLD107,Chiller,HVAC,2,Toshiba,CHI-332,2017,243.5,Active,Low,SYNTHETIC_VN_REALISTIC
EQ01679,BLD107,CO2 Sensor,BMS,15,Trane,CO2-654,2020,0,Standby,High,SYNTHETIC_VN_REALISTIC
EQ01680,BLD107,Temperature Sensor,BMS,3,Toshiba,TEM-330,2023,0,Active,Low,SYNTHETIC_VN_REALISTIC
EQ01681,BLD107,Humidity Sensor,BMS,15,Daikin,HUM-233,2022,0,Active,High,SYNTHETIC_VN_REALISTIC
EQ01682,BLD107,CO2 Sensor,BMS,30,Carrier,CO2-755,2023,0,Maintenance,High,SYNTHETIC_VN_REALISTIC
EQ01683,BLD107,Lighting Panel,Lighting,1,Carrier,LIG-128,2014,431.7,Active,Low,SYNTHETIC_VN_REALISTIC
EQ01684,BLD107,Cooling Tower,HVAC,Roof,ABB,COO-221,2008,331.9,Maintenance,Low,SYNTHETIC_VN_REALISTIC
EQ01685,BLD107,Chiller,HVAC,29,Trane,CHI-445,2026,388.0,Maintenance,High,SYNTHETIC_VN_REALISTIC
EQ01686,BLD107,Water Pump,Plumbing,24,Siemens,WAT-756,2008,384.9,Maintenance,High,SYNTHETIC_VN_REALISTIC
EQ01687,BLD107,Lift,Vertical Transport,11,Daikin,LIF-268,2024,65.1,Active,Medium,SYNTHETIC_VN_REALISTIC
EQ01688,BLD107,Humidity Sensor,BMS,9,Trane,HUM-152,2017,0,Active,Medium,SYNTHETIC_VN_REALISTIC
EQ01689,BLD107,CO2 Sensor,BMS,27,Grundfos,CO2-791,2013,0,Active,Low,SYNTHETIC_VN_REALISTIC
EQ01690,BLD108,Lighting Panel,Lighting,18,Toshiba,LIG-464,2007,381.8,Maintenance,High,SYNTHETIC_VN_REALISTIC
EQ01691,BLD108,Temperature Sensor,BMS,22,ABB,TEM-762,2026,0,Active,High,SYNTHETIC_VN_REALISTIC
EQ01692,BLD108,CO2 Sensor,BMS,9,Grundfos,CO2-776,2003,0,Active,Medium,SYNTHETIC_VN_REALISTIC
EQ01693,BLD108,Split AC,HVAC,29,Siemens,SPL-136,2022,448.6,Maintenance,Low,SYNTHETIC_VN_REALISTIC
EQ01694,BLD108,Booster Pump,Plumbing,1,ABB,BOO-538,2023,170.0,Active,High,SYNTHETIC_VN_REALISTIC
EQ01695,BLD108,Temperature Sensor,BMS,17,Schneider,TEM-372,2006,0,Active,Low,SYNTHETIC_VN_REALISTIC
EQ01696,BLD108,Water Pump,Plumbing,18,LS Electric,WAT-319,2014,258.3,Maintenance,High,SYNTHETIC_VN_REALISTIC
EQ01697,BLD108,Water Pump,Plumbing,8,Schneider,WAT-371,2010,110.3,Active,High,SYNTHETIC_VN_REALISTIC
EQ01698,BLD108,FCU,HVAC,12,Siemens,FCU-727,2024,32.5,Standby,Low,SYNTHETIC_VN_REALISTIC
EQ01699,BLD108,AHU,HVAC,26,Schneider,AHU-566,2021,97.6,Maintenance,High,SYNTHETIC_VN_REALISTIC
EQ01700,BLD108,Fire Pump,Fire Safety,26,Trane,FIR-852,2023,174.9,Active,Low,SYNTHETIC_VN_REALISTIC
EQ01701,BLD108,Transformer,Electrical,15,Panasonic,TRA-361,2005,110.3,Active,Medium,SYNTHETIC_VN_REALISTIC
EQ01702,BLD108,Transformer,Electrical,10,Mitsubishi,TRA-940,2025,171.8,Active,Low,SYNTHETIC_VN_REALISTIC
EQ01703,BLD108,Booster Pump,Plumbing,24,Siemens,BOO-123,2007,2.4,Active,Medium,SYNTHETIC_VN_REALISTIC
EQ01704,BLD108,Temperature Sensor,BMS,16,Hitachi,TEM-986,2014,0,Maintenance,High,SYNTHETIC_VN_REALISTIC
EQ01705,BLD108,AHU,HVAC,25,Schneider,AHU-206,2021,158.4,Active,High,SYNTHETIC_VN_REALISTIC
EQ01706,BLD108,Chiller,HVAC,6,Grundfos,CHI-984,2009,165.6,Maintenance,Medium,SYNTHETIC_VN_REALISTIC
EQ01707,BLD108,FCU,HVAC,8,Trane,FCU-452,2014,385.7,Maintenance,Low,SYNTHETIC_VN_REALISTIC
EQ01708,BLD108,MDB,Electrical,2,LS Electric,MDB-834,2019,404.2,Active,Medium,SYNTHETIC_VN_REALISTIC
EQ01709,BLD108,Cooling Tower,HVAC,Roof,Mitsubishi,COO-584,2021,353.2,Active,High,SYNTHETIC_VN_REALISTIC
EQ01710,BLD108,CO2 Sensor,BMS,1,Siemens,CO2-454,2025,0,Active,High,SYNTHETIC_VN_REALISTIC
EQ01711,BLD108,AHU,HVAC,19,Siemens,AHU-281,2026,227.2,Active,High,SYNTHETIC_VN_REALISTIC
EQ01712,BLD109,Generator,Electrical,5,Schneider,GEN-924,2000,380.4,Maintenance,Low,SYNTHETIC_VN_REALISTIC
EQ01713,BLD109,Cooling Tower,HVAC,Roof,Trane,COO-466,2026,347.2,Active,Low,SYNTHETIC_VN_REALISTIC
EQ01714,BLD109,Humidity Sensor,BMS,7,Toshiba,HUM-365,2009,0,Maintenance,Medium,SYNTHETIC_VN_REALISTIC
EQ01715,BLD109,Fire Pump,Fire Safety,16,Mitsubishi,FIR-377,2012,288.8,Standby,High,SYNTHETIC_VN_REALISTIC
EQ01716,BLD109,Cooling Tower,HVAC,Roof,Hitachi,COO-358,2023,424.1,Active,High,SYNTHETIC_VN_REALISTIC
EQ01717,BLD109,Chiller,HVAC,9,Mitsubishi,CHI-328,2026,155.3,Active,Low,SYNTHETIC_VN_REALISTIC
EQ01718,BLD109,Chiller,HVAC,10,Toshiba,CHI-887,2003,224.5,Maintenance,High,SYNTHETIC_VN_REALISTIC
EQ01719,BLD109,Water Pump,Plumbing,7,LS Electric,WAT-372,2026,400.9,Active,Low,SYNTHETIC_VN_REALISTIC
EQ01720,BLD109,Fire Pump,Fire Safety,12,Toshiba,FIR-166,2003,375.6,Maintenance,High,SYNTHETIC_VN_REALISTIC
EQ01721,BLD109,Humidity Sensor,BMS,6,Grundfos,HUM-997,2005,0,Active,Medium,SYNTHETIC_VN_REALISTIC
EQ01722,BLD110,Cooling Tower,HVAC,Roof,Panasonic,COO-491,2019,35.7,Active,Low,SYNTHETIC_VN_REALISTIC
EQ01723,BLD110,CO2 Sensor,BMS,17,Siemens,CO2-845,2012,0,Active,Low,SYNTHETIC_VN_REALISTIC
EQ01724,BLD110,Water Pump,Plumbing,18,Siemens,WAT-148,2014,439.0,Active,Medium,SYNTHETIC_VN_REALISTIC
EQ01725,BLD110,Lift,Vertical Transport,9,Panasonic,LIF-246,2023,426.1,Active,High,SYNTHETIC_VN_REALISTIC
EQ01726,BLD110,Humidity Sensor,BMS,16,Mitsubishi,HUM-950,2019,0,Standby,High,SYNTHETIC_VN_REALISTIC
EQ01727,BLD110,Humidity Sensor,BMS,19,Grundfos,HUM-100,2017,0,Active,Low,SYNTHETIC_VN_REALISTIC
EQ01728,BLD110,AHU,HVAC,4,Mitsubishi,AHU-612,2024,401.9,Active,Low,SYNTHETIC_VN_REALISTIC
EQ01729,BLD110,MDB,Electrical,1,Carrier,MDB-329,2026,309.8,Active,Low,SYNTHETIC_VN_REALISTIC
EQ01730,BLD110,Lighting Panel,Lighting,4,LS Electric,LIG-207,2017,409.4,Active,Low,SYNTHETIC_VN_REALISTIC
EQ01731,BLD110,Generator,Electrical,18,Schneider,GEN-924,2002,438.8,Standby,High,SYNTHETIC_VN_REALISTIC
EQ01732,BLD110,Chiller,HVAC,8,Daikin,CHI-179,2025,233.4,Active,Low,SYNTHETIC_VN_REALISTIC
EQ01733,BLD110,MDB,Electrical,4,Carrier,MDB-336,2007,297.0,Active,High,SYNTHETIC_VN_REALISTIC
EQ01734,BLD110,Transformer,Electrical,21,Daikin,TRA-731,2011,294.5,Active,High,SYNTHETIC_VN_REALISTIC
EQ01735,BLD110,Lift,Vertical Transport,3,LS Electric,LIF-581,2007,276.9,Maintenance,High,SYNTHETIC_VN_REALISTIC
EQ01736,BLD110,FCU,HVAC,21,Siemens,FCU-937,2017,204.5,Standby,Medium,SYNTHETIC_VN_REALISTIC
EQ01737,BLD110,Cooling Tower,HVAC,Roof,Daikin,COO-709,2010,422.0,Maintenance,High,SYNTHETIC_VN_REALISTIC
EQ01738,BLD110,FCU,HVAC,1,Daikin,FCU-983,2002,335.4,Maintenance,High,SYNTHETIC_VN_REALISTIC
EQ01739,BLD110,MDB,Electrical,6,Panasonic,MDB-704,2004,436.9,Active,High,SYNTHETIC_VN_REALISTIC
EQ01740,BLD110,Humidity Sensor,BMS,13,Trane,HUM-389,2005,0,Active,High,SYNTHETIC_VN_REALISTIC
EQ01741,BLD110,Lighting Panel,Lighting,4,Daikin,LIG-286,2005,420.7,Standby,Low,SYNTHETIC_VN_REALISTIC
EQ01742,BLD110,Split AC,HVAC,12,LS Electric,SPL-815,2015,145.3,Standby,High,SYNTHETIC_VN_REALISTIC
EQ01743,BLD110,Booster Pump,Plumbing,2,Panasonic,BOO-859,2012,107.6,Active,High,SYNTHETIC_VN_REALISTIC
EQ01744,BLD111,Split AC,HVAC,6,Daikin,SPL-403,2019,301.2,Standby,High,SYNTHETIC_VN_REALISTIC
EQ01745,BLD111,Fire Pump,Fire Safety,2,Carrier,FIR-735,2022,258.7,Active,Medium,SYNTHETIC_VN_REALISTIC
EQ01746,BLD111,Transformer,Electrical,1,Trane,TRA-687,2020,76.1,Maintenance,High,SYNTHETIC_VN_REALISTIC
EQ01747,BLD111,FCU,HVAC,8,Toshiba,FCU-389,2024,66.3,Active,Medium,SYNTHETIC_VN_REALISTIC
EQ01748,BLD111,Lift,Vertical Transport,9,Toshiba,LIF-165,2018,195.6,Standby,Low,SYNTHETIC_VN_REALISTIC
EQ01749,BLD111,Lighting Panel,Lighting,19,ABB,LIG-646,2026,419.6,Active,Low,SYNTHETIC_VN_REALISTIC
EQ01750,BLD111,CO2 Sensor,BMS,6,Panasonic,CO2-210,2020,0,Active,Low,SYNTHETIC_VN_REALISTIC
EQ01751,BLD111,Transformer,Electrical,19,Grundfos,TRA-988,2024,134.7,Active,High,SYNTHETIC_VN_REALISTIC
EQ01752,BLD111,Humidity Sensor,BMS,3,Siemens,HUM-335,2026,0,Active,Medium,SYNTHETIC_VN_REALISTIC
EQ01753,BLD111,Booster Pump,Plumbing,6,Siemens,BOO-654,2021,312.0,Active,Medium,SYNTHETIC_VN_REALISTIC
EQ01754,BLD111,CO2 Sensor,BMS,4,LS Electric,CO2-133,2018,0,Active,Low,SYNTHETIC_VN_REALISTIC
EQ01755,BLD111,Transformer,Electrical,18,Panasonic,TRA-598,2023,90.2,Active,High,SYNTHETIC_VN_REALISTIC
EQ01756,BLD111,Fire Pump,Fire Safety,14,Mitsubishi,FIR-215,2021,376.4,Active,High,SYNTHETIC_VN_REALISTIC
EQ01757,BLD111,Water Pump,Plumbing,9,Schneider,WAT-674,2024,423.5,Active,Low,SYNTHETIC_VN_REALISTIC
EQ01758,BLD111,Generator,Electrical,3,LS Electric,GEN-638,2020,282.9,Active,Low,SYNTHETIC_VN_REALISTIC
EQ01759,BLD111,Lighting Panel,Lighting,13,Trane,LIG-754,2025,299.9,Standby,Low,SYNTHETIC_VN_REALISTIC
EQ01760,BLD111,Generator,Electrical,17,Schneider,GEN-749,2019,206.6,Active,High,SYNTHETIC_VN_REALISTIC
EQ01761,BLD111,Humidity Sensor,BMS,11,Hitachi,HUM-188,2025,0,Maintenance,Medium,SYNTHETIC_VN_REALISTIC
EQ01762,BLD111,Fire Pump,Fire Safety,13,Schneider,FIR-115,2019,100.6,Active,Low,SYNTHETIC_VN_REALISTIC
EQ01763,BLD112,Lighting Panel,Lighting,21,Grundfos,LIG-885,2026,345.6,Active,Low,SYNTHETIC_VN_REALISTIC
EQ01764,BLD112,Water Pump,Plumbing,19,ABB,WAT-412,2026,401.3,Active,Medium,SYNTHETIC_VN_REALISTIC
EQ01765,BLD112,Temperature Sensor,BMS,15,Toshiba,TEM-326,2023,0,Active,Medium,SYNTHETIC_VN_REALISTIC
EQ01766,BLD112,Split AC,HVAC,31,Toshiba,SPL-639,2024,170.4,Maintenance,Low,SYNTHETIC_VN_REALISTIC
EQ01767,BLD112,Water Pump,Plumbing,30,Toshiba,WAT-394,2024,269.8,Active,High,SYNTHETIC_VN_REALISTIC
EQ01768,BLD112,Temperature Sensor,BMS,16,Daikin,TEM-524,2024,0,Maintenance,High,SYNTHETIC_VN_REALISTIC
EQ01769,BLD112,Split AC,HVAC,15,ABB,SPL-552,2023,133.8,Standby,High,SYNTHETIC_VN_REALISTIC
EQ01770,BLD112,CO2 Sensor,BMS,17,Siemens,CO2-615,2023,0,Active,High,SYNTHETIC_VN_REALISTIC
EQ01771,BLD112,Split AC,HVAC,16,Carrier,SPL-856,2026,435.6,Active,Low,SYNTHETIC_VN_REALISTIC
EQ01772,BLD112,Fire Pump,Fire Safety,28,Siemens,FIR-927,2026,304.3,Active,Low,SYNTHETIC_VN_REALISTIC
EQ01773,BLD112,Temperature Sensor,BMS,23,Grundfos,TEM-981,2026,0,Standby,High,SYNTHETIC_VN_REALISTIC
EQ01774,BLD112,Cooling Tower,HVAC,Roof,Trane,COO-284,2024,91.9,Active,Low,SYNTHETIC_VN_REALISTIC
EQ01775,BLD112,Transformer,Electrical,31,Panasonic,TRA-588,2024,246.3,Active,High,SYNTHETIC_VN_REALISTIC
EQ01776,BLD112,Cooling Tower,HVAC,Roof,ABB,COO-422,2026,327.4,Maintenance,Medium,SYNTHETIC_VN_REALISTIC
EQ01777,BLD112,Booster Pump,Plumbing,4,Grundfos,BOO-161,2023,371.9,Active,Medium,SYNTHETIC_VN_REALISTIC
EQ01778,BLD112,Lift,Vertical Transport,10,Carrier,LIF-376,2026,27.7,Standby,High,SYNTHETIC_VN_REALISTIC
EQ01779,BLD112,Chiller,HVAC,6,Daikin,CHI-518,2025,443.4,Standby,Medium,SYNTHETIC_VN_REALISTIC
EQ01780,BLD112,Temperature Sensor,BMS,3,Carrier,TEM-828,2025,0,Active,High,SYNTHETIC_VN_REALISTIC
EQ01781,BLD113,Transformer,Electrical,8,Grundfos,TRA-884,2012,217.4,Maintenance,High,SYNTHETIC_VN_REALISTIC
EQ01782,BLD113,Temperature Sensor,BMS,19,Siemens,TEM-750,2020,0,Active,High,SYNTHETIC_VN_REALISTIC
EQ01783,BLD113,Generator,Electrical,33,Trane,GEN-520,2018,77.5,Maintenance,Medium,SYNTHETIC_VN_REALISTIC
EQ01784,BLD113,Lighting Panel,Lighting,3,Panasonic,LIG-758,2018,267.0,Standby,Low,SYNTHETIC_VN_REALISTIC
EQ01785,BLD113,Generator,Electrical,32,Grundfos,GEN-878,2014,123.1,Standby,Medium,SYNTHETIC_VN_REALISTIC
EQ01786,BLD113,Lift,Vertical Transport,5,Mitsubishi,LIF-453,2020,153.2,Active,Medium,SYNTHETIC_VN_REALISTIC
EQ01787,BLD113,FCU,HVAC,34,Toshiba,FCU-114,2025,425.0,Standby,Medium,SYNTHETIC_VN_REALISTIC
EQ01788,BLD113,Booster Pump,Plumbing,17,LS Electric,BOO-303,2019,324.9,Active,Low,SYNTHETIC_VN_REALISTIC
EQ01789,BLD113,Chiller,HVAC,22,Carrier,CHI-133,2026,328.7,Active,Low,SYNTHETIC_VN_REALISTIC
EQ01790,BLD113,CO2 Sensor,BMS,29,LS Electric,CO2-912,2024,0,Active,Medium,SYNTHETIC_VN_REALISTIC
EQ01791,BLD113,Temperature Sensor,BMS,1,Schneider,TEM-220,2024,0,Active,Medium,SYNTHETIC_VN_REALISTIC
EQ01792,BLD113,Lighting Panel,Lighting,25,LS Electric,LIG-184,2024,15.4,Active,High,SYNTHETIC_VN_REALISTIC
EQ01793,BLD113,Cooling Tower,HVAC,Roof,ABB,COO-787,2015,425.5,Active,Medium,SYNTHETIC_VN_REALISTIC
EQ01794,BLD113,Fire Pump,Fire Safety,21,Hitachi,FIR-840,2013,294.7,Active,Low,SYNTHETIC_VN_REALISTIC
EQ01795,BLD113,Booster Pump,Plumbing,1,ABB,BOO-269,2023,213.6,Standby,Medium,SYNTHETIC_VN_REALISTIC
EQ01796,BLD113,Lift,Vertical Transport,25,Panasonic,LIF-209,2022,387.2,Active,Medium,SYNTHETIC_VN_REALISTIC
EQ01797,BLD113,Cooling Tower,HVAC,Roof,Mitsubishi,COO-953,2018,159.2,Active,Medium,SYNTHETIC_VN_REALISTIC
EQ01798,BLD114,CO2 Sensor,BMS,6,ABB,CO2-681,2024,0,Standby,Low,SYNTHETIC_VN_REALISTIC
EQ01799,BLD114,Transformer,Electrical,6,ABB,TRA-898,2025,287.2,Active,High,SYNTHETIC_VN_REALISTIC
EQ01800,BLD114,Transformer,Electrical,18,ABB,TRA-151,2023,68.7,Active,High,SYNTHETIC_VN_REALISTIC
EQ01801,BLD114,Fire Pump,Fire Safety,21,ABB,FIR-717,2022,310.6,Standby,Low,SYNTHETIC_VN_REALISTIC
EQ01802,BLD114,Lift,Vertical Transport,6,Grundfos,LIF-959,2026,52.5,Active,High,SYNTHETIC_VN_REALISTIC
EQ01803,BLD114,Cooling Tower,HVAC,Roof,Hitachi,COO-412,2026,403.6,Standby,High,SYNTHETIC_VN_REALISTIC
EQ01804,BLD114,Split AC,HVAC,21,Schneider,SPL-716,2023,119.9,Active,Medium,SYNTHETIC_VN_REALISTIC
EQ01805,BLD114,Water Pump,Plumbing,28,Daikin,WAT-309,2026,328.3,Active,Medium,SYNTHETIC_VN_REALISTIC
EQ01806,BLD114,Lift,Vertical Transport,2,ABB,LIF-951,2026,88.8,Active,Medium,SYNTHETIC_VN_REALISTIC
EQ01807,BLD114,CO2 Sensor,BMS,3,Daikin,CO2-657,2023,0,Active,High,SYNTHETIC_VN_REALISTIC
EQ01808,BLD114,Temperature Sensor,BMS,1,Grundfos,TEM-631,2022,0,Active,Medium,SYNTHETIC_VN_REALISTIC
EQ01809,BLD114,Fire Pump,Fire Safety,27,Schneider,FIR-596,2026,71.4,Maintenance,High,SYNTHETIC_VN_REALISTIC
EQ01810,BLD114,Split AC,HVAC,12,Trane,SPL-634,2025,50.5,Active,High,SYNTHETIC_VN_REALISTIC
EQ01811,BLD114,Lift,Vertical Transport,2,Panasonic,LIF-805,2025,235.8,Active,High,SYNTHETIC_VN_REALISTIC
EQ01812,BLD114,Booster Pump,Plumbing,12,Schneider,BOO-782,2024,58.8,Standby,Low,SYNTHETIC_VN_REALISTIC
EQ01813,BLD114,Water Pump,Plumbing,15,Trane,WAT-719,2023,402.6,Active,High,SYNTHETIC_VN_REALISTIC
EQ01814,BLD114,Lift,Vertical Transport,29,Trane,LIF-423,2024,5.8,Active,Medium,SYNTHETIC_VN_REALISTIC
EQ01815,BLD114,Split AC,HVAC,11,Toshiba,SPL-326,2023,346.1,Active,Low,SYNTHETIC_VN_REALISTIC
EQ01816,BLD114,CO2 Sensor,BMS,11,Hitachi,CO2-716,2022,0,Active,High,SYNTHETIC_VN_REALISTIC
EQ01817,BLD114,CO2 Sensor,BMS,27,LS Electric,CO2-438,2024,0,Active,High,SYNTHETIC_VN_REALISTIC
EQ01818,BLD115,Temperature Sensor,BMS,3,Trane,TEM-152,2022,0,Active,High,SYNTHETIC_VN_REALISTIC
EQ01819,BLD115,FCU,HVAC,4,LS Electric,FCU-802,2026,104.0,Active,Low,SYNTHETIC_VN_REALISTIC
EQ01820,BLD115,Booster Pump,Plumbing,9,Trane,BOO-928,2002,380.1,Active,Medium,SYNTHETIC_VN_REALISTIC
EQ01821,BLD115,Generator,Electrical,17,Toshiba,GEN-960,2017,432.7,Active,Medium,SYNTHETIC_VN_REALISTIC
EQ01822,BLD115,CO2 Sensor,BMS,18,Grundfos,CO2-648,2010,0,Active,High,SYNTHETIC_VN_REALISTIC
EQ01823,BLD115,MDB,Electrical,26,Trane,MDB-631,2012,278.2,Standby,High,SYNTHETIC_VN_REALISTIC
EQ01824,BLD115,Chiller,HVAC,23,Schneider,CHI-606,2008,438.4,Standby,High,SYNTHETIC_VN_REALISTIC
EQ01825,BLD115,CO2 Sensor,BMS,21,ABB,CO2-631,2008,0,Active,Low,SYNTHETIC_VN_REALISTIC
EQ01826,BLD115,CO2 Sensor,BMS,9,Mitsubishi,CO2-257,2009,0,Standby,High,SYNTHETIC_VN_REALISTIC
EQ01827,BLD115,AHU,HVAC,5,LS Electric,AHU-841,2000,290.5,Active,High,SYNTHETIC_VN_REALISTIC
EQ01828,BLD115,Split AC,HVAC,14,Carrier,SPL-668,2001,357.6,Active,High,SYNTHETIC_VN_REALISTIC
EQ01829,BLD115,FCU,HVAC,1,Siemens,FCU-242,2018,406.4,Active,Low,SYNTHETIC_VN_REALISTIC
EQ01830,BLD115,Water Pump,Plumbing,17,Panasonic,WAT-429,2004,94.6,Active,High,SYNTHETIC_VN_REALISTIC
EQ01831,BLD115,Transformer,Electrical,2,Siemens,TRA-625,2015,180.8,Active,Low,SYNTHETIC_VN_REALISTIC
EQ01832,BLD115,Temperature Sensor,BMS,13,Toshiba,TEM-278,2016,0,Standby,Medium,SYNTHETIC_VN_REALISTIC
EQ01833,BLD115,FCU,HVAC,8,Daikin,FCU-376,2015,214.7,Active,High,SYNTHETIC_VN_REALISTIC
EQ01834,BLD115,Fire Pump,Fire Safety,17,ABB,FIR-791,2024,90.6,Active,High,SYNTHETIC_VN_REALISTIC
EQ01835,BLD115,Chiller,HVAC,11,Carrier,CHI-914,2000,377.5,Active,High,SYNTHETIC_VN_REALISTIC
EQ01836,BLD115,Lighting Panel,Lighting,9,Schneider,LIG-834,2020,362.0,Active,Low,SYNTHETIC_VN_REALISTIC
EQ01837,BLD115,MDB,Electrical,5,Carrier,MDB-611,2009,447.1,Active,Medium,SYNTHETIC_VN_REALISTIC
EQ01838,BLD116,Lift,Vertical Transport,2,Carrier,LIF-467,2022,107.7,Maintenance,High,SYNTHETIC_VN_REALISTIC
EQ01839,BLD116,Transformer,Electrical,3,Toshiba,TRA-428,2026,149.7,Active,High,SYNTHETIC_VN_REALISTIC
EQ01840,BLD116,Lighting Panel,Lighting,1,Grundfos,LIG-191,2024,132.5,Maintenance,Medium,SYNTHETIC_VN_REALISTIC
EQ01841,BLD116,Humidity Sensor,BMS,3,Mitsubishi,HUM-680,2024,0,Active,High,SYNTHETIC_VN_REALISTIC
EQ01842,BLD116,Booster Pump,Plumbing,3,Mitsubishi,BOO-975,2020,175.1,Maintenance,Low,SYNTHETIC_VN_REALISTIC
EQ01843,BLD116,Split AC,HVAC,6,Grundfos,SPL-463,2019,101.2,Standby,Medium,SYNTHETIC_VN_REALISTIC
EQ01844,BLD116,Lighting Panel,Lighting,3,Hitachi,LIG-883,2025,150.0,Active,High,SYNTHETIC_VN_REALISTIC
EQ01845,BLD116,Temperature Sensor,BMS,3,Trane,TEM-605,2021,0,Maintenance,Low,SYNTHETIC_VN_REALISTIC
EQ01846,BLD116,Split AC,HVAC,6,Mitsubishi,SPL-159,2023,130.0,Active,Medium,SYNTHETIC_VN_REALISTIC
EQ01847,BLD116,Humidity Sensor,BMS,6,Hitachi,HUM-658,2025,0,Active,Medium,SYNTHETIC_VN_REALISTIC
EQ01848,BLD116,Humidity Sensor,BMS,1,Hitachi,HUM-687,2023,0,Maintenance,High,SYNTHETIC_VN_REALISTIC
EQ01849,BLD116,AHU,HVAC,5,Siemens,AHU-827,2023,393.1,Active,Low,SYNTHETIC_VN_REALISTIC
EQ01850,BLD117,FCU,HVAC,29,LS Electric,FCU-386,2025,449.8,Maintenance,Medium,SYNTHETIC_VN_REALISTIC
EQ01851,BLD117,Split AC,HVAC,21,Trane,SPL-613,2023,236.7,Active,High,SYNTHETIC_VN_REALISTIC
EQ01852,BLD117,MDB,Electrical,16,Hitachi,MDB-329,2023,343.0,Active,Low,SYNTHETIC_VN_REALISTIC
EQ01853,BLD117,Split AC,HVAC,23,Panasonic,SPL-830,2021,314.8,Standby,Low,SYNTHETIC_VN_REALISTIC
EQ01854,BLD117,Temperature Sensor,BMS,6,Toshiba,TEM-576,2025,0,Standby,High,SYNTHETIC_VN_REALISTIC
EQ01855,BLD117,Cooling Tower,HVAC,Roof,Carrier,COO-110,2021,396.1,Active,Low,SYNTHETIC_VN_REALISTIC
EQ01856,BLD117,MDB,Electrical,17,Siemens,MDB-948,2024,322.8,Maintenance,High,SYNTHETIC_VN_REALISTIC
EQ01857,BLD117,Cooling Tower,HVAC,Roof,Hitachi,COO-189,2026,100.2,Active,High,SYNTHETIC_VN_REALISTIC
EQ01858,BLD117,Fire Pump,Fire Safety,18,Panasonic,FIR-931,2023,65.7,Active,High,SYNTHETIC_VN_REALISTIC
EQ01859,BLD117,Temperature Sensor,BMS,6,Hitachi,TEM-626,2022,0,Maintenance,High,SYNTHETIC_VN_REALISTIC
EQ01860,BLD117,Cooling Tower,HVAC,Roof,Carrier,COO-818,2025,321.6,Active,Low,SYNTHETIC_VN_REALISTIC
EQ01861,BLD117,Fire Pump,Fire Safety,29,Daikin,FIR-391,2026,116.5,Active,High,SYNTHETIC_VN_REALISTIC
EQ01862,BLD117,Split AC,HVAC,6,Schneider,SPL-130,2023,312.8,Active,Low,SYNTHETIC_VN_REALISTIC
EQ01863,BLD117,AHU,HVAC,20,ABB,AHU-975,2022,54.6,Standby,Low,SYNTHETIC_VN_REALISTIC
EQ01864,BLD117,Lighting Panel,Lighting,8,Siemens,LIG-347,2024,58.2,Standby,Low,SYNTHETIC_VN_REALISTIC
EQ01865,BLD117,Lift,Vertical Transport,17,Carrier,LIF-838,2026,407.6,Active,High,SYNTHETIC_VN_REALISTIC
EQ01866,BLD117,Temperature Sensor,BMS,30,Siemens,TEM-121,2023,0,Active,Low,SYNTHETIC_VN_REALISTIC
EQ01867,BLD117,Chiller,HVAC,7,Mitsubishi,CHI-999,2022,403.1,Active,Low,SYNTHETIC_VN_REALISTIC
EQ01868,BLD117,Temperature Sensor,BMS,7,Siemens,TEM-316,2026,0,Standby,High,SYNTHETIC_VN_REALISTIC
EQ01869,BLD117,Humidity Sensor,BMS,18,Schneider,HUM-336,2021,0,Active,Low,SYNTHETIC_VN_REALISTIC
EQ01870,BLD117,Generator,Electrical,15,Daikin,GEN-301,2024,240.4,Standby,High,SYNTHETIC_VN_REALISTIC
EQ01871,BLD118,Transformer,Electrical,9,Grundfos,TRA-938,2018,326.6,Standby,Medium,SYNTHETIC_VN_REALISTIC
EQ01872,BLD118,Humidity Sensor,BMS,24,Daikin,HUM-936,2018,0,Active,Low,SYNTHETIC_VN_REALISTIC
EQ01873,BLD118,CO2 Sensor,BMS,24,Grundfos,CO2-609,2025,0,Standby,Low,SYNTHETIC_VN_REALISTIC
EQ01874,BLD118,Cooling Tower,HVAC,Roof,LS Electric,COO-386,2020,286.6,Active,Low,SYNTHETIC_VN_REALISTIC
EQ01875,BLD118,Temperature Sensor,BMS,23,ABB,TEM-182,2017,0,Standby,Low,SYNTHETIC_VN_REALISTIC
EQ01876,BLD118,Humidity Sensor,BMS,22,Toshiba,HUM-665,2026,0,Maintenance,Low,SYNTHETIC_VN_REALISTIC
EQ01877,BLD118,Chiller,HVAC,4,Grundfos,CHI-487,2019,394.4,Active,Low,SYNTHETIC_VN_REALISTIC
EQ01878,BLD118,MDB,Electrical,26,Panasonic,MDB-909,2017,184.8,Active,High,SYNTHETIC_VN_REALISTIC
EQ01879,BLD118,Water Pump,Plumbing,6,Carrier,WAT-939,2021,62.0,Active,Low,SYNTHETIC_VN_REALISTIC
EQ01880,BLD118,Cooling Tower,HVAC,Roof,Trane,COO-473,2021,298.2,Active,Medium,SYNTHETIC_VN_REALISTIC
EQ01881,BLD118,Transformer,Electrical,25,ABB,TRA-729,2020,182.7,Active,Low,SYNTHETIC_VN_REALISTIC
EQ01882,BLD118,Fire Pump,Fire Safety,15,ABB,FIR-852,2020,294.4,Active,Medium,SYNTHETIC_VN_REALISTIC
EQ01883,BLD119,Temperature Sensor,BMS,29,ABB,TEM-470,2022,0,Active,High,SYNTHETIC_VN_REALISTIC
EQ01884,BLD119,CO2 Sensor,BMS,23,ABB,CO2-798,2026,0,Active,High,SYNTHETIC_VN_REALISTIC
EQ01885,BLD119,Fire Pump,Fire Safety,3,Schneider,FIR-833,2024,433.7,Active,Low,SYNTHETIC_VN_REALISTIC
EQ01886,BLD119,Temperature Sensor,BMS,27,Schneider,TEM-681,2021,0,Active,Medium,SYNTHETIC_VN_REALISTIC
EQ01887,BLD119,FCU,HVAC,31,Siemens,FCU-376,2022,72.8,Active,Low,SYNTHETIC_VN_REALISTIC
EQ01888,BLD119,Humidity Sensor,BMS,26,Siemens,HUM-919,2026,0,Active,High,SYNTHETIC_VN_REALISTIC
EQ01889,BLD119,Split AC,HVAC,19,ABB,SPL-386,2025,397.0,Active,High,SYNTHETIC_VN_REALISTIC
EQ01890,BLD119,CO2 Sensor,BMS,11,Siemens,CO2-760,2023,0,Standby,Low,SYNTHETIC_VN_REALISTIC
EQ01891,BLD119,Chiller,HVAC,30,Toshiba,CHI-974,2021,211.5,Standby,High,SYNTHETIC_VN_REALISTIC
EQ01892,BLD119,Fire Pump,Fire Safety,17,Daikin,FIR-433,2025,339.4,Maintenance,High,SYNTHETIC_VN_REALISTIC
EQ01893,BLD119,MDB,Electrical,27,Trane,MDB-328,2024,188.4,Standby,Low,SYNTHETIC_VN_REALISTIC
EQ01894,BLD119,MDB,Electrical,17,Siemens,MDB-926,2025,120.6,Active,High,SYNTHETIC_VN_REALISTIC
EQ01895,BLD119,CO2 Sensor,BMS,2,LS Electric,CO2-878,2024,0,Standby,High,SYNTHETIC_VN_REALISTIC
EQ01896,BLD119,MDB,Electrical,5,ABB,MDB-339,2024,55.4,Active,Medium,SYNTHETIC_VN_REALISTIC
EQ01897,BLD119,Transformer,Electrical,9,Schneider,TRA-863,2026,200.0,Active,Low,SYNTHETIC_VN_REALISTIC
EQ01898,BLD119,Lighting Panel,Lighting,26,Daikin,LIG-830,2025,230.0,Active,High,SYNTHETIC_VN_REALISTIC
EQ01899,BLD119,CO2 Sensor,BMS,1,Mitsubishi,CO2-489,2024,0,Active,Medium,SYNTHETIC_VN_REALISTIC
EQ01900,BLD119,FCU,HVAC,7,LS Electric,FCU-618,2023,61.8,Standby,Low,SYNTHETIC_VN_REALISTIC
EQ01901,BLD119,Fire Pump,Fire Safety,26,Grundfos,FIR-492,2021,368.0,Active,Low,SYNTHETIC_VN_REALISTIC
EQ01902,BLD119,Split AC,HVAC,9,Trane,SPL-687,2021,216.4,Active,High,SYNTHETIC_VN_REALISTIC
EQ01903,BLD119,Lift,Vertical Transport,10,Trane,LIF-654,2023,298.7,Standby,High,SYNTHETIC_VN_REALISTIC
EQ01904,BLD119,Booster Pump,Plumbing,16,Toshiba,BOO-284,2022,388.7,Active,High,SYNTHETIC_VN_REALISTIC
EQ01905,BLD120,Cooling Tower,HVAC,Roof,ABB,COO-338,2026,414.7,Standby,High,SYNTHETIC_VN_REALISTIC
EQ01906,BLD120,Booster Pump,Plumbing,12,Panasonic,BOO-667,2024,72.4,Active,High,SYNTHETIC_VN_REALISTIC
EQ01907,BLD120,CO2 Sensor,BMS,31,Trane,CO2-459,2026,0,Active,High,SYNTHETIC_VN_REALISTIC
EQ01908,BLD120,Lift,Vertical Transport,21,Grundfos,LIF-946,2026,281.4,Active,Low,SYNTHETIC_VN_REALISTIC
EQ01909,BLD120,Transformer,Electrical,1,Toshiba,TRA-443,2026,284.7,Active,Low,SYNTHETIC_VN_REALISTIC
EQ01910,BLD120,FCU,HVAC,24,Panasonic,FCU-937,2019,203.3,Active,High,SYNTHETIC_VN_REALISTIC
EQ01911,BLD120,Temperature Sensor,BMS,24,Schneider,TEM-119,2026,0,Active,Medium,SYNTHETIC_VN_REALISTIC
EQ01912,BLD120,Split AC,HVAC,13,ABB,SPL-750,2023,222.5,Standby,High,SYNTHETIC_VN_REALISTIC
EQ01913,BLD120,Transformer,Electrical,14,Trane,TRA-673,2020,332.5,Active,High,SYNTHETIC_VN_REALISTIC
EQ01914,BLD120,Split AC,HVAC,28,Mitsubishi,SPL-872,2019,227.5,Maintenance,High,SYNTHETIC_VN_REALISTIC
EQ01915,BLD120,Chiller,HVAC,27,Hitachi,CHI-764,2019,428.5,Maintenance,High,SYNTHETIC_VN_REALISTIC
EQ01916,BLD120,CO2 Sensor,BMS,32,Trane,CO2-489,2024,0,Active,High,SYNTHETIC_VN_REALISTIC
EQ01917,BLD120,MDB,Electrical,18,Hitachi,MDB-140,2026,198.0,Active,Medium,SYNTHETIC_VN_REALISTIC
EQ01918,BLD120,Cooling Tower,HVAC,Roof,Carrier,COO-846,2020,15.6,Active,High,SYNTHETIC_VN_REALISTIC
EQ01919,BLD120,Cooling Tower,HVAC,Roof,Mitsubishi,COO-376,2020,242.2,Active,High,SYNTHETIC_VN_REALISTIC
EQ01920,BLD120,Lighting Panel,Lighting,17,Panasonic,LIG-496,2023,402.8,Active,Low,SYNTHETIC_VN_REALISTIC
EQ01921,BLD120,Split AC,HVAC,15,Panasonic,SPL-741,2022,332.9,Standby,High,SYNTHETIC_VN_REALISTIC
