fault_id,equipment_id,building_id,fault_timestamp,fault_type,severity,acknowledged,resolved,data_origin
FLT00001,EQ00848,BLD055,2026-01-06 23:00:00,Overcurrent,Critical,Yes,Yes,SYNTHETIC_VN_REALISTIC
FLT00002,EQ00128,BLD009,2026-05-22 02:00:00,Communication Loss,Critical,No,No,SYNTHETIC_VN_REALISTIC
FLT00003,EQ00799,BLD052,2026-08-06 00:00:00,High Temperature,Medium,Yes,Yes,SYNTHETIC_VN_REALISTIC
FLT00004,EQ01315,BLD084,2026-02-08 19:00:00,Communication Loss,High,Yes,Yes,SYNTHETIC_VN_REALISTIC
FLT00005,EQ00585,BLD038,2026-02-10 19:00:00,High Temperature,Medium,No,Yes,SYNTHETIC_VN_REALISTIC
FLT00006,EQ01115,BLD071,2026-05-17 20:00:00,Low Flow,Medium,Yes,No,SYNTHETIC_VN_REALISTIC
FLT00007,EQ01529,BLD097,2026-07-04 08:00:00,Low Flow,Medium,Yes,Yes,SYNTHETIC_VN_REALISTIC
FLT00008,EQ01181,BLD076,2026-05-06 02:00:00,Communication Loss,High,No,Yes,SYNTHETIC_VN_REALISTIC
FLT00009,EQ00052,BLD004,2026-03-26 07:00:00,Abnormal Vibration,Medium,Yes,Yes,SYNTHETIC_VN_REALISTIC
FLT00010,EQ00563,BLD037,2026-04-04 11:00:00,Valve Stuck,Medium,Yes,Yes,SYNTHETIC_VN_REALISTIC
FLT00011,EQ00575,BLD037,2026-04-09 19:00:00,Abnormal Vibration,Low,Yes,No,SYNTHETIC_VN_REALISTIC
FLT00012,EQ01177,BLD076,2026-04-01 15:00:00,Low Pressure,High,No,Yes,SYNTHETIC_VN_REALISTIC
FLT00013,EQ00326,BLD021,2026-04-22 11:00:00,Low Flow,Low,Yes,No,SYNTHETIC_VN_REALISTIC
FLT00014,EQ01079,BLD069,2026-07-10 11:00:00,Abnormal Vibration,High,Yes,Yes,SYNTHETIC_VN_REALISTIC
FLT00015,EQ01379,BLD088,2026-08-18 00:00:00,Communication Loss,Medium,Yes,Yes,SYNTHETIC_VN_REALISTIC
FLT00016,EQ00026,BLD002,2026-08-14 22:00:00,Valve Stuck,Medium,Yes,Yes,SYNTHETIC_VN_REALISTIC
FLT00017,EQ00866,BLD056,2026-01-11 02:00:00,High Temperature,Critical,Yes,No,SYNTHETIC_VN_REALISTIC
FLT00018,EQ01481,BLD094,2026-07-08 17:00:00,Valve Stuck,Critical,Yes,Yes,SYNTHETIC_VN_REALISTIC
FLT00019,EQ00472,BLD030,2026-02-09 16:00:00,Valve Stuck,Low,Yes,Yes,SYNTHETIC_VN_REALISTIC
FLT00020,EQ01429,BLD091,2026-05-10 11:00:00,Abnormal Vibration,High,Yes,Yes,SYNTHETIC_VN_REALISTIC
FLT00021,EQ00742,BLD048,2026-08-31 00:00:00,Sensor Drift,Low,Yes,Yes,SYNTHETIC_VN_REALISTIC
FLT00022,EQ00283,BLD019,2026-04-06 14:00:00,Low Pressure,Medium,Yes,Yes,SYNTHETIC_VN_REALISTIC
FLT00023,EQ00453,BLD029,2026-09-04 20:00:00,Overcurrent,Low,Yes,No,SYNTHETIC_VN_REALISTIC
FLT00024,EQ00344,BLD022,2026-01-01 10:00:00,Communication Loss,Low,Yes,Yes,SYNTHETIC_VN_REALISTIC
FLT00025,EQ01442,BLD092,2026-08-29 11:00:00,Low Pressure,Low,Yes,No,SYNTHETIC_VN_REALISTIC
FLT00026,EQ00856,BLD055,2026-02-02 12:00:00,Low Pressure,Critical,Yes,Yes,SYNTHETIC_VN_REALISTIC
FLT00027,EQ00114,BLD008,2026-03-07 05:00:00,Low Pressure,Critical,Yes,Yes,SYNTHETIC_VN_REALISTIC
FLT00028,EQ00746,BLD048,2026-04-02 19:00:00,Overcurrent,Medium,Yes,Yes,SYNTHETIC_VN_REALISTIC
FLT00029,EQ00119,BLD008,2026-06-15 14:00:00,Valve Stuck,Critical,No,Yes,SYNTHETIC_VN_REALISTIC
FLT00030,EQ00850,BLD055,2026-03-15 15:00:00,Abnormal Vibration,Medium,Yes,Yes,SYNTHETIC_VN_REALISTIC
FLT00031,EQ01083,BLD069,2026-01-20 04:00:00,Overcurrent,Medium,Yes,Yes,SYNTHETIC_VN_REALISTIC
FLT00032,EQ00400,BLD026,2026-05-14 23:00:00,Valve Stuck,Low,No,Yes,SYNTHETIC_VN_REALISTIC
FLT00033,EQ01252,BLD080,2026-07-01 14:00:00,Valve Stuck,Medium,No,Yes,SYNTHETIC_VN_REALISTIC
FLT00034,EQ01126,BLD072,2026-01-26 01:00:00,Low Pressure,Critical,Yes,No,SYNTHETIC_VN_REALISTIC
FLT00035,EQ00955,BLD061,2026-04-21 04:00:00,Abnormal Vibration,High,Yes,No,SYNTHETIC_VN_REALISTIC
FLT00036,EQ01336,BLD086,2026-06-10 02:00:00,Abnormal Vibration,Low,No,Yes,SYNTHETIC_VN_REALISTIC
FLT00037,EQ01197,BLD077,2026-03-03 21:00:00,Sensor Drift,Critical,Yes,Yes,SYNTHETIC_VN_REALISTIC
FLT00038,EQ01128,BLD073,2026-08-21 06:00:00,Low Flow,Medium,Yes,Yes,SYNTHETIC_VN_REALISTIC
FLT00039,EQ01300,BLD083,2026-06-03 19:00:00,Low Flow,Critical,No,Yes,SYNTHETIC_VN_REALISTIC
FLT00040,EQ01878,BLD118,2026-02-18 11:00:00,Communication Loss,Low,Yes,Yes,SYNTHETIC_VN_REALISTIC
FLT00041,EQ01259,BLD080,2026-09-07 01:00:00,Abnormal Vibration,High,Yes,Yes,SYNTHETIC_VN_REALISTIC
FLT00042,EQ00980,BLD062,2026-02-04 03:00:00,Communication Loss,Medium,Yes,No,SYNTHETIC_VN_REALISTIC
FLT00043,EQ01606,BLD102,2026-07-09 22:00:00,Sensor Drift,Low,No,Yes,SYNTHETIC_VN_REALISTIC
FLT00044,EQ00020,BLD001,2026-02-09 03:00:00,Low Flow,High,No,Yes,SYNTHETIC_VN_REALISTIC
FLT00045,EQ01289,BLD082,2026-05-10 07:00:00,High Temperature,High,Yes,Yes,SYNTHETIC_VN_REALISTIC
FLT00046,EQ00522,BLD034,2026-06-15 11:00:00,Low Pressure,High,Yes,Yes,SYNTHETIC_VN_REALISTIC
FLT00047,EQ01892,BLD119,2026-02-11 07:00:00,Overcurrent,Low,Yes,Yes,SYNTHETIC_VN_REALISTIC
FLT00048,EQ00220,BLD015,2026-01-17 04:00:00,Low Pressure,High,Yes,Yes,SYNTHETIC_VN_REALISTIC
FLT00049,EQ00147,BLD011,2026-08-28 11:00:00,Low Flow,Critical,Yes,Yes,SYNTHETIC_VN_REALISTIC
FLT00050,EQ00879,BLD057,2026-03-04 18:00:00,High Temperature,High,Yes,Yes,SYNTHETIC_VN_REALISTIC
FLT00051,EQ00356,BLD023,2026-04-06 11:00:00,Communication Loss,High,No,Yes,SYNTHETIC_VN_REALISTIC
FLT00052,EQ01423,BLD091,2026-01-27 20:00:00,High Temperature,High,Yes,Yes,SYNTHETIC_VN_REALISTIC
FLT00053,EQ01329,BLD085,2026-07-06 05:00:00,Overcurrent,Critical,Yes,Yes,SYNTHETIC_VN_REALISTIC
FLT00054,EQ01865,BLD117,2026-01-07 19:00:00,Abnormal Vibration,Medium,No,Yes,SYNTHETIC_VN_REALISTIC
FLT00055,EQ01446,BLD092,2026-07-15 04:00:00,Low Pressure,Medium,Yes,Yes,SYNTHETIC_VN_REALISTIC
FLT00056,EQ00966,BLD062,2026-05-13 15:00:00,Low Flow,Medium,Yes,No,SYNTHETIC_VN_REALISTIC
FLT00057,EQ01409,BLD090,2026-08-14 04:00:00,High Temperature,Low,Yes,No,SYNTHETIC_VN_REALISTIC
FLT00058,EQ00108,BLD007,2026-03-11 04:00:00,Low Flow,Low,Yes,Yes,SYNTHETIC_VN_REALISTIC
FLT00059,EQ01301,BLD083,2026-03-03 18:00:00,High Temperature,Low,Yes,No,SYNTHETIC_VN_REALISTIC
FLT00060,EQ00611,BLD039,2026-04-01 05:00:00,Valve Stuck,High,Yes,No,SYNTHETIC_VN_REALISTIC
FLT00061,EQ01178,BLD076,2026-01-15 16:00:00,Overcurrent,Critical,Yes,Yes,SYNTHETIC_VN_REALISTIC
FLT00062,EQ00418,BLD028,2026-02-02 16:00:00,Abnormal Vibration,Medium,Yes,Yes,SYNTHETIC_VN_REALISTIC
FLT00063,EQ01212,BLD078,2026-04-02 21:00:00,Low Pressure,Medium,Yes,Yes,SYNTHETIC_VN_REALISTIC
FLT00064,EQ01357,BLD087,2026-02-16 06:00:00,Valve Stuck,Medium,Yes,Yes,SYNTHETIC_VN_REALISTIC
FLT00065,EQ00293,BLD019,2026-03-16 00:00:00,Overcurrent,Medium,No,Yes,SYNTHETIC_VN_REALISTIC
FLT00066,EQ00991,BLD063,2026-03-03 17:00:00,Abnormal Vibration,Critical,Yes,No,SYNTHETIC_VN_REALISTIC
FLT00067,EQ00454,BLD029,2026-04-15 04:00:00,High Temperature,High,No,Yes,SYNTHETIC_VN_REALISTIC
FLT00068,EQ00822,BLD053,2026-02-20 06:00:00,Low Flow,Low,No,No,SYNTHETIC_VN_REALISTIC
FLT00069,EQ00616,BLD040,2026-05-05 20:00:00,Overcurrent,Medium,Yes,Yes,SYNTHETIC_VN_REALISTIC
FLT00070,EQ01640,BLD104,2026-07-03 14:00:00,Abnormal Vibration,Low,Yes,Yes,SYNTHETIC_VN_REALISTIC
FLT00071,EQ00755,BLD049,2026-04-18 06:00:00,Valve Stuck,High,No,Yes,SYNTHETIC_VN_REALISTIC
FLT00072,EQ01859,BLD117,2026-08-12 20:00:00,Abnormal Vibration,Medium,No,Yes,SYNTHETIC_VN_REALISTIC
FLT00073,EQ00480,BLD031,2026-01-26 10:00:00,Sensor Drift,Medium,No,Yes,SYNTHETIC_VN_REALISTIC
FLT00074,EQ01107,BLD071,2026-05-23 07:00:00,Communication Loss,Medium,No,Yes,SYNTHETIC_VN_REALISTIC
FLT00075,EQ01330,BLD085,2026-08-29 22:00:00,Sensor Drift,Low,No,Yes,SYNTHETIC_VN_REALISTIC
FLT00076,EQ00559,BLD036,2026-04-16 18:00:00,Low Pressure,High,No,Yes,SYNTHETIC_VN_REALISTIC
FLT00077,EQ01626,BLD103,2026-08-17 03:00:00,Communication Loss,High,Yes,Yes,SYNTHETIC_VN_REALISTIC
FLT00078,EQ01186,BLD076,2026-08-05 11:00:00,Abnormal Vibration,Low,Yes,Yes,SYNTHETIC_VN_REALISTIC
FLT00079,EQ01661,BLD105,2026-01-16 14:00:00,High Temperature,Critical,No,Yes,SYNTHETIC_VN_REALISTIC
FLT00080,EQ00804,BLD052,2026-05-20 05:00:00,Communication Loss,Critical,Yes,Yes,SYNTHETIC_VN_REALISTIC
FLT00081,EQ01183,BLD076,2026-03-02 22:00:00,Communication Loss,High,Yes,Yes,SYNTHETIC_VN_REALISTIC
FLT00082,EQ00757,BLD049,2026-07-25 15:00:00,Sensor Drift,Low,No,No,SYNTHETIC_VN_REALISTIC
FLT00083,EQ00616,BLD040,2026-01-11 23:00:00,Valve Stuck,Critical,Yes,No,SYNTHETIC_VN_REALISTIC
FLT00084,EQ01137,BLD073,2026-02-13 03:00:00,Low Flow,Critical,No,Yes,SYNTHETIC_VN_REALISTIC
FLT00085,EQ01193,BLD077,2026-02-23 22:00:00,Low Pressure,Critical,Yes,Yes,SYNTHETIC_VN_REALISTIC
FLT00086,EQ01846,BLD116,2026-02-07 07:00:00,Low Pressure,Low,Yes,No,SYNTHETIC_VN_REALISTIC
FLT00087,EQ01036,BLD066,2026-02-05 03:00:00,Abnormal Vibration,Medium,No,Yes,SYNTHETIC_VN_REALISTIC
FLT00088,EQ00416,BLD028,2026-03-15 01:00:00,Valve Stuck,Medium,No,Yes,SYNTHETIC_VN_REALISTIC
FLT00089,EQ00562,BLD037,2026-08-25 17:00:00,Overcurrent,High,No,No,SYNTHETIC_VN_REALISTIC
FLT00090,EQ01572,BLD100,2026-04-23 17:00:00,Abnormal Vibration,Low,No,Yes,SYNTHETIC_VN_REALISTIC
FLT00091,EQ00787,BLD051,2026-06-10 04:00:00,Low Flow,Low,Yes,No,SYNTHETIC_VN_REALISTIC
FLT00092,EQ01848,BLD116,2026-06-28 06:00:00,Sensor Drift,Medium,Yes,Yes,SYNTHETIC_VN_REALISTIC
FLT00093,EQ00355,BLD023,2026-08-26 22:00:00,Valve Stuck,High,Yes,Yes,SYNTHETIC_VN_REALISTIC
FLT00094,EQ00732,BLD047,2026-05-26 04:00:00,Valve Stuck,Low,No,Yes,SYNTHETIC_VN_REALISTIC
FLT00095,EQ00847,BLD055,2026-02-22 07:00:00,Abnormal Vibration,Medium,No,Yes,SYNTHETIC_VN_REALISTIC
FLT00096,EQ00584,BLD038,2026-03-03 02:00:00,Sensor Drift,High,Yes,No,SYNTHETIC_VN_REALISTIC
FLT00097,EQ01111,BLD071,2026-06-12 07:00:00,Sensor Drift,Low,Yes,Yes,SYNTHETIC_VN_REALISTIC
FLT00098,EQ00457,BLD030,2026-03-30 23:00:00,High Temperature,Medium,No,No,SYNTHETIC_VN_REALISTIC
FLT00099,EQ01575,BLD100,2026-02-26 15:00:00,Valve Stuck,Medium,Yes,Yes,SYNTHETIC_VN_REALISTIC
FLT00100,EQ00593,BLD038,2026-03-27 06:00:00,Overcurrent,Medium,No,Yes,SYNTHETIC_VN_REALISTIC
FLT00101,EQ00658,BLD043,2026-05-06 04:00:00,Valve Stuck,High,No,No,SYNTHETIC_VN_REALISTIC
FLT00102,EQ00528,BLD034,2026-04-18 23:00:00,Valve Stuck,High,No,No,SYNTHETIC_VN_REALISTIC
FLT00103,EQ00857,BLD056,2026-09-04 06:00:00,Overcurrent,High,No,No,SYNTHETIC_VN_REALISTIC
FLT00104,EQ00516,BLD034,2026-02-25 23:00:00,Overcurrent,High,No,Yes,SYNTHETIC_VN_REALISTIC
FLT00105,EQ01509,BLD096,2026-09-02 19:00:00,Communication Loss,High,No,Yes,SYNTHETIC_VN_REALISTIC
FLT00106,EQ00947,BLD060,2026-06-12 21:00:00,Valve Stuck,High,No,Yes,SYNTHETIC_VN_REALISTIC
FLT00107,EQ01068,BLD068,2026-08-08 19:00:00,Low Pressure,Medium,Yes,Yes,SYNTHETIC_VN_REALISTIC
FLT00108,EQ01232,BLD079,2026-04-28 19:00:00,Communication Loss,Critical,Yes,Yes,SYNTHETIC_VN_REALISTIC
FLT00109,EQ01027,BLD065,2026-05-08 07:00:00,Sensor Drift,Medium,Yes,Yes,SYNTHETIC_VN_REALISTIC
FLT00110,EQ00297,BLD019,2026-03-09 04:00:00,Low Pressure,High,Yes,Yes,SYNTHETIC_VN_REALISTIC
FLT00111,EQ00195,BLD014,2026-03-15 07:00:00,High Temperature,Critical,No,Yes,SYNTHETIC_VN_REALISTIC
FLT00112,EQ00123,BLD008,2026-02-19 23:00:00,Overcurrent,Medium,Yes,Yes,SYNTHETIC_VN_REALISTIC
FLT00113,EQ00714,BLD046,2026-09-06 20:00:00,Low Flow,Medium,No,Yes,SYNTHETIC_VN_REALISTIC
FLT00114,EQ01472,BLD093,2026-07-05 08:00:00,Valve Stuck,Medium,Yes,Yes,SYNTHETIC_VN_REALISTIC
FLT00115,EQ00132,BLD009,2026-02-23 16:00:00,Low Pressure,Medium,No,Yes,SYNTHETIC_VN_REALISTIC
FLT00116,EQ01377,BLD088,2026-03-24 22:00:00,High Temperature,High,Yes,Yes,SYNTHETIC_VN_REALISTIC
FLT00117,EQ01169,BLD075,2026-02-08 10:00:00,Abnormal Vibration,Medium,No,Yes,SYNTHETIC_VN_REALISTIC
FLT00118,EQ00076,BLD005,2026-03-06 07:00:00,Sensor Drift,Low,Yes,Yes,SYNTHETIC_VN_REALISTIC
FLT00119,EQ01479,BLD094,2026-07-09 10:00:00,Low Flow,Low,Yes,No,SYNTHETIC_VN_REALISTIC
FLT00120,EQ00541,BLD035,2026-06-10 13:00:00,Low Pressure,Medium,Yes,Yes,SYNTHETIC_VN_REALISTIC
FLT00121,EQ01441,BLD092,2026-06-01 04:00:00,Valve Stuck,High,No,Yes,SYNTHETIC_VN_REALISTIC
FLT00122,EQ00028,BLD002,2026-08-24 12:00:00,High Temperature,High,No,Yes,SYNTHETIC_VN_REALISTIC
FLT00123,EQ00966,BLD062,2026-07-10 00:00:00,Abnormal Vibration,Low,Yes,Yes,SYNTHETIC_VN_REALISTIC
FLT00124,EQ01792,BLD113,2026-04-14 03:00:00,Low Flow,Medium,No,Yes,SYNTHETIC_VN_REALISTIC
FLT00125,EQ01717,BLD109,2026-03-10 09:00:00,Sensor Drift,Medium,Yes,Yes,SYNTHETIC_VN_REALISTIC
FLT00126,EQ00271,BLD018,2026-02-07 00:00:00,Communication Loss,Critical,Yes,Yes,SYNTHETIC_VN_REALISTIC
FLT00127,EQ00073,BLD005,2026-04-21 05:00:00,Overcurrent,Medium,Yes,Yes,SYNTHETIC_VN_REALISTIC
FLT00128,EQ01290,BLD083,2026-01-29 01:00:00,Low Pressure,Low,Yes,No,SYNTHETIC_VN_REALISTIC
FLT00129,EQ01528,BLD097,2026-01-19 06:00:00,Sensor Drift,Medium,Yes,Yes,SYNTHETIC_VN_REALISTIC
FLT00130,EQ00464,BLD030,2026-03-29 06:00:00,Abnormal Vibration,High,No,Yes,SYNTHETIC_VN_REALISTIC
FLT00131,EQ01613,BLD103,2026-04-06 18:00:00,Abnormal Vibration,High,Yes,Yes,SYNTHETIC_VN_REALISTIC
FLT00132,EQ01153,BLD074,2026-06-11 23:00:00,Valve Stuck,High,Yes,No,SYNTHETIC_VN_REALISTIC
FLT00133,EQ00323,BLD021,2026-06-17 06:00:00,High Temperature,Medium,No,Yes,SYNTHETIC_VN_REALISTIC
FLT00134,EQ00996,BLD064,2026-07-17 19:00:00,Abnormal Vibration,Critical,Yes,Yes,SYNTHETIC_VN_REALISTIC
FLT00135,EQ01867,BLD117,2026-06-05 06:00:00,Overcurrent,Medium,Yes,Yes,SYNTHETIC_VN_REALISTIC
FLT00136,EQ00887,BLD057,2026-02-07 02:00:00,High Temperature,High,Yes,Yes,SYNTHETIC_VN_REALISTIC
FLT00137,EQ01107,BLD071,2026-02-16 07:00:00,Valve Stuck,Medium,Yes,Yes,SYNTHETIC_VN_REALISTIC
FLT00138,EQ01143,BLD073,2026-01-08 02:00:00,Sensor Drift,Critical,Yes,Yes,SYNTHETIC_VN_REALISTIC
FLT00139,EQ01533,BLD097,2026-02-09 22:00:00,Abnormal Vibration,Medium,Yes,Yes,SYNTHETIC_VN_REALISTIC
FLT00140,EQ00669,BLD043,2026-04-11 01:00:00,Low Pressure,Low,No,No,SYNTHETIC_VN_REALISTIC
FLT00141,EQ00794,BLD051,2026-04-13 20:00:00,Low Flow,Low,Yes,Yes,SYNTHETIC_VN_REALISTIC
FLT00142,EQ00479,BLD031,2026-08-24 06:00:00,Communication Loss,Low,No,No,SYNTHETIC_VN_REALISTIC
FLT00143,EQ01134,BLD073,2026-04-03 13:00:00,Abnormal Vibration,Critical,Yes,No,SYNTHETIC_VN_REALISTIC
FLT00144,EQ00701,BLD045,2026-01-16 15:00:00,Valve Stuck,High,Yes,No,SYNTHETIC_VN_REALISTIC
FLT00145,EQ01273,BLD082,2026-04-16 10:00:00,Low Pressure,Medium,Yes,Yes,SYNTHETIC_VN_REALISTIC
FLT00146,EQ01534,BLD097,2026-01-05 19:00:00,High Temperature,Low,Yes,Yes,SYNTHETIC_VN_REALISTIC
FLT00147,EQ00335,BLD022,2026-02-12 17:00:00,High Temperature,Critical,Yes,Yes,SYNTHETIC_VN_REALISTIC
FLT00148,EQ01597,BLD101,2026-08-28 15:00:00,Low Pressure,Medium,No,Yes,SYNTHETIC_VN_REALISTIC
FLT00149,EQ00253,BLD017,2026-08-11 11:00:00,High Temperature,Critical,No,Yes,SYNTHETIC_VN_REALISTIC
FLT00150,EQ00374,BLD025,2026-07-14 07:00:00,Overcurrent,Low,No,Yes,SYNTHETIC_VN_REALISTIC
FLT00151,EQ01739,BLD110,2026-08-14 00:00:00,Communication Loss,Medium,Yes,Yes,SYNTHETIC_VN_REALISTIC
FLT00152,EQ01622,BLD103,2026-02-01 11:00:00,Valve Stuck,Medium,Yes,Yes,SYNTHETIC_VN_REALISTIC
FLT00153,EQ00925,BLD059,2026-05-10 09:00:00,High Temperature,Critical,No,No,SYNTHETIC_VN_REALISTIC
FLT00154,EQ01903,BLD119,2026-05-24 12:00:00,Sensor Drift,Low,Yes,Yes,SYNTHETIC_VN_REALISTIC
FLT00155,EQ00070,BLD005,2026-01-19 07:00:00,Abnormal Vibration,Medium,Yes,Yes,SYNTHETIC_VN_REALISTIC
FLT00156,EQ00775,BLD050,2026-04-10 12:00:00,Abnormal Vibration,Critical,No,No,SYNTHETIC_VN_REALISTIC
FLT00157,EQ01621,BLD103,2026-08-14 21:00:00,Communication Loss,Medium,Yes,Yes,SYNTHETIC_VN_REALISTIC
FLT00158,EQ00043,BLD003,2026-06-26 23:00:00,High Temperature,Critical,Yes,Yes,SYNTHETIC_VN_REALISTIC
FLT00159,EQ00268,BLD018,2026-07-11 18:00:00,Low Pressure,High,Yes,No,SYNTHETIC_VN_REALISTIC
FLT00160,EQ01827,BLD115,2026-06-01 16:00:00,High Temperature,Low,Yes,Yes,SYNTHETIC_VN_REALISTIC
FLT00161,EQ00747,BLD048,2026-03-19 03:00:00,Low Pressure,Low,No,Yes,SYNTHETIC_VN_REALISTIC
FLT00162,EQ01887,BLD119,2026-02-22 02:00:00,Abnormal Vibration,Medium,No,No,SYNTHETIC_VN_REALISTIC
FLT00163,EQ00988,BLD063,2026-08-27 00:00:00,Abnormal Vibration,High,No,No,SYNTHETIC_VN_REALISTIC
FLT00164,EQ00846,BLD055,2026-04-01 00:00:00,Low Flow,Medium,Yes,Yes,SYNTHETIC_VN_REALISTIC
FLT00165,EQ00981,BLD062,2026-04-15 20:00:00,Valve Stuck,High,Yes,Yes,SYNTHETIC_VN_REALISTIC
FLT00166,EQ00545,BLD035,2026-07-19 00:00:00,Communication Loss,High,No,Yes,SYNTHETIC_VN_REALISTIC
FLT00167,EQ00985,BLD063,2026-06-18 20:00:00,Low Pressure,Low,Yes,Yes,SYNTHETIC_VN_REALISTIC
FLT00168,EQ01111,BLD071,2026-03-05 15:00:00,Overcurrent,Critical,Yes,Yes,SYNTHETIC_VN_REALISTIC
FLT00169,EQ01459,BLD093,2026-04-15 10:00:00,High Temperature,Medium,Yes,Yes,SYNTHETIC_VN_REALISTIC
FLT00170,EQ01065,BLD068,2026-07-14 07:00:00,Low Pressure,Medium,No,Yes,SYNTHETIC_VN_REALISTIC
FLT00171,EQ00479,BLD031,2026-03-16 23:00:00,Overcurrent,High,Yes,Yes,SYNTHETIC_VN_REALISTIC
FLT00172,EQ00589,BLD038,2026-03-05 00:00:00,Communication Loss,Critical,No,Yes,SYNTHETIC_VN_REALISTIC
FLT00173,EQ01129,BLD073,2026-06-25 02:00:00,Sensor Drift,Low,Yes,Yes,SYNTHETIC_VN_REALISTIC
FLT00174,EQ00216,BLD015,2026-05-13 19:00:00,Communication Loss,Low,No,Yes,SYNTHETIC_VN_REALISTIC
FLT00175,EQ01515,BLD096,2026-03-10 19:00:00,Low Pressure,Critical,Yes,Yes,SYNTHETIC_VN_REALISTIC
FLT00176,EQ01525,BLD097,2026-06-05 21:00:00,Overcurrent,High,Yes,No,SYNTHETIC_VN_REALISTIC
FLT00177,EQ00122,BLD008,2026-01-22 19:00:00,Low Pressure,Critical,Yes,Yes,SYNTHETIC_VN_REALISTIC
FLT00178,EQ00027,BLD002,2026-04-14 19:00:00,High Temperature,Low,No,Yes,SYNTHETIC_VN_REALISTIC
FLT00179,EQ01597,BLD101,2026-07-15 04:00:00,High Temperature,High,Yes,No,SYNTHETIC_VN_REALISTIC
FLT00180,EQ00644,BLD042,2026-06-20 18:00:00,Low Pressure,Medium,No,Yes,SYNTHETIC_VN_REALISTIC
FLT00181,EQ00861,BLD056,2026-06-15 15:00:00,Low Flow,High,Yes,Yes,SYNTHETIC_VN_REALISTIC
FLT00182,EQ00545,BLD035,2026-05-13 01:00:00,Communication Loss,Medium,No,No,SYNTHETIC_VN_REALISTIC
FLT00183,EQ01426,BLD091,2026-02-10 03:00:00,High Temperature,Medium,Yes,No,SYNTHETIC_VN_REALISTIC
FLT00184,EQ00761,BLD049,2026-08-08 20:00:00,Valve Stuck,Low,Yes,Yes,SYNTHETIC_VN_REALISTIC
FLT00185,EQ00833,BLD054,2026-07-24 07:00:00,Valve Stuck,Low,Yes,Yes,SYNTHETIC_VN_REALISTIC
FLT00186,EQ00801,BLD052,2026-01-12 17:00:00,Abnormal Vibration,Critical,Yes,Yes,SYNTHETIC_VN_REALISTIC
FLT00187,EQ01427,BLD091,2026-01-26 04:00:00,Sensor Drift,Low,No,Yes,SYNTHETIC_VN_REALISTIC
FLT00188,EQ00900,BLD058,2026-03-09 06:00:00,Overcurrent,Low,Yes,Yes,SYNTHETIC_VN_REALISTIC
FLT00189,EQ01354,BLD086,2026-04-23 16:00:00,Overcurrent,Critical,Yes,Yes,SYNTHETIC_VN_REALISTIC
FLT00190,EQ01727,BLD110,2026-02-20 14:00:00,Abnormal Vibration,Medium,Yes,Yes,SYNTHETIC_VN_REALISTIC
FLT00191,EQ00365,BLD024,2026-08-24 05:00:00,Overcurrent,Medium,Yes,Yes,SYNTHETIC_VN_REALISTIC
FLT00192,EQ00412,BLD027,2026-02-15 00:00:00,High Temperature,Medium,Yes,Yes,SYNTHETIC_VN_REALISTIC
FLT00193,EQ00202,BLD014,2026-03-14 06:00:00,High Temperature,Medium,Yes,Yes,SYNTHETIC_VN_REALISTIC
FLT00194,EQ01769,BLD112,2026-08-15 01:00:00,Valve Stuck,Medium,Yes,Yes,SYNTHETIC_VN_REALISTIC
FLT00195,EQ00332,BLD022,2026-02-09 19:00:00,Abnormal Vibration,Medium,Yes,Yes,SYNTHETIC_VN_REALISTIC
FLT00196,EQ00377,BLD025,2026-03-09 04:00:00,Overcurrent,Medium,No,Yes,SYNTHETIC_VN_REALISTIC
FLT00197,EQ01514,BLD096,2026-02-23 18:00:00,Communication Loss,Medium,Yes,No,SYNTHETIC_VN_REALISTIC
FLT00198,EQ00197,BLD014,2026-06-19 14:00:00,Sensor Drift,Medium,No,Yes,SYNTHETIC_VN_REALISTIC
FLT00199,EQ00327,BLD021,2026-04-07 19:00:00,Abnormal Vibration,Medium,Yes,Yes,SYNTHETIC_VN_REALISTIC
FLT00200,EQ01812,BLD114,2026-03-24 13:00:00,Valve Stuck,Medium,Yes,Yes,SYNTHETIC_VN_REALISTIC
FLT00201,EQ01221,BLD079,2026-03-12 20:00:00,Valve Stuck,Medium,No,Yes,SYNTHETIC_VN_REALISTIC
FLT00202,EQ01864,BLD117,2026-01-04 12:00:00,Low Flow,Critical,Yes,Yes,SYNTHETIC_VN_REALISTIC
FLT00203,EQ01085,BLD069,2026-02-12 02:00:00,Valve Stuck,Medium,No,Yes,SYNTHETIC_VN_REALISTIC
FLT00204,EQ00002,BLD001,2026-05-07 11:00:00,Sensor Drift,Critical,Yes,Yes,SYNTHETIC_VN_REALISTIC
FLT00205,EQ01505,BLD096,2026-05-25 23:00:00,Low Flow,Low,Yes,Yes,SYNTHETIC_VN_REALISTIC
FLT00206,EQ01384,BLD088,2026-04-01 13:00:00,High Temperature,Medium,Yes,Yes,SYNTHETIC_VN_REALISTIC
FLT00207,EQ01873,BLD118,2026-01-04 18:00:00,Sensor Drift,Low,Yes,No,SYNTHETIC_VN_REALISTIC
FLT00208,EQ01132,BLD073,2026-05-17 05:00:00,Low Pressure,Medium,Yes,Yes,SYNTHETIC_VN_REALISTIC
FLT00209,EQ01603,BLD102,2026-04-24 12:00:00,Overcurrent,High,Yes,No,SYNTHETIC_VN_REALISTIC
FLT00210,EQ01335,BLD085,2026-02-16 05:00:00,High Temperature,Medium,Yes,Yes,SYNTHETIC_VN_REALISTIC
FLT00211,EQ01535,BLD097,2026-07-30 15:00:00,Low Pressure,Low,No,No,SYNTHETIC_VN_REALISTIC
FLT00212,EQ01529,BLD097,2026-05-26 15:00:00,Low Pressure,Critical,Yes,Yes,SYNTHETIC_VN_REALISTIC
FLT00213,EQ00402,BLD026,2026-02-25 17:00:00,Low Flow,Low,Yes,Yes,SYNTHETIC_VN_REALISTIC
FLT00214,EQ00320,BLD021,2026-01-30 04:00:00,Communication Loss,Medium,No,No,SYNTHETIC_VN_REALISTIC
FLT00215,EQ00259,BLD017,2026-04-22 09:00:00,Valve Stuck,Medium,Yes,No,SYNTHETIC_VN_REALISTIC
FLT00216,EQ01681,BLD107,2026-02-10 16:00:00,High Temperature,Medium,Yes,Yes,SYNTHETIC_VN_REALISTIC
FLT00217,EQ00178,BLD013,2026-05-05 13:00:00,Low Flow,Medium,No,Yes,SYNTHETIC_VN_REALISTIC
FLT00218,EQ00190,BLD013,2026-08-26 12:00:00,Low Flow,Low,Yes,Yes,SYNTHETIC_VN_REALISTIC
FLT00219,EQ00454,BLD029,2026-03-06 02:00:00,Overcurrent,Medium,No,Yes,SYNTHETIC_VN_REALISTIC
FLT00220,EQ01592,BLD101,2026-09-01 04:00:00,High Temperature,Medium,Yes,Yes,SYNTHETIC_VN_REALISTIC
FLT00221,EQ00983,BLD063,2026-08-23 07:00:00,Overcurrent,Medium,No,Yes,SYNTHETIC_VN_REALISTIC
FLT00222,EQ00428,BLD028,2026-06-07 15:00:00,Low Pressure,Medium,No,Yes,SYNTHETIC_VN_REALISTIC
FLT00223,EQ00847,BLD055,2026-06-14 21:00:00,High Temperature,Critical,Yes,No,SYNTHETIC_VN_REALISTIC
FLT00224,EQ00227,BLD015,2026-07-21 20:00:00,High Temperature,High,Yes,Yes,SYNTHETIC_VN_REALISTIC
FLT00225,EQ00617,BLD040,2026-05-21 17:00:00,Abnormal Vibration,Critical,Yes,Yes,SYNTHETIC_VN_REALISTIC
FLT00226,EQ01294,BLD083,2026-04-06 12:00:00,Low Flow,Low,No,Yes,SYNTHETIC_VN_REALISTIC
FLT00227,EQ01571,BLD099,2026-05-15 09:00:00,Abnormal Vibration,Low,Yes,No,SYNTHETIC_VN_REALISTIC
FLT00228,EQ01672,BLD106,2026-02-18 18:00:00,Communication Loss,High,Yes,No,SYNTHETIC_VN_REALISTIC
FLT00229,EQ00361,BLD024,2026-01-15 20:00:00,Low Pressure,Medium,Yes,No,SYNTHETIC_VN_REALISTIC
FLT00230,EQ00189,BLD013,2026-06-14 02:00:00,Valve Stuck,Low,Yes,Yes,SYNTHETIC_VN_REALISTIC
FLT00231,EQ01384,BLD088,2026-01-17 13:00:00,Low Flow,Medium,Yes,No,SYNTHETIC_VN_REALISTIC
FLT00232,EQ00217,BLD015,2026-02-20 16:00:00,Abnormal Vibration,Medium,Yes,No,SYNTHETIC_VN_REALISTIC
FLT00233,EQ00931,BLD059,2026-02-11 22:00:00,Communication Loss,Medium,Yes,No,SYNTHETIC_VN_REALISTIC
FLT00234,EQ01867,BLD117,2026-08-26 02:00:00,High Temperature,Medium,Yes,No,SYNTHETIC_VN_REALISTIC
FLT00235,EQ01728,BLD110,2026-03-29 15:00:00,Communication Loss,Low,No,Yes,SYNTHETIC_VN_REALISTIC
FLT00236,EQ00030,BLD002,2026-04-19 06:00:00,Sensor Drift,High,Yes,No,SYNTHETIC_VN_REALISTIC
FLT00237,EQ00459,BLD030,2026-05-30 09:00:00,Overcurrent,Low,Yes,Yes,SYNTHETIC_VN_REALISTIC
FLT00238,EQ00816,BLD053,2026-07-01 22:00:00,Communication Loss,Medium,Yes,Yes,SYNTHETIC_VN_REALISTIC
FLT00239,EQ00463,BLD030,2026-04-17 02:00:00,Abnormal Vibration,Medium,Yes,No,SYNTHETIC_VN_REALISTIC
FLT00240,EQ01040,BLD066,2026-01-09 15:00:00,High Temperature,Medium,Yes,Yes,SYNTHETIC_VN_REALISTIC
FLT00241,EQ01814,BLD114,2026-05-11 04:00:00,Low Pressure,Medium,Yes,Yes,SYNTHETIC_VN_REALISTIC
FLT00242,EQ01410,BLD090,2026-02-26 21:00:00,Valve Stuck,Medium,No,Yes,SYNTHETIC_VN_REALISTIC
FLT00243,EQ00514,BLD033,2026-09-06 18:00:00,Low Flow,High,No,Yes,SYNTHETIC_VN_REALISTIC
FLT00244,EQ00144,BLD010,2026-08-04 18:00:00,Low Pressure,Low,No,Yes,SYNTHETIC_VN_REALISTIC
FLT00245,EQ00778,BLD050,2026-04-15 09:00:00,Overcurrent,Medium,Yes,Yes,SYNTHETIC_VN_REALISTIC
FLT00246,EQ01850,BLD117,2026-07-05 22:00:00,Abnormal Vibration,Low,No,No,SYNTHETIC_VN_REALISTIC
FLT00247,EQ01532,BLD097,2026-01-31 12:00:00,High Temperature,Critical,No,No,SYNTHETIC_VN_REALISTIC
FLT00248,EQ00913,BLD058,2026-05-18 04:00:00,Communication Loss,Medium,Yes,Yes,SYNTHETIC_VN_REALISTIC
FLT00249,EQ00799,BLD052,2026-08-01 05:00:00,Valve Stuck,Critical,Yes,No,SYNTHETIC_VN_REALISTIC
FLT00250,EQ00576,BLD037,2026-03-04 21:00:00,Overcurrent,Critical,Yes,Yes,SYNTHETIC_VN_REALISTIC
FLT00251,EQ00743,BLD048,2026-07-10 04:00:00,Low Pressure,High,Yes,Yes,SYNTHETIC_VN_REALISTIC
FLT00252,EQ01285,BLD082,2026-01-15 11:00:00,Communication Loss,High,Yes,Yes,SYNTHETIC_VN_REALISTIC
FLT00253,EQ01374,BLD088,2026-06-16 11:00:00,Low Flow,Critical,No,No,SYNTHETIC_VN_REALISTIC
FLT00254,EQ01676,BLD106,2026-04-07 16:00:00,Low Flow,Medium,No,Yes,SYNTHETIC_VN_REALISTIC
FLT00255,EQ00343,BLD022,2026-07-30 12:00:00,Overcurrent,Low,Yes,Yes,SYNTHETIC_VN_REALISTIC
FLT00256,EQ01454,BLD092,2026-05-16 19:00:00,Abnormal Vibration,Medium,Yes,No,SYNTHETIC_VN_REALISTIC
FLT00257,EQ01674,BLD106,2026-05-26 06:00:00,Low Flow,Critical,Yes,Yes,SYNTHETIC_VN_REALISTIC
FLT00258,EQ00047,BLD003,2026-05-18 16:00:00,Abnormal Vibration,Critical,Yes,No,SYNTHETIC_VN_REALISTIC
FLT00259,EQ00402,BLD026,2026-03-23 07:00:00,Low Flow,High,Yes,Yes,SYNTHETIC_VN_REALISTIC
FLT00260,EQ00688,BLD044,2026-02-18 14:00:00,Overcurrent,High,Yes,No,SYNTHETIC_VN_REALISTIC
FLT00261,EQ01800,BLD114,2026-07-09 21:00:00,Sensor Drift,Low,Yes,Yes,SYNTHETIC_VN_REALISTIC
FLT00262,EQ00849,BLD055,2026-03-01 02:00:00,Sensor Drift,Low,No,Yes,SYNTHETIC_VN_REALISTIC
FLT00263,EQ00331,BLD022,2026-06-29 21:00:00,Sensor Drift,Medium,Yes,Yes,SYNTHETIC_VN_REALISTIC
FLT00264,EQ00563,BLD037,2026-08-30 17:00:00,Sensor Drift,Medium,Yes,Yes,SYNTHETIC_VN_REALISTIC
FLT00265,EQ00672,BLD043,2026-03-01 01:00:00,Valve Stuck,Low,Yes,Yes,SYNTHETIC_VN_REALISTIC
FLT00266,EQ00004,BLD001,2026-05-26 04:00:00,Low Pressure,Critical,Yes,Yes,SYNTHETIC_VN_REALISTIC
FLT00267,EQ00781,BLD050,2026-09-07 09:00:00,Sensor Drift,Low,Yes,Yes,SYNTHETIC_VN_REALISTIC
FLT00268,EQ00953,BLD061,2026-07-12 11:00:00,Overcurrent,Low,Yes,Yes,SYNTHETIC_VN_REALISTIC
FLT00269,EQ01889,BLD119,2026-07-08 01:00:00,Communication Loss,Critical,Yes,Yes,SYNTHETIC_VN_REALISTIC
FLT00270,EQ00542,BLD035,2026-08-12 11:00:00,Low Flow,Critical,Yes,Yes,SYNTHETIC_VN_REALISTIC
FLT00271,EQ00435,BLD028,2026-07-17 08:00:00,Valve Stuck,Low,Yes,Yes,SYNTHETIC_VN_REALISTIC
FLT00272,EQ01417,BLD090,2026-08-31 19:00:00,Low Flow,Medium,Yes,Yes,SYNTHETIC_VN_REALISTIC
FLT00273,EQ01040,BLD066,2026-02-24 12:00:00,Low Pressure,Medium,No,Yes,SYNTHETIC_VN_REALISTIC
FLT00274,EQ00201,BLD014,2026-02-12 08:00:00,Valve Stuck,Critical,Yes,Yes,SYNTHETIC_VN_REALISTIC
FLT00275,EQ01651,BLD105,2026-01-25 13:00:00,Abnormal Vibration,Medium,Yes,No,SYNTHETIC_VN_REALISTIC
FLT00276,EQ00046,BLD003,2026-02-15 02:00:00,Communication Loss,High,Yes,Yes,SYNTHETIC_VN_REALISTIC
FLT00277,EQ00582,BLD038,2026-07-07 23:00:00,Abnormal Vibration,Medium,Yes,Yes,SYNTHETIC_VN_REALISTIC
FLT00278,EQ01470,BLD093,2026-03-01 01:00:00,Low Flow,Low,Yes,No,SYNTHETIC_VN_REALISTIC
FLT00279,EQ00534,BLD034,2026-05-06 23:00:00,Sensor Drift,Critical,No,Yes,SYNTHETIC_VN_REALISTIC
FLT00280,EQ01117,BLD072,2026-07-25 16:00:00,Sensor Drift,Critical,No,Yes,SYNTHETIC_VN_REALISTIC
FLT00281,EQ00299,BLD020,2026-01-24 17:00:00,Overcurrent,Medium,Yes,Yes,SYNTHETIC_VN_REALISTIC
FLT00282,EQ00125,BLD009,2026-07-11 16:00:00,Overcurrent,Medium,No,Yes,SYNTHETIC_VN_REALISTIC
FLT00283,EQ00822,BLD053,2026-03-06 00:00:00,Low Pressure,Low,Yes,No,SYNTHETIC_VN_REALISTIC
FLT00284,EQ00768,BLD049,2026-06-11 19:00:00,High Temperature,Medium,No,No,SYNTHETIC_VN_REALISTIC
FLT00285,EQ00090,BLD006,2026-08-28 07:00:00,Low Pressure,High,Yes,No,SYNTHETIC_VN_REALISTIC
FLT00286,EQ00275,BLD018,2026-08-28 22:00:00,Overcurrent,Low,Yes,No,SYNTHETIC_VN_REALISTIC
FLT00287,EQ01024,BLD065,2026-05-10 23:00:00,Sensor Drift,High,No,No,SYNTHETIC_VN_REALISTIC
FLT00288,EQ01194,BLD077,2026-03-22 07:00:00,Overcurrent,High,Yes,Yes,SYNTHETIC_VN_REALISTIC
FLT00289,EQ01110,BLD071,2026-02-21 02:00:00,Overcurrent,Low,Yes,Yes,SYNTHETIC_VN_REALISTIC
FLT00290,EQ01155,BLD074,2026-03-31 08:00:00,Low Flow,Medium,Yes,No,SYNTHETIC_VN_REALISTIC
FLT00291,EQ01020,BLD065,2026-08-10 15:00:00,Low Flow,Medium,Yes,No,SYNTHETIC_VN_REALISTIC
FLT00292,EQ00353,BLD023,2026-07-15 03:00:00,High Temperature,High,Yes,No,SYNTHETIC_VN_REALISTIC
FLT00293,EQ00291,BLD019,2026-08-23 00:00:00,Communication Loss,Low,No,Yes,SYNTHETIC_VN_REALISTIC
FLT00294,EQ00024,BLD002,2026-04-05 08:00:00,Abnormal Vibration,Medium,Yes,Yes,SYNTHETIC_VN_REALISTIC
FLT00295,EQ00032,BLD002,2026-05-19 19:00:00,Low Pressure,Low,No,No,SYNTHETIC_VN_REALISTIC
FLT00296,EQ01517,BLD096,2026-04-05 15:00:00,Sensor Drift,Low,No,Yes,SYNTHETIC_VN_REALISTIC
FLT00297,EQ00439,BLD029,2026-02-22 13:00:00,Low Pressure,Medium,No,Yes,SYNTHETIC_VN_REALISTIC
FLT00298,EQ01591,BLD101,2026-03-31 03:00:00,Low Flow,Critical,No,Yes,SYNTHETIC_VN_REALISTIC
FLT00299,EQ01643,BLD104,2026-07-03 16:00:00,Valve Stuck,High,No,No,SYNTHETIC_VN_REALISTIC
FLT00300,EQ00110,BLD007,2026-02-12 08:00:00,Low Pressure,High,No,Yes,SYNTHETIC_VN_REALISTIC
FLT00301,EQ01646,BLD104,2026-02-15 07:00:00,Abnormal Vibration,High,Yes,No,SYNTHETIC_VN_REALISTIC
FLT00302,EQ01418,BLD090,2026-03-03 15:00:00,Low Pressure,Critical,Yes,Yes,SYNTHETIC_VN_REALISTIC
FLT00303,EQ00888,BLD057,2026-07-04 11:00:00,Valve Stuck,Medium,No,Yes,SYNTHETIC_VN_REALISTIC
FLT00304,EQ01734,BLD110,2026-03-05 17:00:00,Sensor Drift,Medium,No,Yes,SYNTHETIC_VN_REALISTIC
FLT00305,EQ01416,BLD090,2026-07-15 14:00:00,Communication Loss,High,No,No,SYNTHETIC_VN_REALISTIC
FLT00306,EQ01455,BLD092,2026-04-26 14:00:00,Low Flow,Low,No,No,SYNTHETIC_VN_REALISTIC
FLT00307,EQ01870,BLD117,2026-04-21 09:00:00,High Temperature,High,No,Yes,SYNTHETIC_VN_REALISTIC
FLT00308,EQ01399,BLD089,2026-02-19 01:00:00,Valve Stuck,High,Yes,Yes,SYNTHETIC_VN_REALISTIC
FLT00309,EQ00092,BLD006,2026-08-03 16:00:00,Valve Stuck,Low,No,Yes,SYNTHETIC_VN_REALISTIC
FLT00310,EQ01244,BLD080,2026-01-09 07:00:00,Abnormal Vibration,Medium,Yes,Yes,SYNTHETIC_VN_REALISTIC
FLT00311,EQ01237,BLD079,2026-08-26 17:00:00,Communication Loss,High,No,Yes,SYNTHETIC_VN_REALISTIC
FLT00312,EQ00615,BLD040,2026-08-14 19:00:00,Abnormal Vibration,Low,Yes,Yes,SYNTHETIC_VN_REALISTIC
FLT00313,EQ01050,BLD067,2026-03-05 08:00:00,Communication Loss,Critical,Yes,Yes,SYNTHETIC_VN_REALISTIC
FLT00314,EQ00996,BLD064,2026-08-17 15:00:00,Valve Stuck,Critical,No,Yes,SYNTHETIC_VN_REALISTIC
FLT00315,EQ01617,BLD103,2026-01-04 19:00:00,Low Pressure,Medium,No,Yes,SYNTHETIC_VN_REALISTIC
FLT00316,EQ00818,BLD053,2026-05-24 12:00:00,Sensor Drift,High,No,Yes,SYNTHETIC_VN_REALISTIC
FLT00317,EQ00473,BLD030,2026-07-23 17:00:00,Overcurrent,High,Yes,Yes,SYNTHETIC_VN_REALISTIC
FLT00318,EQ01782,BLD113,2026-03-05 10:00:00,Low Pressure,Low,Yes,Yes,SYNTHETIC_VN_REALISTIC
FLT00319,EQ01054,BLD068,2026-07-17 23:00:00,Communication Loss,Low,Yes,Yes,SYNTHETIC_VN_REALISTIC
FLT00320,EQ00730,BLD047,2026-02-16 20:00:00,Abnormal Vibration,High,Yes,Yes,SYNTHETIC_VN_REALISTIC
FLT00321,EQ01827,BLD115,2026-08-13 10:00:00,Sensor Drift,Medium,No,Yes,SYNTHETIC_VN_REALISTIC
FLT00322,EQ00808,BLD053,2026-06-09 01:00:00,Overcurrent,High,Yes,Yes,SYNTHETIC_VN_REALISTIC
FLT00323,EQ01596,BLD101,2026-04-28 22:00:00,Communication Loss,Medium,No,Yes,SYNTHETIC_VN_REALISTIC
FLT00324,EQ01903,BLD119,2026-03-22 20:00:00,Communication Loss,Low,No,No,SYNTHETIC_VN_REALISTIC
FLT00325,EQ00817,BLD053,2026-05-09 21:00:00,Valve Stuck,Medium,No,No,SYNTHETIC_VN_REALISTIC
FLT00326,EQ01253,BLD080,2026-05-14 13:00:00,Sensor Drift,High,No,Yes,SYNTHETIC_VN_REALISTIC
FLT00327,EQ00685,BLD044,2026-08-17 09:00:00,High Temperature,Medium,Yes,Yes,SYNTHETIC_VN_REALISTIC
FLT00328,EQ00861,BLD056,2026-09-05 13:00:00,Sensor Drift,High,No,Yes,SYNTHETIC_VN_REALISTIC
FLT00329,EQ01753,BLD111,2026-05-10 22:00:00,Sensor Drift,High,Yes,Yes,SYNTHETIC_VN_REALISTIC
FLT00330,EQ00921,BLD059,2026-03-14 07:00:00,Low Flow,Medium,Yes,Yes,SYNTHETIC_VN_REALISTIC
FLT00331,EQ01200,BLD077,2026-06-15 09:00:00,Low Flow,Low,No,Yes,SYNTHETIC_VN_REALISTIC
FLT00332,EQ00408,BLD027,2026-02-13 17:00:00,Low Pressure,Critical,Yes,Yes,SYNTHETIC_VN_REALISTIC
FLT00333,EQ01423,BLD091,2026-04-01 09:00:00,Low Flow,High,No,Yes,SYNTHETIC_VN_REALISTIC
FLT00334,EQ00813,BLD053,2026-03-24 19:00:00,Communication Loss,Medium,No,No,SYNTHETIC_VN_REALISTIC
FLT00335,EQ01081,BLD069,2026-02-05 22:00:00,Communication Loss,Low,No,No,SYNTHETIC_VN_REALISTIC
FLT00336,EQ00306,BLD020,2026-06-09 08:00:00,Abnormal Vibration,Medium,No,No,SYNTHETIC_VN_REALISTIC
FLT00337,EQ01688,BLD107,2026-03-30 13:00:00,Sensor Drift,Medium,No,Yes,SYNTHETIC_VN_REALISTIC
FLT00338,EQ01002,BLD064,2026-03-01 00:00:00,Abnormal Vibration,Critical,Yes,No,SYNTHETIC_VN_REALISTIC
FLT00339,EQ01806,BLD114,2026-03-30 21:00:00,Low Flow,Low,Yes,Yes,SYNTHETIC_VN_REALISTIC
FLT00340,EQ00191,BLD014,2026-01-10 22:00:00,Valve Stuck,Medium,Yes,Yes,SYNTHETIC_VN_REALISTIC
FLT00341,EQ01042,BLD067,2026-03-20 12:00:00,Valve Stuck,Low,Yes,No,SYNTHETIC_VN_REALISTIC
FLT00342,EQ01143,BLD073,2026-07-04 15:00:00,Valve Stuck,Medium,Yes,Yes,SYNTHETIC_VN_REALISTIC
FLT00343,EQ00748,BLD048,2026-06-04 03:00:00,Abnormal Vibration,Medium,No,No,SYNTHETIC_VN_REALISTIC
FLT00344,EQ01654,BLD105,2026-02-05 07:00:00,High Temperature,High,No,Yes,SYNTHETIC_VN_REALISTIC
FLT00345,EQ00021,BLD002,2026-07-22 11:00:00,Valve Stuck,Medium,Yes,Yes,SYNTHETIC_VN_REALISTIC
FLT00346,EQ01698,BLD108,2026-01-30 11:00:00,Low Pressure,Medium,Yes,Yes,SYNTHETIC_VN_REALISTIC
FLT00347,EQ00067,BLD005,2026-06-08 07:00:00,High Temperature,Medium,No,No,SYNTHETIC_VN_REALISTIC
FLT00348,EQ00675,BLD044,2026-02-08 11:00:00,Overcurrent,Medium,No,Yes,SYNTHETIC_VN_REALISTIC
FLT00349,EQ00995,BLD063,2026-05-31 01:00:00,Overcurrent,Medium,Yes,No,SYNTHETIC_VN_REALISTIC
FLT00350,EQ01894,BLD119,2026-06-20 04:00:00,Overcurrent,Critical,Yes,Yes,SYNTHETIC_VN_REALISTIC
FLT00351,EQ00012,BLD001,2026-03-04 00:00:00,Valve Stuck,High,Yes,Yes,SYNTHETIC_VN_REALISTIC
FLT00352,EQ00551,BLD036,2026-03-22 05:00:00,Communication Loss,Medium,Yes,Yes,SYNTHETIC_VN_REALISTIC
FLT00353,EQ01476,BLD093,2026-07-16 02:00:00,High Temperature,Medium,Yes,Yes,SYNTHETIC_VN_REALISTIC
FLT00354,EQ00234,BLD016,2026-03-21 12:00:00,Low Pressure,Low,Yes,Yes,SYNTHETIC_VN_REALISTIC
FLT00355,EQ00727,BLD047,2026-06-23 12:00:00,Low Flow,Critical,Yes,Yes,SYNTHETIC_VN_REALISTIC
FLT00356,EQ01805,BLD114,2026-01-17 09:00:00,Low Pressure,Low,Yes,Yes,SYNTHETIC_VN_REALISTIC
FLT00357,EQ01063,BLD068,2026-05-15 08:00:00,Communication Loss,Critical,Yes,Yes,SYNTHETIC_VN_REALISTIC
FLT00358,EQ00616,BLD040,2026-01-08 03:00:00,Abnormal Vibration,Medium,Yes,Yes,SYNTHETIC_VN_REALISTIC
FLT00359,EQ00469,BLD030,2026-02-03 04:00:00,Overcurrent,Medium,No,Yes,SYNTHETIC_VN_REALISTIC
FLT00360,EQ01855,BLD117,2026-06-01 09:00:00,Sensor Drift,Low,Yes,Yes,SYNTHETIC_VN_REALISTIC
FLT00361,EQ00927,BLD059,2026-06-23 09:00:00,Communication Loss,Low,No,Yes,SYNTHETIC_VN_REALISTIC
FLT00362,EQ00544,BLD035,2026-05-17 19:00:00,Sensor Drift,Medium,Yes,Yes,SYNTHETIC_VN_REALISTIC
FLT00363,EQ01476,BLD093,2026-07-18 11:00:00,High Temperature,Medium,No,Yes,SYNTHETIC_VN_REALISTIC
FLT00364,EQ01822,BLD115,2026-01-29 08:00:00,Communication Loss,Low,No,No,SYNTHETIC_VN_REALISTIC
FLT00365,EQ00140,BLD010,2026-07-16 16:00:00,Sensor Drift,High,Yes,Yes,SYNTHETIC_VN_REALISTIC
FLT00366,EQ00400,BLD026,2026-04-08 17:00:00,Valve Stuck,Low,Yes,No,SYNTHETIC_VN_REALISTIC
FLT00367,EQ01330,BLD085,2026-06-12 19:00:00,Overcurrent,Medium,Yes,Yes,SYNTHETIC_VN_REALISTIC
FLT00368,EQ00252,BLD016,2026-04-09 11:00:00,Low Flow,Medium,Yes,No,SYNTHETIC_VN_REALISTIC
FLT00369,EQ00804,BLD052,2026-08-30 23:00:00,Communication Loss,Medium,No,Yes,SYNTHETIC_VN_REALISTIC
FLT00370,EQ01423,BLD091,2026-04-07 12:00:00,High Temperature,Low,No,Yes,SYNTHETIC_VN_REALISTIC
FLT00371,EQ00699,BLD045,2026-02-13 04:00:00,Valve Stuck,Medium,Yes,Yes,SYNTHETIC_VN_REALISTIC
FLT00372,EQ00244,BLD016,2026-02-07 00:00:00,Communication Loss,Medium,Yes,No,SYNTHETIC_VN_REALISTIC
FLT00373,EQ00298,BLD020,2026-04-22 19:00:00,Low Pressure,Medium,Yes,Yes,SYNTHETIC_VN_REALISTIC
FLT00374,EQ01601,BLD102,2026-05-19 04:00:00,Valve Stuck,Critical,No,Yes,SYNTHETIC_VN_REALISTIC
FLT00375,EQ00794,BLD051,2026-05-13 01:00:00,Abnormal Vibration,Medium,No,Yes,SYNTHETIC_VN_REALISTIC
FLT00376,EQ01300,BLD083,2026-04-13 23:00:00,Low Pressure,Low,Yes,Yes,SYNTHETIC_VN_REALISTIC
FLT00377,EQ01274,BLD082,2026-07-05 17:00:00,Low Flow,Low,Yes,Yes,SYNTHETIC_VN_REALISTIC
FLT00378,EQ01458,BLD093,2026-02-23 21:00:00,Sensor Drift,Medium,Yes,Yes,SYNTHETIC_VN_REALISTIC
FLT00379,EQ00279,BLD019,2026-08-16 11:00:00,Overcurrent,High,No,Yes,SYNTHETIC_VN_REALISTIC
FLT00380,EQ01108,BLD071,2026-08-29 12:00:00,Communication Loss,Critical,No,Yes,SYNTHETIC_VN_REALISTIC
FLT00381,EQ01835,BLD115,2026-09-07 17:00:00,High Temperature,High,No,Yes,SYNTHETIC_VN_REALISTIC
FLT00382,EQ01891,BLD119,2026-04-09 06:00:00,High Temperature,Low,No,Yes,SYNTHETIC_VN_REALISTIC
FLT00383,EQ01689,BLD107,2026-01-07 15:00:00,Sensor Drift,Critical,No,Yes,SYNTHETIC_VN_REALISTIC
FLT00384,EQ00777,BLD050,2026-05-20 04:00:00,Overcurrent,High,No,Yes,SYNTHETIC_VN_REALISTIC
FLT00385,EQ00252,BLD016,2026-04-19 09:00:00,Low Pressure,High,Yes,Yes,SYNTHETIC_VN_REALISTIC
FLT00386,EQ01111,BLD071,2026-06-12 06:00:00,Overcurrent,Medium,Yes,Yes,SYNTHETIC_VN_REALISTIC
FLT00387,EQ01231,BLD079,2026-08-19 16:00:00,Valve Stuck,Critical,No,Yes,SYNTHETIC_VN_REALISTIC
FLT00388,EQ00389,BLD026,2026-07-07 15:00:00,Communication Loss,Medium,No,Yes,SYNTHETIC_VN_REALISTIC
FLT00389,EQ00203,BLD014,2026-04-23 23:00:00,Low Flow,Low,Yes,Yes,SYNTHETIC_VN_REALISTIC
FLT00390,EQ00544,BLD035,2026-07-27 08:00:00,Low Pressure,Critical,Yes,Yes,SYNTHETIC_VN_REALISTIC
FLT00391,EQ01599,BLD101,2026-03-02 03:00:00,Sensor Drift,Critical,Yes,Yes,SYNTHETIC_VN_REALISTIC
FLT00392,EQ00766,BLD049,2026-08-07 11:00:00,High Temperature,Low,Yes,Yes,SYNTHETIC_VN_REALISTIC
FLT00393,EQ00709,BLD046,2026-05-05 23:00:00,High Temperature,Low,No,Yes,SYNTHETIC_VN_REALISTIC
FLT00394,EQ01401,BLD089,2026-01-10 07:00:00,Overcurrent,Medium,Yes,Yes,SYNTHETIC_VN_REALISTIC
FLT00395,EQ00640,BLD042,2026-03-04 08:00:00,Low Pressure,Medium,Yes,Yes,SYNTHETIC_VN_REALISTIC
FLT00396,EQ00762,BLD049,2026-08-03 10:00:00,Communication Loss,High,No,Yes,SYNTHETIC_VN_REALISTIC
FLT00397,EQ01767,BLD112,2026-05-29 14:00:00,Valve Stuck,High,Yes,Yes,SYNTHETIC_VN_REALISTIC
FLT00398,EQ01656,BLD105,2026-06-21 13:00:00,High Temperature,High,No,Yes,SYNTHETIC_VN_REALISTIC
FLT00399,EQ01430,BLD091,2026-01-25 17:00:00,High Temperature,Medium,No,No,SYNTHETIC_VN_REALISTIC
FLT00400,EQ00254,BLD017,2026-04-21 17:00:00,Low Pressure,Critical,No,No,SYNTHETIC_VN_REALISTIC
FLT00401,EQ01021,BLD065,2026-08-26 18:00:00,Communication Loss,Low,Yes,Yes,SYNTHETIC_VN_REALISTIC
FLT00402,EQ00026,BLD002,2026-05-06 04:00:00,Low Pressure,Medium,Yes,Yes,SYNTHETIC_VN_REALISTIC
FLT00403,EQ01850,BLD117,2026-05-03 05:00:00,High Temperature,Low,Yes,Yes,SYNTHETIC_VN_REALISTIC
FLT00404,EQ00949,BLD060,2026-06-30 14:00:00,Communication Loss,Medium,No,No,SYNTHETIC_VN_REALISTIC
FLT00405,EQ00035,BLD003,2026-05-31 21:00:00,Abnormal Vibration,Critical,No,No,SYNTHETIC_VN_REALISTIC
FLT00406,EQ00256,BLD017,2026-01-02 03:00:00,Valve Stuck,High,Yes,Yes,SYNTHETIC_VN_REALISTIC
FLT00407,EQ00255,BLD017,2026-01-10 02:00:00,Communication Loss,Low,No,Yes,SYNTHETIC_VN_REALISTIC
FLT00408,EQ00581,BLD038,2026-07-13 18:00:00,Valve Stuck,High,Yes,Yes,SYNTHETIC_VN_REALISTIC
FLT00409,EQ00209,BLD014,2026-04-30 23:00:00,Abnormal Vibration,Medium,Yes,Yes,SYNTHETIC_VN_REALISTIC
FLT00410,EQ01848,BLD116,2026-01-17 18:00:00,Valve Stuck,High,Yes,Yes,SYNTHETIC_VN_REALISTIC
FLT00411,EQ00912,BLD058,2026-08-24 06:00:00,Abnormal Vibration,Low,Yes,Yes,SYNTHETIC_VN_REALISTIC
FLT00412,EQ00054,BLD004,2026-02-15 22:00:00,Communication Loss,High,Yes,Yes,SYNTHETIC_VN_REALISTIC
FLT00413,EQ00642,BLD042,2026-03-22 02:00:00,Overcurrent,Medium,No,No,SYNTHETIC_VN_REALISTIC
FLT00414,EQ01015,BLD064,2026-04-29 13:00:00,Low Pressure,Medium,Yes,Yes,SYNTHETIC_VN_REALISTIC
FLT00415,EQ01136,BLD073,2026-01-07 20:00:00,Valve Stuck,Medium,No,Yes,SYNTHETIC_VN_REALISTIC
FLT00416,EQ00358,BLD024,2026-03-18 11:00:00,Communication Loss,Medium,Yes,Yes,SYNTHETIC_VN_REALISTIC
FLT00417,EQ00795,BLD051,2026-03-06 03:00:00,Sensor Drift,Medium,Yes,No,SYNTHETIC_VN_REALISTIC
FLT00418,EQ00817,BLD053,2026-01-14 08:00:00,Communication Loss,High,Yes,No,SYNTHETIC_VN_REALISTIC
FLT00419,EQ00888,BLD057,2026-04-13 06:00:00,Communication Loss,High,Yes,Yes,SYNTHETIC_VN_REALISTIC
FLT00420,EQ00557,BLD036,2026-08-01 13:00:00,Communication Loss,High,Yes,Yes,SYNTHETIC_VN_REALISTIC
FLT00421,EQ00760,BLD049,2026-02-04 15:00:00,Overcurrent,Medium,Yes,Yes,SYNTHETIC_VN_REALISTIC
FLT00422,EQ01180,BLD076,2026-03-09 22:00:00,High Temperature,Critical,Yes,Yes,SYNTHETIC_VN_REALISTIC
FLT00423,EQ00026,BLD002,2026-04-21 21:00:00,Sensor Drift,Critical,Yes,Yes,SYNTHETIC_VN_REALISTIC
FLT00424,EQ01920,BLD120,2026-02-20 04:00:00,Abnormal Vibration,Low,No,Yes,SYNTHETIC_VN_REALISTIC
FLT00425,EQ01793,BLD113,2026-07-28 13:00:00,Sensor Drift,High,No,Yes,SYNTHETIC_VN_REALISTIC
FLT00426,EQ00887,BLD057,2026-02-14 10:00:00,Abnormal Vibration,Medium,No,No,SYNTHETIC_VN_REALISTIC
FLT00427,EQ01054,BLD068,2026-08-20 13:00:00,Overcurrent,Critical,Yes,Yes,SYNTHETIC_VN_REALISTIC
FLT00428,EQ01348,BLD086,2026-05-03 04:00:00,Sensor Drift,High,No,Yes,SYNTHETIC_VN_REALISTIC
FLT00429,EQ01685,BLD107,2026-01-07 19:00:00,Valve Stuck,High,No,Yes,SYNTHETIC_VN_REALISTIC
FLT00430,EQ01422,BLD091,2026-07-04 12:00:00,Abnormal Vibration,Medium,Yes,Yes,SYNTHETIC_VN_REALISTIC
FLT00431,EQ00701,BLD045,2026-07-21 01:00:00,Abnormal Vibration,Critical,Yes,Yes,SYNTHETIC_VN_REALISTIC
FLT00432,EQ00490,BLD031,2026-05-29 01:00:00,Abnormal Vibration,Critical,Yes,Yes,SYNTHETIC_VN_REALISTIC
FLT00433,EQ01132,BLD073,2026-05-14 18:00:00,Low Flow,Medium,Yes,Yes,SYNTHETIC_VN_REALISTIC
FLT00434,EQ01387,BLD088,2026-08-29 19:00:00,Low Flow,High,Yes,Yes,SYNTHETIC_VN_REALISTIC
FLT00435,EQ01753,BLD111,2026-02-19 23:00:00,Low Flow,Critical,Yes,No,SYNTHETIC_VN_REALISTIC
FLT00436,EQ00727,BLD047,2026-02-20 00:00:00,Overcurrent,Medium,Yes,Yes,SYNTHETIC_VN_REALISTIC
FLT00437,EQ00557,BLD036,2026-06-11 15:00:00,Low Pressure,Medium,No,Yes,SYNTHETIC_VN_REALISTIC
FLT00438,EQ01739,BLD110,2026-08-06 06:00:00,Communication Loss,Medium,Yes,Yes,SYNTHETIC_VN_REALISTIC
FLT00439,EQ00084,BLD006,2026-01-19 12:00:00,Low Pressure,High,Yes,No,SYNTHETIC_VN_REALISTIC
FLT00440,EQ00394,BLD026,2026-07-27 16:00:00,Low Pressure,Critical,Yes,No,SYNTHETIC_VN_REALISTIC
FLT00441,EQ01225,BLD079,2026-07-28 06:00:00,Valve Stuck,Critical,Yes,Yes,SYNTHETIC_VN_REALISTIC
FLT00442,EQ00661,BLD043,2026-04-12 15:00:00,Abnormal Vibration,Medium,No,Yes,SYNTHETIC_VN_REALISTIC
FLT00443,EQ00596,BLD038,2026-06-23 15:00:00,Low Pressure,Medium,No,Yes,SYNTHETIC_VN_REALISTIC
FLT00444,EQ01173,BLD075,2026-02-28 01:00:00,Valve Stuck,Low,Yes,No,SYNTHETIC_VN_REALISTIC
FLT00445,EQ01889,BLD119,2026-01-29 21:00:00,Sensor Drift,Critical,Yes,No,SYNTHETIC_VN_REALISTIC
FLT00446,EQ00053,BLD004,2026-07-22 17:00:00,Valve Stuck,High,Yes,Yes,SYNTHETIC_VN_REALISTIC
FLT00447,EQ00702,BLD045,2026-05-11 09:00:00,Communication Loss,Low,Yes,No,SYNTHETIC_VN_REALISTIC
FLT00448,EQ01123,BLD072,2026-04-21 22:00:00,Abnormal Vibration,Critical,No,Yes,SYNTHETIC_VN_REALISTIC
FLT00449,EQ01008,BLD064,2026-02-19 08:00:00,Low Flow,Medium,No,Yes,SYNTHETIC_VN_REALISTIC
FLT00450,EQ00290,BLD019,2026-04-20 06:00:00,Valve Stuck,Critical,No,Yes,SYNTHETIC_VN_REALISTIC
FLT00451,EQ00857,BLD056,2026-04-10 13:00:00,Sensor Drift,Medium,Yes,No,SYNTHETIC_VN_REALISTIC
FLT00452,EQ01392,BLD088,2026-02-25 04:00:00,High Temperature,Critical,No,Yes,SYNTHETIC_VN_REALISTIC
FLT00453,EQ00197,BLD014,2026-04-30 02:00:00,Low Flow,Low,Yes,Yes,SYNTHETIC_VN_REALISTIC
FLT00454,EQ01826,BLD115,2026-03-04 10:00:00,Low Flow,Critical,Yes,Yes,SYNTHETIC_VN_REALISTIC
FLT00455,EQ00686,BLD044,2026-01-30 04:00:00,Communication Loss,Critical,Yes,Yes,SYNTHETIC_VN_REALISTIC
FLT00456,EQ01558,BLD099,2026-06-20 04:00:00,Abnormal Vibration,Low,No,No,SYNTHETIC_VN_REALISTIC
FLT00457,EQ00530,BLD034,2026-07-11 07:00:00,Sensor Drift,High,Yes,No,SYNTHETIC_VN_REALISTIC
FLT00458,EQ00604,BLD039,2026-05-12 07:00:00,Low Flow,Critical,No,No,SYNTHETIC_VN_REALISTIC
FLT00459,EQ00652,BLD042,2026-04-19 02:00:00,Communication Loss,Medium,Yes,Yes,SYNTHETIC_VN_REALISTIC
FLT00460,EQ00655,BLD043,2026-05-08 14:00:00,Low Pressure,Low,Yes,Yes,SYNTHETIC_VN_REALISTIC
FLT00461,EQ00815,BLD053,2026-08-21 01:00:00,High Temperature,Critical,No,Yes,SYNTHETIC_VN_REALISTIC
FLT00462,EQ01889,BLD119,2026-04-29 07:00:00,Overcurrent,Medium,Yes,No,SYNTHETIC_VN_REALISTIC
FLT00463,EQ00578,BLD037,2026-03-23 12:00:00,Overcurrent,Medium,Yes,No,SYNTHETIC_VN_REALISTIC
FLT00464,EQ00330,BLD022,2026-04-09 06:00:00,High Temperature,Critical,Yes,Yes,SYNTHETIC_VN_REALISTIC
FLT00465,EQ01894,BLD119,2026-06-29 22:00:00,Overcurrent,Critical,Yes,Yes,SYNTHETIC_VN_REALISTIC
FLT00466,EQ00146,BLD011,2026-03-11 16:00:00,Abnormal Vibration,High,Yes,Yes,SYNTHETIC_VN_REALISTIC
FLT00467,EQ01906,BLD120,2026-03-12 11:00:00,Low Flow,Critical,No,Yes,SYNTHETIC_VN_REALISTIC
FLT00468,EQ01341,BLD086,2026-01-06 05:00:00,High Temperature,Low,No,Yes,SYNTHETIC_VN_REALISTIC
FLT00469,EQ01140,BLD073,2026-03-08 02:00:00,Communication Loss,Low,Yes,Yes,SYNTHETIC_VN_REALISTIC
FLT00470,EQ00269,BLD018,2026-04-03 13:00:00,Abnormal Vibration,High,Yes,Yes,SYNTHETIC_VN_REALISTIC
FLT00471,EQ01464,BLD093,2026-06-03 11:00:00,Overcurrent,Medium,Yes,Yes,SYNTHETIC_VN_REALISTIC
FLT00472,EQ00572,BLD037,2026-03-22 11:00:00,Valve Stuck,Critical,Yes,Yes,SYNTHETIC_VN_REALISTIC
FLT00473,EQ00600,BLD039,2026-01-07 16:00:00,High Temperature,Low,Yes,Yes,SYNTHETIC_VN_REALISTIC
FLT00474,EQ01651,BLD105,2026-02-18 15:00:00,Low Pressure,Medium,Yes,Yes,SYNTHETIC_VN_REALISTIC
FLT00475,EQ00683,BLD044,2026-05-07 19:00:00,Abnormal Vibration,Medium,Yes,Yes,SYNTHETIC_VN_REALISTIC
FLT00476,EQ01719,BLD109,2026-03-23 09:00:00,Communication Loss,Medium,No,Yes,SYNTHETIC_VN_REALISTIC
FLT00477,EQ01011,BLD064,2026-01-05 10:00:00,Overcurrent,Medium,No,Yes,SYNTHETIC_VN_REALISTIC
FLT00478,EQ01497,BLD095,2026-03-15 11:00:00,Abnormal Vibration,Medium,Yes,Yes,SYNTHETIC_VN_REALISTIC
FLT00479,EQ00777,BLD050,2026-08-02 05:00:00,Low Pressure,Medium,Yes,No,SYNTHETIC_VN_REALISTIC
FLT00480,EQ00365,BLD024,2026-04-08 19:00:00,Overcurrent,Medium,Yes,Yes,SYNTHETIC_VN_REALISTIC
FLT00481,EQ00161,BLD012,2026-06-09 05:00:00,Communication Loss,Medium,Yes,Yes,SYNTHETIC_VN_REALISTIC
FLT00482,EQ01415,BLD090,2026-04-18 16:00:00,Overcurrent,Low,Yes,Yes,SYNTHETIC_VN_REALISTIC
FLT00483,EQ00932,BLD060,2026-01-25 02:00:00,Valve Stuck,High,Yes,Yes,SYNTHETIC_VN_REALISTIC
FLT00484,EQ01207,BLD077,2026-03-17 11:00:00,Valve Stuck,Medium,No,Yes,SYNTHETIC_VN_REALISTIC
FLT00485,EQ01319,BLD084,2026-09-01 08:00:00,Low Pressure,High,No,Yes,SYNTHETIC_VN_REALISTIC
FLT00486,EQ01669,BLD106,2026-06-25 19:00:00,Overcurrent,Low,No,Yes,SYNTHETIC_VN_REALISTIC
FLT00487,EQ01153,BLD074,2026-06-08 23:00:00,Low Flow,High,Yes,Yes,SYNTHETIC_VN_REALISTIC
FLT00488,EQ00312,BLD021,2026-03-06 06:00:00,Overcurrent,Medium,No,No,SYNTHETIC_VN_REALISTIC
FLT00489,EQ01428,BLD091,2026-06-13 05:00:00,Sensor Drift,Low,No,Yes,SYNTHETIC_VN_REALISTIC
FLT00490,EQ00097,BLD006,2026-05-02 12:00:00,Communication Loss,Low,Yes,Yes,SYNTHETIC_VN_REALISTIC
FLT00491,EQ00465,BLD030,2026-06-07 18:00:00,Low Flow,Low,No,No,SYNTHETIC_VN_REALISTIC
FLT00492,EQ00619,BLD040,2026-01-19 20:00:00,Low Flow,Medium,Yes,No,SYNTHETIC_VN_REALISTIC
FLT00493,EQ00195,BLD014,2026-06-29 23:00:00,Communication Loss,Medium,No,No,SYNTHETIC_VN_REALISTIC
FLT00494,EQ00606,BLD039,2026-07-18 20:00:00,Low Pressure,Low,Yes,No,SYNTHETIC_VN_REALISTIC
FLT00495,EQ00379,BLD025,2026-04-06 06:00:00,Sensor Drift,Medium,No,Yes,SYNTHETIC_VN_REALISTIC
FLT00496,EQ00967,BLD062,2026-05-25 05:00:00,High Temperature,Medium,Yes,Yes,SYNTHETIC_VN_REALISTIC
FLT00497,EQ01527,BLD097,2026-01-12 07:00:00,Overcurrent,Low,Yes,Yes,SYNTHETIC_VN_REALISTIC
FLT00498,EQ01239,BLD079,2026-04-20 00:00:00,Abnormal Vibration,Critical,No,No,SYNTHETIC_VN_REALISTIC
FLT00499,EQ01692,BLD108,2026-04-18 20:00:00,Overcurrent,Medium,No,Yes,SYNTHETIC_VN_REALISTIC
FLT00500,EQ00418,BLD028,2026-05-31 16:00:00,Overcurrent,High,Yes,Yes,SYNTHETIC_VN_REALISTIC
FLT00501,EQ01173,BLD075,2026-01-24 08:00:00,Communication Loss,High,Yes,Yes,SYNTHETIC_VN_REALISTIC
FLT00502,EQ00638,BLD042,2026-06-28 21:00:00,Abnormal Vibration,Critical,Yes,Yes,SYNTHETIC_VN_REALISTIC
FLT00503,EQ01306,BLD083,2026-01-18 02:00:00,Low Flow,High,No,Yes,SYNTHETIC_VN_REALISTIC
FLT00504,EQ00144,BLD010,2026-02-03 11:00:00,Sensor Drift,Medium,Yes,Yes,SYNTHETIC_VN_REALISTIC
FLT00505,EQ01039,BLD066,2026-07-14 10:00:00,Low Pressure,Critical,No,No,SYNTHETIC_VN_REALISTIC
FLT00506,EQ01594,BLD101,2026-03-23 17:00:00,Valve Stuck,Medium,Yes,Yes,SYNTHETIC_VN_REALISTIC
FLT00507,EQ01882,BLD118,2026-01-25 07:00:00,Overcurrent,Medium,No,No,SYNTHETIC_VN_REALISTIC
FLT00508,EQ00739,BLD047,2026-07-09 14:00:00,Communication Loss,High,No,Yes,SYNTHETIC_VN_REALISTIC
FLT00509,EQ01565,BLD099,2026-06-13 19:00:00,Overcurrent,Low,Yes,Yes,SYNTHETIC_VN_REALISTIC
FLT00510,EQ01829,BLD115,2026-03-13 11:00:00,Communication Loss,Low,Yes,Yes,SYNTHETIC_VN_REALISTIC
FLT00511,EQ00978,BLD062,2026-06-23 23:00:00,High Temperature,High,No,Yes,SYNTHETIC_VN_REALISTIC
FLT00512,EQ00588,BLD038,2026-03-24 07:00:00,Sensor Drift,Medium,Yes,Yes,SYNTHETIC_VN_REALISTIC
FLT00513,EQ01732,BLD110,2026-09-05 21:00:00,High Temperature,Low,No,Yes,SYNTHETIC_VN_REALISTIC
FLT00514,EQ01144,BLD073,2026-06-26 06:00:00,Valve Stuck,High,Yes,Yes,SYNTHETIC_VN_REALISTIC
FLT00515,EQ00082,BLD006,2026-08-07 16:00:00,Low Flow,High,No,Yes,SYNTHETIC_VN_REALISTIC
FLT00516,EQ00383,BLD025,2026-01-09 22:00:00,Sensor Drift,Medium,Yes,Yes,SYNTHETIC_VN_REALISTIC
FLT00517,EQ00593,BLD038,2026-01-17 02:00:00,Overcurrent,Medium,Yes,Yes,SYNTHETIC_VN_REALISTIC
FLT00518,EQ00705,BLD046,2026-05-02 10:00:00,Low Flow,Medium,Yes,Yes,SYNTHETIC_VN_REALISTIC
FLT00519,EQ01805,BLD114,2026-02-19 08:00:00,Valve Stuck,High,Yes,Yes,SYNTHETIC_VN_REALISTIC
FLT00520,EQ00153,BLD011,2026-03-24 14:00:00,Low Flow,Medium,No,Yes,SYNTHETIC_VN_REALISTIC
FLT00521,EQ00141,BLD010,2026-06-15 11:00:00,High Temperature,Medium,No,Yes,SYNTHETIC_VN_REALISTIC
FLT00522,EQ00403,BLD026,2026-08-11 05:00:00,Sensor Drift,Critical,Yes,Yes,SYNTHETIC_VN_REALISTIC
FLT00523,EQ01230,BLD079,2026-01-06 08:00:00,Low Flow,Medium,No,Yes,SYNTHETIC_VN_REALISTIC
FLT00524,EQ00143,BLD010,2026-04-28 05:00:00,Low Flow,Medium,No,No,SYNTHETIC_VN_REALISTIC
FLT00525,EQ00560,BLD037,2026-03-22 03:00:00,Valve Stuck,Low,Yes,No,SYNTHETIC_VN_REALISTIC
FLT00526,EQ00742,BLD048,2026-02-25 16:00:00,High Temperature,Medium,Yes,Yes,SYNTHETIC_VN_REALISTIC
FLT00527,EQ00961,BLD061,2026-06-11 12:00:00,Valve Stuck,Medium,Yes,No,SYNTHETIC_VN_REALISTIC
FLT00528,EQ01090,BLD070,2026-05-19 01:00:00,Communication Loss,Low,Yes,Yes,SYNTHETIC_VN_REALISTIC
FLT00529,EQ00152,BLD011,2026-06-02 15:00:00,Low Flow,Medium,No,Yes,SYNTHETIC_VN_REALISTIC
FLT00530,EQ01262,BLD081,2026-01-15 15:00:00,Abnormal Vibration,Medium,Yes,Yes,SYNTHETIC_VN_REALISTIC
FLT00531,EQ00320,BLD021,2026-05-26 16:00:00,Abnormal Vibration,Low,Yes,Yes,SYNTHETIC_VN_REALISTIC
FLT00532,EQ00774,BLD050,2026-07-29 11:00:00,Low Pressure,Critical,Yes,Yes,SYNTHETIC_VN_REALISTIC
FLT00533,EQ01239,BLD079,2026-05-07 05:00:00,Communication Loss,Medium,Yes,Yes,SYNTHETIC_VN_REALISTIC
FLT00534,EQ00413,BLD027,2026-06-18 15:00:00,Overcurrent,Critical,Yes,Yes,SYNTHETIC_VN_REALISTIC
FLT00535,EQ01787,BLD113,2026-04-07 00:00:00,Abnormal Vibration,Critical,No,Yes,SYNTHETIC_VN_REALISTIC
FLT00536,EQ00484,BLD031,2026-06-13 17:00:00,Abnormal Vibration,High,Yes,Yes,SYNTHETIC_VN_REALISTIC
FLT00537,EQ00863,BLD056,2026-07-05 00:00:00,Valve Stuck,Medium,Yes,Yes,SYNTHETIC_VN_REALISTIC
FLT00538,EQ01760,BLD111,2026-09-02 12:00:00,High Temperature,Medium,Yes,Yes,SYNTHETIC_VN_REALISTIC
FLT00539,EQ01663,BLD105,2026-02-17 02:00:00,Communication Loss,Low,Yes,No,SYNTHETIC_VN_REALISTIC
FLT00540,EQ00708,BLD046,2026-06-26 17:00:00,Low Flow,Low,Yes,Yes,SYNTHETIC_VN_REALISTIC
FLT00541,EQ01425,BLD091,2026-01-19 11:00:00,Overcurrent,Medium,No,No,SYNTHETIC_VN_REALISTIC
FLT00542,EQ00065,BLD005,2026-01-08 01:00:00,High Temperature,Medium,Yes,Yes,SYNTHETIC_VN_REALISTIC
FLT00543,EQ00773,BLD050,2026-09-02 03:00:00,Sensor Drift,Critical,No,Yes,SYNTHETIC_VN_REALISTIC
FLT00544,EQ01849,BLD116,2026-02-09 05:00:00,Overcurrent,Low,Yes,No,SYNTHETIC_VN_REALISTIC
FLT00545,EQ00944,BLD060,2026-05-29 09:00:00,Sensor Drift,Medium,Yes,No,SYNTHETIC_VN_REALISTIC
FLT00546,EQ01263,BLD081,2026-04-26 01:00:00,Low Flow,Medium,No,Yes,SYNTHETIC_VN_REALISTIC
FLT00547,EQ01208,BLD077,2026-08-29 12:00:00,Sensor Drift,Medium,No,Yes,SYNTHETIC_VN_REALISTIC
FLT00548,EQ00188,BLD013,2026-03-12 01:00:00,Abnormal Vibration,High,No,No,SYNTHETIC_VN_REALISTIC
FLT00549,EQ01750,BLD111,2026-03-19 11:00:00,Sensor Drift,High,Yes,Yes,SYNTHETIC_VN_REALISTIC
FLT00550,EQ01567,BLD099,2026-03-16 18:00:00,Low Pressure,High,No,Yes,SYNTHETIC_VN_REALISTIC
FLT00551,EQ01197,BLD077,2026-08-29 11:00:00,Low Pressure,Critical,Yes,Yes,SYNTHETIC_VN_REALISTIC
FLT00552,EQ01734,BLD110,2026-01-25 11:00:00,Abnormal Vibration,Critical,Yes,Yes,SYNTHETIC_VN_REALISTIC
FLT00553,EQ01920,BLD120,2026-08-29 00:00:00,Low Pressure,Low,Yes,Yes,SYNTHETIC_VN_REALISTIC
FLT00554,EQ01822,BLD115,2026-06-09 10:00:00,High Temperature,High,Yes,Yes,SYNTHETIC_VN_REALISTIC
FLT00555,EQ00630,BLD041,2026-04-26 11:00:00,Overcurrent,Medium,Yes,Yes,SYNTHETIC_VN_REALISTIC
FLT00556,EQ00547,BLD036,2026-02-20 18:00:00,Communication Loss,Medium,Yes,Yes,SYNTHETIC_VN_REALISTIC
FLT00557,EQ00597,BLD038,2026-05-15 14:00:00,Low Flow,Low,Yes,No,SYNTHETIC_VN_REALISTIC
FLT00558,EQ01655,BLD105,2026-07-20 03:00:00,Sensor Drift,Low,No,No,SYNTHETIC_VN_REALISTIC
FLT00559,EQ00646,BLD042,2026-05-19 08:00:00,Low Pressure,Low,Yes,Yes,SYNTHETIC_VN_REALISTIC
FLT00560,EQ01808,BLD114,2026-06-05 16:00:00,Sensor Drift,Low,Yes,No,SYNTHETIC_VN_REALISTIC
FLT00561,EQ01611,BLD102,2026-03-06 17:00:00,Abnormal Vibration,Critical,Yes,Yes,SYNTHETIC_VN_REALISTIC
FLT00562,EQ00030,BLD002,2026-02-09 09:00:00,Low Flow,Medium,No,Yes,SYNTHETIC_VN_REALISTIC
FLT00563,EQ00964,BLD061,2026-02-18 02:00:00,High Temperature,High,No,Yes,SYNTHETIC_VN_REALISTIC
FLT00564,EQ01228,BLD079,2026-02-22 19:00:00,Sensor Drift,Critical,No,Yes,SYNTHETIC_VN_REALISTIC
FLT00565,EQ00787,BLD051,2026-04-06 00:00:00,Valve Stuck,Low,Yes,No,SYNTHETIC_VN_REALISTIC
FLT00566,EQ00529,BLD034,2026-04-16 04:00:00,Low Pressure,Medium,Yes,Yes,SYNTHETIC_VN_REALISTIC
FLT00567,EQ00677,BLD044,2026-04-20 00:00:00,Sensor Drift,High,No,Yes,SYNTHETIC_VN_REALISTIC
FLT00568,EQ00322,BLD021,2026-04-20 05:00:00,High Temperature,Low,Yes,Yes,SYNTHETIC_VN_REALISTIC
FLT00569,EQ01203,BLD077,2026-05-13 05:00:00,Low Pressure,Medium,Yes,Yes,SYNTHETIC_VN_REALISTIC
FLT00570,EQ01690,BLD108,2026-05-29 01:00:00,Overcurrent,Low,No,Yes,SYNTHETIC_VN_REALISTIC
FLT00571,EQ00271,BLD018,2026-07-16 06:00:00,Communication Loss,Medium,No,Yes,SYNTHETIC_VN_REALISTIC
FLT00572,EQ00114,BLD008,2026-04-30 12:00:00,Sensor Drift,Low,Yes,Yes,SYNTHETIC_VN_REALISTIC
FLT00573,EQ00161,BLD012,2026-09-01 11:00:00,High Temperature,Medium,No,No,SYNTHETIC_VN_REALISTIC
FLT00574,EQ00054,BLD004,2026-08-25 03:00:00,Abnormal Vibration,High,No,Yes,SYNTHETIC_VN_REALISTIC
FLT00575,EQ01214,BLD078,2026-07-22 03:00:00,Valve Stuck,Low,Yes,Yes,SYNTHETIC_VN_REALISTIC
FLT00576,EQ00889,BLD057,2026-04-14 15:00:00,Communication Loss,Critical,Yes,Yes,SYNTHETIC_VN_REALISTIC
FLT00577,EQ01417,BLD090,2026-01-16 23:00:00,Low Pressure,High,Yes,Yes,SYNTHETIC_VN_REALISTIC
FLT00578,EQ00396,BLD026,2026-02-20 00:00:00,Sensor Drift,Critical,Yes,No,SYNTHETIC_VN_REALISTIC
FLT00579,EQ00556,BLD036,2026-05-28 00:00:00,Abnormal Vibration,Low,Yes,Yes,SYNTHETIC_VN_REALISTIC
FLT00580,EQ01339,BLD086,2026-03-02 22:00:00,Communication Loss,High,Yes,Yes,SYNTHETIC_VN_REALISTIC
FLT00581,EQ01488,BLD094,2026-02-09 10:00:00,Overcurrent,Medium,Yes,No,SYNTHETIC_VN_REALISTIC
FLT00582,EQ01711,BLD108,2026-08-03 18:00:00,Valve Stuck,Low,Yes,Yes,SYNTHETIC_VN_REALISTIC
FLT00583,EQ01900,BLD119,2026-04-10 23:00:00,Sensor Drift,Low,Yes,Yes,SYNTHETIC_VN_REALISTIC
FLT00584,EQ01283,BLD082,2026-06-01 13:00:00,Communication Loss,Medium,Yes,Yes,SYNTHETIC_VN_REALISTIC
FLT00585,EQ01792,BLD113,2026-06-09 21:00:00,High Temperature,Critical,Yes,Yes,SYNTHETIC_VN_REALISTIC
FLT00586,EQ00121,BLD008,2026-04-12 02:00:00,Sensor Drift,Critical,Yes,Yes,SYNTHETIC_VN_REALISTIC
FLT00587,EQ01626,BLD103,2026-08-09 22:00:00,Low Pressure,High,Yes,Yes,SYNTHETIC_VN_REALISTIC
FLT00588,EQ00732,BLD047,2026-02-26 10:00:00,Communication Loss,Critical,No,Yes,SYNTHETIC_VN_REALISTIC
FLT00589,EQ01227,BLD079,2026-01-01 03:00:00,Sensor Drift,High,Yes,Yes,SYNTHETIC_VN_REALISTIC
FLT00590,EQ00379,BLD025,2026-09-07 16:00:00,Overcurrent,High,No,Yes,SYNTHETIC_VN_REALISTIC
FLT00591,EQ01579,BLD100,2026-03-09 10:00:00,Sensor Drift,High,No,No,SYNTHETIC_VN_REALISTIC
FLT00592,EQ00264,BLD017,2026-02-18 12:00:00,Sensor Drift,Critical,Yes,Yes,SYNTHETIC_VN_REALISTIC
FLT00593,EQ00211,BLD014,2026-03-03 19:00:00,Communication Loss,High,No,Yes,SYNTHETIC_VN_REALISTIC
FLT00594,EQ01711,BLD108,2026-06-24 05:00:00,Communication Loss,Medium,Yes,Yes,SYNTHETIC_VN_REALISTIC
FLT00595,EQ01736,BLD110,2026-04-14 09:00:00,Valve Stuck,Medium,No,No,SYNTHETIC_VN_REALISTIC
FLT00596,EQ00262,BLD017,2026-01-21 16:00:00,Overcurrent,Medium,Yes,No,SYNTHETIC_VN_REALISTIC
FLT00597,EQ00575,BLD037,2026-06-29 13:00:00,High Temperature,Critical,Yes,Yes,SYNTHETIC_VN_REALISTIC
FLT00598,EQ01098,BLD070,2026-03-02 17:00:00,Low Flow,Critical,No,Yes,SYNTHETIC_VN_REALISTIC
FLT00599,EQ00891,BLD057,2026-03-07 04:00:00,Communication Loss,Medium,Yes,No,SYNTHETIC_VN_REALISTIC
FLT00600,EQ01916,BLD120,2026-07-03 16:00:00,Sensor Drift,Medium,No,No,SYNTHETIC_VN_REALISTIC
FLT00601,EQ01007,BLD064,2026-01-26 20:00:00,High Temperature,Low,Yes,Yes,SYNTHETIC_VN_REALISTIC
FLT00602,EQ01829,BLD115,2026-01-20 16:00:00,Abnormal Vibration,High,No,Yes,SYNTHETIC_VN_REALISTIC
FLT00603,EQ00372,BLD024,2026-01-20 15:00:00,Low Pressure,Low,Yes,No,SYNTHETIC_VN_REALISTIC
FLT00604,EQ01174,BLD076,2026-04-17 05:00:00,Low Pressure,High,No,No,SYNTHETIC_VN_REALISTIC
FLT00605,EQ01519,BLD097,2026-05-26 12:00:00,Sensor Drift,Low,Yes,Yes,SYNTHETIC_VN_REALISTIC
FLT00606,EQ00253,BLD017,2026-05-29 15:00:00,Valve Stuck,Medium,No,Yes,SYNTHETIC_VN_REALISTIC
FLT00607,EQ01310,BLD083,2026-02-15 21:00:00,Overcurrent,Critical,Yes,Yes,SYNTHETIC_VN_REALISTIC
FLT00608,EQ00626,BLD041,2026-06-01 20:00:00,Communication Loss,Medium,Yes,Yes,SYNTHETIC_VN_REALISTIC
FLT00609,EQ01260,BLD080,2026-01-24 23:00:00,Low Flow,Medium,No,Yes,SYNTHETIC_VN_REALISTIC
FLT00610,EQ00024,BLD002,2026-06-23 03:00:00,High Temperature,Medium,No,Yes,SYNTHETIC_VN_REALISTIC
FLT00611,EQ00385,BLD025,2026-01-08 23:00:00,Low Pressure,High,Yes,Yes,SYNTHETIC_VN_REALISTIC
FLT00612,EQ00019,BLD001,2026-04-04 10:00:00,Abnormal Vibration,High,Yes,Yes,SYNTHETIC_VN_REALISTIC
FLT00613,EQ01465,BLD093,2026-03-28 18:00:00,Valve Stuck,Medium,Yes,Yes,SYNTHETIC_VN_REALISTIC
FLT00614,EQ01180,BLD076,2026-09-06 17:00:00,Valve Stuck,Critical,No,No,SYNTHETIC_VN_REALISTIC
FLT00615,EQ00080,BLD006,2026-06-08 09:00:00,High Temperature,Medium,No,No,SYNTHETIC_VN_REALISTIC
FLT00616,EQ00560,BLD037,2026-09-07 05:00:00,Low Flow,Medium,Yes,Yes,SYNTHETIC_VN_REALISTIC
FLT00617,EQ00443,BLD029,2026-05-05 23:00:00,Sensor Drift,Medium,Yes,Yes,SYNTHETIC_VN_REALISTIC
FLT00618,EQ00079,BLD006,2026-01-31 08:00:00,Communication Loss,Low,No,Yes,SYNTHETIC_VN_REALISTIC
FLT00619,EQ01825,BLD115,2026-05-12 04:00:00,Abnormal Vibration,High,Yes,Yes,SYNTHETIC_VN_REALISTIC
FLT00620,EQ00966,BLD062,2026-01-27 06:00:00,Communication Loss,Medium,Yes,Yes,SYNTHETIC_VN_REALISTIC
FLT00621,EQ01715,BLD109,2026-08-07 11:00:00,Abnormal Vibration,Medium,Yes,Yes,SYNTHETIC_VN_REALISTIC
FLT00622,EQ01156,BLD074,2026-06-28 13:00:00,Overcurrent,Critical,No,No,SYNTHETIC_VN_REALISTIC
FLT00623,EQ01593,BLD101,2026-03-18 13:00:00,Overcurrent,Medium,No,Yes,SYNTHETIC_VN_REALISTIC
FLT00624,EQ00471,BLD030,2026-07-25 20:00:00,High Temperature,Low,Yes,Yes,SYNTHETIC_VN_REALISTIC
FLT00625,EQ01616,BLD103,2026-04-13 15:00:00,Overcurrent,High,No,Yes,SYNTHETIC_VN_REALISTIC
FLT00626,EQ01322,BLD084,2026-09-06 20:00:00,Low Flow,Medium,Yes,Yes,SYNTHETIC_VN_REALISTIC
FLT00627,EQ00176,BLD013,2026-02-06 19:00:00,High Temperature,Medium,Yes,Yes,SYNTHETIC_VN_REALISTIC
FLT00628,EQ00456,BLD030,2026-07-19 07:00:00,Overcurrent,Medium,Yes,No,SYNTHETIC_VN_REALISTIC
FLT00629,EQ00433,BLD028,2026-06-19 18:00:00,Low Flow,Medium,Yes,No,SYNTHETIC_VN_REALISTIC
FLT00630,EQ00026,BLD002,2026-01-26 05:00:00,Valve Stuck,Critical,Yes,No,SYNTHETIC_VN_REALISTIC
FLT00631,EQ00267,BLD018,2026-02-10 03:00:00,Overcurrent,Medium,Yes,Yes,SYNTHETIC_VN_REALISTIC
FLT00632,EQ01597,BLD101,2026-03-05 13:00:00,Low Pressure,High,Yes,No,SYNTHETIC_VN_REALISTIC
FLT00633,EQ00356,BLD023,2026-07-29 12:00:00,High Temperature,High,Yes,Yes,SYNTHETIC_VN_REALISTIC
FLT00634,EQ00322,BLD021,2026-04-10 23:00:00,Sensor Drift,Medium,No,No,SYNTHETIC_VN_REALISTIC
FLT00635,EQ00384,BLD025,2026-07-28 13:00:00,Overcurrent,Critical,Yes,Yes,SYNTHETIC_VN_REALISTIC
FLT00636,EQ00642,BLD042,2026-06-05 01:00:00,Sensor Drift,Critical,Yes,Yes,SYNTHETIC_VN_REALISTIC
FLT00637,EQ00425,BLD028,2026-06-18 14:00:00,Abnormal Vibration,Low,No,Yes,SYNTHETIC_VN_REALISTIC
FLT00638,EQ01905,BLD120,2026-03-06 15:00:00,Low Pressure,Critical,No,No,SYNTHETIC_VN_REALISTIC
FLT00639,EQ01386,BLD088,2026-01-20 07:00:00,Abnormal Vibration,Critical,Yes,Yes,SYNTHETIC_VN_REALISTIC
FLT00640,EQ00536,BLD035,2026-04-02 07:00:00,Valve Stuck,Low,No,Yes,SYNTHETIC_VN_REALISTIC
FLT00641,EQ01606,BLD102,2026-08-15 11:00:00,High Temperature,Medium,Yes,Yes,SYNTHETIC_VN_REALISTIC
FLT00642,EQ00834,BLD054,2026-05-28 06:00:00,High Temperature,High,Yes,Yes,SYNTHETIC_VN_REALISTIC
FLT00643,EQ01667,BLD106,2026-01-05 20:00:00,Communication Loss,Medium,No,Yes,SYNTHETIC_VN_REALISTIC
FLT00644,EQ00832,BLD054,2026-02-14 04:00:00,Communication Loss,High,Yes,No,SYNTHETIC_VN_REALISTIC
FLT00645,EQ01881,BLD118,2026-09-01 14:00:00,Valve Stuck,Medium,No,Yes,SYNTHETIC_VN_REALISTIC
FLT00646,EQ00875,BLD057,2026-04-18 04:00:00,Low Flow,Critical,Yes,Yes,SYNTHETIC_VN_REALISTIC
FLT00647,EQ00488,BLD031,2026-08-25 18:00:00,Low Flow,Critical,No,Yes,SYNTHETIC_VN_REALISTIC
FLT00648,EQ00610,BLD039,2026-03-24 10:00:00,Overcurrent,Critical,Yes,No,SYNTHETIC_VN_REALISTIC
FLT00649,EQ00938,BLD060,2026-06-23 04:00:00,Sensor Drift,Critical,Yes,Yes,SYNTHETIC_VN_REALISTIC
FLT00650,EQ00969,BLD062,2026-04-30 12:00:00,Low Pressure,Medium,Yes,Yes,SYNTHETIC_VN_REALISTIC
FLT00651,EQ01532,BLD097,2026-01-31 18:00:00,Communication Loss,Medium,No,No,SYNTHETIC_VN_REALISTIC
FLT00652,EQ00987,BLD063,2026-05-17 07:00:00,Abnormal Vibration,Medium,Yes,Yes,SYNTHETIC_VN_REALISTIC
FLT00653,EQ00803,BLD052,2026-07-01 07:00:00,Valve Stuck,Critical,Yes,Yes,SYNTHETIC_VN_REALISTIC
FLT00654,EQ00167,BLD012,2026-06-01 15:00:00,Low Flow,Low,No,Yes,SYNTHETIC_VN_REALISTIC
FLT00655,EQ01676,BLD106,2026-05-06 09:00:00,High Temperature,Medium,No,Yes,SYNTHETIC_VN_REALISTIC
FLT00656,EQ00368,BLD024,2026-08-22 12:00:00,Low Pressure,Medium,Yes,Yes,SYNTHETIC_VN_REALISTIC
FLT00657,EQ00632,BLD041,2026-08-30 06:00:00,High Temperature,Medium,Yes,No,SYNTHETIC_VN_REALISTIC
FLT00658,EQ00939,BLD060,2026-02-18 20:00:00,Abnormal Vibration,Medium,No,Yes,SYNTHETIC_VN_REALISTIC
FLT00659,EQ01786,BLD113,2026-04-15 20:00:00,Abnormal Vibration,Medium,Yes,No,SYNTHETIC_VN_REALISTIC
FLT00660,EQ00317,BLD021,2026-02-13 00:00:00,Sensor Drift,Critical,Yes,Yes,SYNTHETIC_VN_REALISTIC
FLT00661,EQ01493,BLD095,2026-03-31 06:00:00,Low Pressure,High,No,Yes,SYNTHETIC_VN_REALISTIC
FLT00662,EQ00995,BLD063,2026-09-04 22:00:00,Low Pressure,Critical,Yes,Yes,SYNTHETIC_VN_REALISTIC
FLT00663,EQ00809,BLD053,2026-05-08 14:00:00,Low Flow,Low,No,Yes,SYNTHETIC_VN_REALISTIC
FLT00664,EQ00234,BLD016,2026-05-15 16:00:00,Low Pressure,Low,No,No,SYNTHETIC_VN_REALISTIC
FLT00665,EQ00339,BLD022,2026-03-07 21:00:00,Overcurrent,Medium,Yes,Yes,SYNTHETIC_VN_REALISTIC
FLT00666,EQ00774,BLD050,2026-08-14 04:00:00,Abnormal Vibration,Low,Yes,Yes,SYNTHETIC_VN_REALISTIC
FLT00667,EQ00739,BLD047,2026-03-08 02:00:00,Low Flow,Medium,No,Yes,SYNTHETIC_VN_REALISTIC
FLT00668,EQ01380,BLD088,2026-06-13 05:00:00,Low Pressure,Medium,No,Yes,SYNTHETIC_VN_REALISTIC
FLT00669,EQ00799,BLD052,2026-09-02 21:00:00,Abnormal Vibration,High,No,Yes,SYNTHETIC_VN_REALISTIC
FLT00670,EQ01573,BLD100,2026-04-19 13:00:00,Abnormal Vibration,Medium,Yes,Yes,SYNTHETIC_VN_REALISTIC
FLT00671,EQ01251,BLD080,2026-04-09 17:00:00,Valve Stuck,Medium,No,Yes,SYNTHETIC_VN_REALISTIC
FLT00672,EQ01400,BLD089,2026-08-16 15:00:00,Abnormal Vibration,Low,Yes,Yes,SYNTHETIC_VN_REALISTIC
FLT00673,EQ01000,BLD064,2026-01-25 16:00:00,Low Flow,Low,No,Yes,SYNTHETIC_VN_REALISTIC
FLT00674,EQ01313,BLD084,2026-08-20 14:00:00,Sensor Drift,High,Yes,Yes,SYNTHETIC_VN_REALISTIC
FLT00675,EQ01775,BLD112,2026-07-16 14:00:00,Low Pressure,Medium,No,No,SYNTHETIC_VN_REALISTIC
FLT00676,EQ01581,BLD100,2026-09-04 15:00:00,Sensor Drift,Critical,Yes,No,SYNTHETIC_VN_REALISTIC
FLT00677,EQ00987,BLD063,2026-04-04 05:00:00,Sensor Drift,Medium,Yes,No,SYNTHETIC_VN_REALISTIC
FLT00678,EQ00436,BLD029,2026-02-04 23:00:00,Valve Stuck,Medium,Yes,No,SYNTHETIC_VN_REALISTIC
FLT00679,EQ00523,BLD034,2026-05-23 03:00:00,Abnormal Vibration,Critical,Yes,No,SYNTHETIC_VN_REALISTIC
FLT00680,EQ00105,BLD007,2026-07-12 23:00:00,Abnormal Vibration,Critical,Yes,Yes,SYNTHETIC_VN_REALISTIC
FLT00681,EQ01533,BLD097,2026-04-23 07:00:00,Low Pressure,High,No,Yes,SYNTHETIC_VN_REALISTIC
FLT00682,EQ00967,BLD062,2026-01-15 18:00:00,Sensor Drift,Medium,Yes,Yes,SYNTHETIC_VN_REALISTIC
FLT00683,EQ00724,BLD047,2026-07-21 01:00:00,Communication Loss,Low,No,Yes,SYNTHETIC_VN_REALISTIC
FLT00684,EQ00243,BLD016,2026-07-19 09:00:00,Abnormal Vibration,Low,Yes,Yes,SYNTHETIC_VN_REALISTIC
FLT00685,EQ01185,BLD076,2026-01-12 16:00:00,Low Pressure,Low,Yes,Yes,SYNTHETIC_VN_REALISTIC
FLT00686,EQ00649,BLD042,2026-04-17 07:00:00,Valve Stuck,Medium,No,No,SYNTHETIC_VN_REALISTIC
FLT00687,EQ00645,BLD042,2026-02-11 14:00:00,Low Flow,Critical,Yes,Yes,SYNTHETIC_VN_REALISTIC
FLT00688,EQ01094,BLD070,2026-05-09 03:00:00,Low Flow,Critical,Yes,Yes,SYNTHETIC_VN_REALISTIC
FLT00689,EQ00420,BLD028,2026-06-29 19:00:00,Low Pressure,Medium,No,Yes,SYNTHETIC_VN_REALISTIC
FLT00690,EQ00260,BLD017,2026-04-09 04:00:00,High Temperature,Low,Yes,No,SYNTHETIC_VN_REALISTIC
FLT00691,EQ01908,BLD120,2026-04-03 13:00:00,Valve Stuck,Medium,No,Yes,SYNTHETIC_VN_REALISTIC
FLT00692,EQ00863,BLD056,2026-03-11 03:00:00,High Temperature,Low,Yes,Yes,SYNTHETIC_VN_REALISTIC
FLT00693,EQ00116,BLD008,2026-05-15 20:00:00,Sensor Drift,Medium,No,Yes,SYNTHETIC_VN_REALISTIC
FLT00694,EQ01367,BLD087,2026-02-17 19:00:00,Low Pressure,Critical,No,Yes,SYNTHETIC_VN_REALISTIC
FLT00695,EQ01747,BLD111,2026-01-11 22:00:00,Sensor Drift,High,No,Yes,SYNTHETIC_VN_REALISTIC
FLT00696,EQ01859,BLD117,2026-04-15 18:00:00,Valve Stuck,Critical,No,Yes,SYNTHETIC_VN_REALISTIC
FLT00697,EQ00171,BLD012,2026-01-21 19:00:00,Low Pressure,Critical,No,Yes,SYNTHETIC_VN_REALISTIC
FLT00698,EQ00406,BLD027,2026-01-30 16:00:00,Overcurrent,Critical,Yes,No,SYNTHETIC_VN_REALISTIC
FLT00699,EQ01323,BLD084,2026-02-05 22:00:00,Low Pressure,Medium,No,Yes,SYNTHETIC_VN_REALISTIC
FLT00700,EQ01115,BLD071,2026-08-30 19:00:00,High Temperature,Critical,Yes,No,SYNTHETIC_VN_REALISTIC
FLT00701,EQ01046,BLD067,2026-01-14 10:00:00,Abnormal Vibration,High,No,Yes,SYNTHETIC_VN_REALISTIC
FLT00702,EQ01260,BLD080,2026-08-31 13:00:00,High Temperature,Medium,Yes,Yes,SYNTHETIC_VN_REALISTIC
FLT00703,EQ01909,BLD120,2026-02-23 06:00:00,High Temperature,High,Yes,Yes,SYNTHETIC_VN_REALISTIC
FLT00704,EQ01782,BLD113,2026-06-24 04:00:00,Sensor Drift,Critical,Yes,Yes,SYNTHETIC_VN_REALISTIC
FLT00705,EQ00359,BLD024,2026-08-13 09:00:00,High Temperature,Low,Yes,No,SYNTHETIC_VN_REALISTIC
FLT00706,EQ00876,BLD057,2026-05-26 07:00:00,Low Flow,High,No,Yes,SYNTHETIC_VN_REALISTIC
FLT00707,EQ00671,BLD043,2026-04-08 10:00:00,Abnormal Vibration,Low,Yes,Yes,SYNTHETIC_VN_REALISTIC
FLT00708,EQ00895,BLD058,2026-08-17 13:00:00,Low Flow,Low,Yes,Yes,SYNTHETIC_VN_REALISTIC
FLT00709,EQ00868,BLD056,2026-05-26 11:00:00,High Temperature,Medium,Yes,No,SYNTHETIC_VN_REALISTIC
FLT00710,EQ00392,BLD026,2026-02-25 08:00:00,Low Flow,Medium,Yes,Yes,SYNTHETIC_VN_REALISTIC
FLT00711,EQ01785,BLD113,2026-08-26 10:00:00,Overcurrent,Low,Yes,No,SYNTHETIC_VN_REALISTIC
FLT00712,EQ00189,BLD013,2026-08-13 07:00:00,Valve Stuck,High,No,Yes,SYNTHETIC_VN_REALISTIC
FLT00713,EQ01621,BLD103,2026-03-17 21:00:00,Valve Stuck,High,Yes,Yes,SYNTHETIC_VN_REALISTIC
FLT00714,EQ00704,BLD046,2026-09-01 08:00:00,Sensor Drift,Critical,Yes,No,SYNTHETIC_VN_REALISTIC
FLT00715,EQ01155,BLD074,2026-05-24 18:00:00,Valve Stuck,High,No,Yes,SYNTHETIC_VN_REALISTIC
FLT00716,EQ00703,BLD045,2026-03-16 02:00:00,Communication Loss,Medium,Yes,Yes,SYNTHETIC_VN_REALISTIC
FLT00717,EQ01038,BLD066,2026-08-23 00:00:00,Communication Loss,Critical,No,Yes,SYNTHETIC_VN_REALISTIC
FLT00718,EQ00581,BLD038,2026-03-06 10:00:00,Overcurrent,Low,Yes,Yes,SYNTHETIC_VN_REALISTIC
FLT00719,EQ00797,BLD052,2026-08-15 13:00:00,Sensor Drift,High,Yes,Yes,SYNTHETIC_VN_REALISTIC
FLT00720,EQ00481,BLD031,2026-05-23 06:00:00,Overcurrent,High,Yes,Yes,SYNTHETIC_VN_REALISTIC
FLT00721,EQ01662,BLD105,2026-04-22 22:00:00,Abnormal Vibration,Critical,Yes,Yes,SYNTHETIC_VN_REALISTIC
FLT00722,EQ00853,BLD055,2026-05-07 17:00:00,Overcurrent,Medium,Yes,Yes,SYNTHETIC_VN_REALISTIC
FLT00723,EQ00819,BLD053,2026-07-18 04:00:00,Communication Loss,High,Yes,Yes,SYNTHETIC_VN_REALISTIC
FLT00724,EQ00346,BLD022,2026-02-22 13:00:00,Low Flow,Medium,Yes,Yes,SYNTHETIC_VN_REALISTIC
FLT00725,EQ01812,BLD114,2026-02-10 00:00:00,High Temperature,Low,No,Yes,SYNTHETIC_VN_REALISTIC
FLT00726,EQ00758,BLD049,2026-02-16 18:00:00,Communication Loss,Low,No,No,SYNTHETIC_VN_REALISTIC
FLT00727,EQ00935,BLD060,2026-07-31 21:00:00,Abnormal Vibration,Low,Yes,Yes,SYNTHETIC_VN_REALISTIC
FLT00728,EQ01582,BLD100,2026-03-31 03:00:00,Valve Stuck,High,No,No,SYNTHETIC_VN_REALISTIC
FLT00729,EQ00295,BLD019,2026-03-31 09:00:00,Low Pressure,Low,Yes,Yes,SYNTHETIC_VN_REALISTIC
FLT00730,EQ00914,BLD059,2026-04-06 13:00:00,Valve Stuck,High,No,Yes,SYNTHETIC_VN_REALISTIC
FLT00731,EQ01301,BLD083,2026-03-24 21:00:00,Abnormal Vibration,Medium,Yes,No,SYNTHETIC_VN_REALISTIC
FLT00732,EQ01843,BLD116,2026-05-29 01:00:00,Overcurrent,High,Yes,Yes,SYNTHETIC_VN_REALISTIC
FLT00733,EQ00994,BLD063,2026-08-31 21:00:00,Low Flow,Low,No,Yes,SYNTHETIC_VN_REALISTIC
FLT00734,EQ00286,BLD019,2026-01-10 08:00:00,Low Pressure,Low,Yes,Yes,SYNTHETIC_VN_REALISTIC
FLT00735,EQ00138,BLD010,2026-04-16 03:00:00,Low Flow,Medium,Yes,Yes,SYNTHETIC_VN_REALISTIC
FLT00736,EQ00389,BLD026,2026-02-14 05:00:00,Low Flow,High,No,No,SYNTHETIC_VN_REALISTIC
FLT00737,EQ00656,BLD043,2026-06-11 13:00:00,Sensor Drift,Medium,Yes,Yes,SYNTHETIC_VN_REALISTIC
FLT00738,EQ01618,BLD103,2026-04-22 21:00:00,Valve Stuck,Critical,Yes,No,SYNTHETIC_VN_REALISTIC
FLT00739,EQ01260,BLD080,2026-07-25 15:00:00,Low Flow,Low,Yes,Yes,SYNTHETIC_VN_REALISTIC
FLT00740,EQ01745,BLD111,2026-06-01 05:00:00,Valve Stuck,Medium,Yes,Yes,SYNTHETIC_VN_REALISTIC
FLT00741,EQ01155,BLD074,2026-03-30 12:00:00,Abnormal Vibration,Medium,Yes,Yes,SYNTHETIC_VN_REALISTIC
FLT00742,EQ01610,BLD102,2026-03-13 11:00:00,Valve Stuck,Medium,No,Yes,SYNTHETIC_VN_REALISTIC
FLT00743,EQ01233,BLD079,2026-06-15 12:00:00,Communication Loss,Medium,No,Yes,SYNTHETIC_VN_REALISTIC
FLT00744,EQ00112,BLD007,2026-08-02 14:00:00,Low Pressure,Low,No,Yes,SYNTHETIC_VN_REALISTIC
FLT00745,EQ00295,BLD019,2026-07-14 20:00:00,Overcurrent,Medium,Yes,Yes,SYNTHETIC_VN_REALISTIC
FLT00746,EQ01156,BLD074,2026-06-23 18:00:00,Sensor Drift,Medium,Yes,No,SYNTHETIC_VN_REALISTIC
FLT00747,EQ00476,BLD030,2026-01-18 12:00:00,Overcurrent,Medium,Yes,Yes,SYNTHETIC_VN_REALISTIC
FLT00748,EQ01043,BLD067,2026-05-08 11:00:00,Communication Loss,Critical,Yes,Yes,SYNTHETIC_VN_REALISTIC
FLT00749,EQ01343,BLD086,2026-06-24 23:00:00,Communication Loss,Medium,Yes,Yes,SYNTHETIC_VN_REALISTIC
FLT00750,EQ01869,BLD117,2026-01-24 01:00:00,Low Flow,Medium,Yes,No,SYNTHETIC_VN_REALISTIC
FLT00751,EQ00882,BLD057,2026-06-27 13:00:00,Communication Loss,Critical,Yes,Yes,SYNTHETIC_VN_REALISTIC
FLT00752,EQ01175,BLD076,2026-02-28 22:00:00,Low Pressure,High,Yes,No,SYNTHETIC_VN_REALISTIC
FLT00753,EQ01906,BLD120,2026-04-09 12:00:00,Low Pressure,Low,No,Yes,SYNTHETIC_VN_REALISTIC
FLT00754,EQ01511,BLD096,2026-08-23 05:00:00,Valve Stuck,Low,Yes,No,SYNTHETIC_VN_REALISTIC
FLT00755,EQ01401,BLD089,2026-03-01 02:00:00,Abnormal Vibration,High,No,Yes,SYNTHETIC_VN_REALISTIC
FLT00756,EQ01732,BLD110,2026-07-28 06:00:00,Communication Loss,Low,Yes,Yes,SYNTHETIC_VN_REALISTIC
FLT00757,EQ01091,BLD070,2026-04-30 06:00:00,Valve Stuck,Low,No,Yes,SYNTHETIC_VN_REALISTIC
FLT00758,EQ00548,BLD036,2026-07-26 17:00:00,Overcurrent,Critical,Yes,Yes,SYNTHETIC_VN_REALISTIC
FLT00759,EQ00561,BLD037,2026-07-24 02:00:00,Valve Stuck,Low,Yes,Yes,SYNTHETIC_VN_REALISTIC
FLT00760,EQ01129,BLD073,2026-02-13 22:00:00,High Temperature,High,Yes,Yes,SYNTHETIC_VN_REALISTIC
FLT00761,EQ00868,BLD056,2026-08-22 19:00:00,Overcurrent,Medium,No,Yes,SYNTHETIC_VN_REALISTIC
FLT00762,EQ01232,BLD079,2026-06-13 05:00:00,Valve Stuck,High,Yes,Yes,SYNTHETIC_VN_REALISTIC
FLT00763,EQ01339,BLD086,2026-05-06 19:00:00,Communication Loss,Low,Yes,Yes,SYNTHETIC_VN_REALISTIC
FLT00764,EQ00302,BLD020,2026-07-13 04:00:00,Low Flow,Medium,No,Yes,SYNTHETIC_VN_REALISTIC
FLT00765,EQ00859,BLD056,2026-01-05 10:00:00,Overcurrent,High,No,Yes,SYNTHETIC_VN_REALISTIC
FLT00766,EQ00152,BLD011,2026-07-10 23:00:00,Sensor Drift,High,No,Yes,SYNTHETIC_VN_REALISTIC
FLT00767,EQ00596,BLD038,2026-01-06 17:00:00,Overcurrent,Medium,No,Yes,SYNTHETIC_VN_REALISTIC
FLT00768,EQ01748,BLD111,2026-04-26 07:00:00,Abnormal Vibration,Low,No,No,SYNTHETIC_VN_REALISTIC
FLT00769,EQ00962,BLD061,2026-01-18 10:00:00,Abnormal Vibration,Medium,Yes,Yes,SYNTHETIC_VN_REALISTIC
FLT00770,EQ01543,BLD098,2026-03-28 09:00:00,Communication Loss,Medium,No,No,SYNTHETIC_VN_REALISTIC
FLT00771,EQ01366,BLD087,2026-06-05 09:00:00,Low Pressure,Medium,Yes,Yes,SYNTHETIC_VN_REALISTIC
FLT00772,EQ01562,BLD099,2026-05-16 13:00:00,Overcurrent,Medium,No,Yes,SYNTHETIC_VN_REALISTIC
FLT00773,EQ00411,BLD027,2026-07-01 04:00:00,High Temperature,Medium,Yes,Yes,SYNTHETIC_VN_REALISTIC
FLT00774,EQ01913,BLD120,2026-06-27 06:00:00,Sensor Drift,Medium,Yes,No,SYNTHETIC_VN_REALISTIC
FLT00775,EQ00774,BLD050,2026-07-31 13:00:00,Low Pressure,Critical,Yes,Yes,SYNTHETIC_VN_REALISTIC
FLT00776,EQ01091,BLD070,2026-02-01 13:00:00,Overcurrent,Low,Yes,Yes,SYNTHETIC_VN_REALISTIC
FLT00777,EQ01647,BLD104,2026-09-04 13:00:00,Low Flow,Low,Yes,Yes,SYNTHETIC_VN_REALISTIC
FLT00778,EQ00709,BLD046,2026-06-30 17:00:00,High Temperature,Critical,No,Yes,SYNTHETIC_VN_REALISTIC
FLT00779,EQ01496,BLD095,2026-02-16 17:00:00,Valve Stuck,Critical,Yes,No,SYNTHETIC_VN_REALISTIC
FLT00780,EQ00762,BLD049,2026-04-07 13:00:00,High Temperature,High,Yes,Yes,SYNTHETIC_VN_REALISTIC
FLT00781,EQ00956,BLD061,2026-06-30 15:00:00,Low Flow,High,Yes,No,SYNTHETIC_VN_REALISTIC
FLT00782,EQ01109,BLD071,2026-06-13 15:00:00,Overcurrent,Medium,Yes,Yes,SYNTHETIC_VN_REALISTIC
FLT00783,EQ00856,BLD055,2026-01-05 06:00:00,Low Flow,Critical,Yes,Yes,SYNTHETIC_VN_REALISTIC
FLT00784,EQ00661,BLD043,2026-05-10 13:00:00,Low Flow,Low,No,Yes,SYNTHETIC_VN_REALISTIC
FLT00785,EQ00599,BLD039,2026-02-11 06:00:00,Sensor Drift,Medium,Yes,No,SYNTHETIC_VN_REALISTIC
FLT00786,EQ01375,BLD088,2026-01-25 08:00:00,Sensor Drift,Medium,Yes,Yes,SYNTHETIC_VN_REALISTIC
FLT00787,EQ01124,BLD072,2026-08-24 09:00:00,High Temperature,Medium,No,Yes,SYNTHETIC_VN_REALISTIC
FLT00788,EQ00554,BLD036,2026-04-17 12:00:00,Overcurrent,Medium,Yes,Yes,SYNTHETIC_VN_REALISTIC
FLT00789,EQ01846,BLD116,2026-03-22 12:00:00,Low Flow,Critical,Yes,No,SYNTHETIC_VN_REALISTIC
FLT00790,EQ01059,BLD068,2026-05-21 22:00:00,Valve Stuck,Critical,Yes,Yes,SYNTHETIC_VN_REALISTIC
FLT00791,EQ00653,BLD043,2026-06-27 01:00:00,Sensor Drift,Critical,Yes,No,SYNTHETIC_VN_REALISTIC
FLT00792,EQ00600,BLD039,2026-09-03 16:00:00,Valve Stuck,Medium,Yes,Yes,SYNTHETIC_VN_REALISTIC
FLT00793,EQ01086,BLD069,2026-02-22 21:00:00,Communication Loss,Critical,Yes,Yes,SYNTHETIC_VN_REALISTIC
FLT00794,EQ01178,BLD076,2026-02-20 04:00:00,Sensor Drift,Medium,No,Yes,SYNTHETIC_VN_REALISTIC
FLT00795,EQ00763,BLD049,2026-03-25 00:00:00,Low Pressure,Low,Yes,Yes,SYNTHETIC_VN_REALISTIC
FLT00796,EQ01017,BLD065,2026-05-09 15:00:00,Overcurrent,Medium,Yes,No,SYNTHETIC_VN_REALISTIC
FLT00797,EQ00444,BLD029,2026-09-03 09:00:00,Sensor Drift,Medium,Yes,Yes,SYNTHETIC_VN_REALISTIC
FLT00798,EQ01734,BLD110,2026-02-22 17:00:00,Valve Stuck,Low,Yes,Yes,SYNTHETIC_VN_REALISTIC
FLT00799,EQ01542,BLD098,2026-04-16 03:00:00,Low Flow,Low,Yes,Yes,SYNTHETIC_VN_REALISTIC
FLT00800,EQ00162,BLD012,2026-02-04 17:00:00,Sensor Drift,High,Yes,No,SYNTHETIC_VN_REALISTIC
FLT00801,EQ00682,BLD044,2026-01-23 08:00:00,Valve Stuck,High,Yes,Yes,SYNTHETIC_VN_REALISTIC
FLT00802,EQ00572,BLD037,2026-05-30 13:00:00,Overcurrent,High,No,Yes,SYNTHETIC_VN_REALISTIC
FLT00803,EQ01525,BLD097,2026-01-23 22:00:00,Low Flow,Low,Yes,Yes,SYNTHETIC_VN_REALISTIC
FLT00804,EQ00439,BLD029,2026-03-21 07:00:00,Low Flow,Medium,No,No,SYNTHETIC_VN_REALISTIC
FLT00805,EQ01021,BLD065,2026-07-07 18:00:00,Abnormal Vibration,Medium,No,Yes,SYNTHETIC_VN_REALISTIC
FLT00806,EQ01382,BLD088,2026-02-14 23:00:00,Communication Loss,Medium,No,Yes,SYNTHETIC_VN_REALISTIC
FLT00807,EQ00080,BLD006,2026-07-29 19:00:00,High Temperature,Low,Yes,No,SYNTHETIC_VN_REALISTIC
FLT00808,EQ00908,BLD058,2026-03-24 02:00:00,Abnormal Vibration,Low,Yes,Yes,SYNTHETIC_VN_REALISTIC
FLT00809,EQ01639,BLD104,2026-03-03 14:00:00,Low Pressure,Low,Yes,Yes,SYNTHETIC_VN_REALISTIC
FLT00810,EQ01050,BLD067,2026-04-30 02:00:00,Valve Stuck,Medium,Yes,Yes,SYNTHETIC_VN_REALISTIC
FLT00811,EQ01092,BLD070,2026-07-13 11:00:00,Low Flow,Medium,Yes,Yes,SYNTHETIC_VN_REALISTIC
FLT00812,EQ00054,BLD004,2026-06-16 03:00:00,Communication Loss,Medium,Yes,Yes,SYNTHETIC_VN_REALISTIC
FLT00813,EQ00308,BLD021,2026-04-10 03:00:00,Abnormal Vibration,High,Yes,Yes,SYNTHETIC_VN_REALISTIC
FLT00814,EQ01115,BLD071,2026-03-13 22:00:00,Low Pressure,Medium,Yes,Yes,SYNTHETIC_VN_REALISTIC
FLT00815,EQ00838,BLD054,2026-05-28 10:00:00,Sensor Drift,Low,Yes,Yes,SYNTHETIC_VN_REALISTIC
FLT00816,EQ01240,BLD079,2026-08-25 19:00:00,Valve Stuck,High,Yes,Yes,SYNTHETIC_VN_REALISTIC
FLT00817,EQ00292,BLD019,2026-07-17 03:00:00,Abnormal Vibration,Critical,Yes,No,SYNTHETIC_VN_REALISTIC
FLT00818,EQ01623,BLD103,2026-03-08 00:00:00,Overcurrent,Medium,Yes,Yes,SYNTHETIC_VN_REALISTIC
FLT00819,EQ00475,BLD030,2026-06-01 17:00:00,Valve Stuck,High,Yes,Yes,SYNTHETIC_VN_REALISTIC
FLT00820,EQ00453,BLD029,2026-03-15 01:00:00,Sensor Drift,Medium,Yes,Yes,SYNTHETIC_VN_REALISTIC
FLT00821,EQ00350,BLD023,2026-05-05 14:00:00,Low Pressure,Medium,Yes,No,SYNTHETIC_VN_REALISTIC
FLT00822,EQ00104,BLD007,2026-02-23 18:00:00,Low Pressure,Medium,Yes,Yes,SYNTHETIC_VN_REALISTIC
FLT00823,EQ00812,BLD053,2026-04-19 17:00:00,Overcurrent,Medium,No,No,SYNTHETIC_VN_REALISTIC
FLT00824,EQ00563,BLD037,2026-05-25 10:00:00,Low Pressure,Medium,Yes,No,SYNTHETIC_VN_REALISTIC
FLT00825,EQ00770,BLD050,2026-09-07 19:00:00,Low Pressure,Low,Yes,Yes,SYNTHETIC_VN_REALISTIC
FLT00826,EQ00140,BLD010,2026-03-29 14:00:00,Valve Stuck,Medium,No,No,SYNTHETIC_VN_REALISTIC
FLT00827,EQ00444,BLD029,2026-08-14 17:00:00,Low Pressure,High,Yes,No,SYNTHETIC_VN_REALISTIC
FLT00828,EQ01025,BLD065,2026-04-17 16:00:00,Sensor Drift,High,Yes,No,SYNTHETIC_VN_REALISTIC
FLT00829,EQ00731,BLD047,2026-07-02 08:00:00,Abnormal Vibration,Medium,Yes,Yes,SYNTHETIC_VN_REALISTIC
FLT00830,EQ00407,BLD027,2026-04-19 10:00:00,Low Flow,Critical,Yes,No,SYNTHETIC_VN_REALISTIC
FLT00831,EQ01649,BLD105,2026-05-16 01:00:00,High Temperature,Critical,Yes,Yes,SYNTHETIC_VN_REALISTIC
FLT00832,EQ01592,BLD101,2026-01-09 17:00:00,Valve Stuck,Medium,Yes,No,SYNTHETIC_VN_REALISTIC
FLT00833,EQ01778,BLD112,2026-08-03 15:00:00,Overcurrent,Critical,Yes,Yes,SYNTHETIC_VN_REALISTIC
FLT00834,EQ00892,BLD057,2026-03-21 19:00:00,High Temperature,Medium,Yes,No,SYNTHETIC_VN_REALISTIC
FLT00835,EQ01759,BLD111,2026-01-18 15:00:00,High Temperature,Low,No,No,SYNTHETIC_VN_REALISTIC
FLT00836,EQ00228,BLD015,2026-07-21 11:00:00,Low Pressure,High,No,No,SYNTHETIC_VN_REALISTIC
FLT00837,EQ01888,BLD119,2026-06-24 20:00:00,Sensor Drift,Medium,Yes,No,SYNTHETIC_VN_REALISTIC
FLT00838,EQ01235,BLD079,2026-01-18 18:00:00,Low Flow,High,Yes,Yes,SYNTHETIC_VN_REALISTIC
FLT00839,EQ00479,BLD031,2026-03-20 04:00:00,Valve Stuck,Critical,Yes,Yes,SYNTHETIC_VN_REALISTIC
FLT00840,EQ00885,BLD057,2026-05-03 00:00:00,Valve Stuck,Medium,Yes,Yes,SYNTHETIC_VN_REALISTIC
FLT00841,EQ00953,BLD061,2026-03-31 22:00:00,Abnormal Vibration,Critical,Yes,Yes,SYNTHETIC_VN_REALISTIC
FLT00842,EQ01258,BLD080,2026-09-03 13:00:00,Valve Stuck,Medium,Yes,Yes,SYNTHETIC_VN_REALISTIC
FLT00843,EQ00296,BLD019,2026-04-03 21:00:00,High Temperature,Low,Yes,Yes,SYNTHETIC_VN_REALISTIC
FLT00844,EQ01445,BLD092,2026-04-06 17:00:00,Valve Stuck,Low,Yes,Yes,SYNTHETIC_VN_REALISTIC
FLT00845,EQ00229,BLD015,2026-07-03 22:00:00,Low Pressure,Critical,No,Yes,SYNTHETIC_VN_REALISTIC
FLT00846,EQ01146,BLD074,2026-06-02 03:00:00,Overcurrent,Critical,No,No,SYNTHETIC_VN_REALISTIC
FLT00847,EQ00245,BLD016,2026-02-16 16:00:00,Sensor Drift,Low,No,Yes,SYNTHETIC_VN_REALISTIC
FLT00848,EQ01812,BLD114,2026-08-30 11:00:00,Low Pressure,Low,Yes,No,SYNTHETIC_VN_REALISTIC
FLT00849,EQ01124,BLD072,2026-05-04 22:00:00,High Temperature,Medium,No,Yes,SYNTHETIC_VN_REALISTIC
FLT00850,EQ00888,BLD057,2026-07-20 05:00:00,Low Flow,High,No,Yes,SYNTHETIC_VN_REALISTIC
FLT00851,EQ00258,BLD017,2026-02-20 21:00:00,High Temperature,Medium,Yes,No,SYNTHETIC_VN_REALISTIC
FLT00852,EQ01281,BLD082,2026-05-11 15:00:00,Sensor Drift,Medium,No,Yes,SYNTHETIC_VN_REALISTIC
FLT00853,EQ01359,BLD087,2026-07-01 10:00:00,Communication Loss,Critical,Yes,Yes,SYNTHETIC_VN_REALISTIC
FLT00854,EQ01799,BLD114,2026-05-02 23:00:00,Low Flow,Low,Yes,Yes,SYNTHETIC_VN_REALISTIC
FLT00855,EQ01847,BLD116,2026-03-08 21:00:00,Communication Loss,Medium,No,Yes,SYNTHETIC_VN_REALISTIC
FLT00856,EQ00424,BLD028,2026-02-15 14:00:00,High Temperature,Medium,Yes,Yes,SYNTHETIC_VN_REALISTIC
FLT00857,EQ00565,BLD037,2026-06-13 18:00:00,Sensor Drift,Low,Yes,Yes,SYNTHETIC_VN_REALISTIC
FLT00858,EQ00838,BLD054,2026-07-31 00:00:00,Low Flow,Medium,Yes,Yes,SYNTHETIC_VN_REALISTIC
FLT00859,EQ01130,BLD073,2026-08-22 11:00:00,Low Pressure,Medium,No,Yes,SYNTHETIC_VN_REALISTIC
FLT00860,EQ00855,BLD055,2026-02-22 05:00:00,Valve Stuck,Low,No,Yes,SYNTHETIC_VN_REALISTIC
FLT00861,EQ01178,BLD076,2026-09-06 06:00:00,Overcurrent,Medium,Yes,No,SYNTHETIC_VN_REALISTIC
FLT00862,EQ01486,BLD094,2026-05-14 15:00:00,Sensor Drift,Low,Yes,Yes,SYNTHETIC_VN_REALISTIC
FLT00863,EQ00978,BLD062,2026-08-19 06:00:00,Low Flow,Medium,No,No,SYNTHETIC_VN_REALISTIC
FLT00864,EQ00389,BLD026,2026-07-27 17:00:00,Valve Stuck,High,Yes,Yes,SYNTHETIC_VN_REALISTIC
FLT00865,EQ01430,BLD091,2026-02-05 07:00:00,High Temperature,High,Yes,No,SYNTHETIC_VN_REALISTIC
FLT00866,EQ01173,BLD075,2026-08-17 18:00:00,Abnormal Vibration,High,Yes,No,SYNTHETIC_VN_REALISTIC
FLT00867,EQ01862,BLD117,2026-05-23 18:00:00,Communication Loss,Medium,Yes,No,SYNTHETIC_VN_REALISTIC
FLT00868,EQ00832,BLD054,2026-04-23 09:00:00,Low Pressure,Medium,Yes,Yes,SYNTHETIC_VN_REALISTIC
FLT00869,EQ00558,BLD036,2026-06-08 15:00:00,Overcurrent,High,Yes,Yes,SYNTHETIC_VN_REALISTIC
FLT00870,EQ00708,BLD046,2026-04-26 05:00:00,Low Flow,Medium,Yes,Yes,SYNTHETIC_VN_REALISTIC
FLT00871,EQ01689,BLD107,2026-06-14 01:00:00,Sensor Drift,Medium,No,Yes,SYNTHETIC_VN_REALISTIC
FLT00872,EQ01874,BLD118,2026-07-01 04:00:00,Sensor Drift,Low,No,Yes,SYNTHETIC_VN_REALISTIC
FLT00873,EQ01087,BLD069,2026-04-11 11:00:00,Overcurrent,Medium,No,No,SYNTHETIC_VN_REALISTIC
FLT00874,EQ00642,BLD042,2026-05-26 00:00:00,Communication Loss,Medium,Yes,No,SYNTHETIC_VN_REALISTIC
FLT00875,EQ01486,BLD094,2026-06-28 22:00:00,Low Flow,Critical,Yes,No,SYNTHETIC_VN_REALISTIC
FLT00876,EQ00987,BLD063,2026-04-08 22:00:00,Sensor Drift,Critical,Yes,No,SYNTHETIC_VN_REALISTIC
FLT00877,EQ01839,BLD116,2026-03-03 23:00:00,Low Flow,Medium,Yes,Yes,SYNTHETIC_VN_REALISTIC
FLT00878,EQ00734,BLD047,2026-08-05 07:00:00,Communication Loss,Medium,No,Yes,SYNTHETIC_VN_REALISTIC
FLT00879,EQ00330,BLD022,2026-03-04 23:00:00,Abnormal Vibration,Critical,Yes,Yes,SYNTHETIC_VN_REALISTIC
FLT00880,EQ01319,BLD084,2026-04-19 05:00:00,Communication Loss,Critical,Yes,Yes,SYNTHETIC_VN_REALISTIC
FLT00881,EQ00919,BLD059,2026-06-04 12:00:00,Overcurrent,Medium,Yes,No,SYNTHETIC_VN_REALISTIC
FLT00882,EQ00616,BLD040,2026-04-02 19:00:00,Abnormal Vibration,Critical,No,Yes,SYNTHETIC_VN_REALISTIC
FLT00883,EQ00478,BLD031,2026-07-02 12:00:00,Low Flow,Medium,No,Yes,SYNTHETIC_VN_REALISTIC
FLT00884,EQ01904,BLD119,2026-08-13 18:00:00,Overcurrent,Medium,No,Yes,SYNTHETIC_VN_REALISTIC
FLT00885,EQ01486,BLD094,2026-05-17 08:00:00,Sensor Drift,Low,No,Yes,SYNTHETIC_VN_REALISTIC
FLT00886,EQ00711,BLD046,2026-05-28 20:00:00,Sensor Drift,Critical,Yes,Yes,SYNTHETIC_VN_REALISTIC
FLT00887,EQ01069,BLD068,2026-06-12 10:00:00,Valve Stuck,High,Yes,No,SYNTHETIC_VN_REALISTIC
FLT00888,EQ00654,BLD043,2026-05-16 16:00:00,Communication Loss,Critical,Yes,Yes,SYNTHETIC_VN_REALISTIC
FLT00889,EQ00339,BLD022,2026-07-20 09:00:00,Valve Stuck,Medium,Yes,Yes,SYNTHETIC_VN_REALISTIC
FLT00890,EQ01103,BLD071,2026-05-24 17:00:00,Overcurrent,High,Yes,Yes,SYNTHETIC_VN_REALISTIC
FLT00891,EQ01172,BLD075,2026-08-21 13:00:00,Abnormal Vibration,High,Yes,Yes,SYNTHETIC_VN_REALISTIC
FLT00892,EQ01407,BLD089,2026-09-03 03:00:00,Communication Loss,Low,No,No,SYNTHETIC_VN_REALISTIC
FLT00893,EQ01244,BLD080,2026-01-12 03:00:00,Overcurrent,Critical,No,Yes,SYNTHETIC_VN_REALISTIC
FLT00894,EQ00596,BLD038,2026-06-02 03:00:00,Sensor Drift,Low,Yes,Yes,SYNTHETIC_VN_REALISTIC
FLT00895,EQ01551,BLD098,2026-06-24 09:00:00,Low Pressure,Critical,No,Yes,SYNTHETIC_VN_REALISTIC
FLT00896,EQ00765,BLD049,2026-09-06 01:00:00,Communication Loss,Low,No,Yes,SYNTHETIC_VN_REALISTIC
FLT00897,EQ01030,BLD065,2026-07-16 15:00:00,Low Pressure,Medium,Yes,Yes,SYNTHETIC_VN_REALISTIC
FLT00898,EQ00909,BLD058,2026-02-25 21:00:00,Low Flow,Medium,Yes,No,SYNTHETIC_VN_REALISTIC
FLT00899,EQ01223,BLD079,2026-06-14 00:00:00,Sensor Drift,Medium,Yes,Yes,SYNTHETIC_VN_REALISTIC
FLT00900,EQ01126,BLD072,2026-07-13 01:00:00,Overcurrent,Low,Yes,Yes,SYNTHETIC_VN_REALISTIC
FLT00901,EQ00739,BLD047,2026-03-21 09:00:00,Communication Loss,High,Yes,Yes,SYNTHETIC_VN_REALISTIC
FLT00902,EQ00993,BLD063,2026-05-24 02:00:00,High Temperature,Critical,Yes,Yes,SYNTHETIC_VN_REALISTIC
FLT00903,EQ00229,BLD015,2026-08-05 23:00:00,Low Flow,Critical,Yes,Yes,SYNTHETIC_VN_REALISTIC
FLT00904,EQ00711,BLD046,2026-03-11 23:00:00,Valve Stuck,Medium,Yes,Yes,SYNTHETIC_VN_REALISTIC
FLT00905,EQ00087,BLD006,2026-03-16 00:00:00,Overcurrent,Medium,Yes,Yes,SYNTHETIC_VN_REALISTIC
FLT00906,EQ00840,BLD054,2026-02-07 13:00:00,Abnormal Vibration,Medium,Yes,No,SYNTHETIC_VN_REALISTIC
FLT00907,EQ00218,BLD015,2026-08-03 19:00:00,Sensor Drift,Critical,Yes,No,SYNTHETIC_VN_REALISTIC
FLT00908,EQ00926,BLD059,2026-05-20 07:00:00,High Temperature,Low,Yes,Yes,SYNTHETIC_VN_REALISTIC
FLT00909,EQ00856,BLD055,2026-07-06 06:00:00,Low Flow,Low,Yes,Yes,SYNTHETIC_VN_REALISTIC
FLT00910,EQ01146,BLD074,2026-05-11 12:00:00,High Temperature,Low,No,Yes,SYNTHETIC_VN_REALISTIC
FLT00911,EQ01409,BLD090,2026-07-16 17:00:00,High Temperature,Critical,No,Yes,SYNTHETIC_VN_REALISTIC
FLT00912,EQ01280,BLD082,2026-04-26 17:00:00,Low Flow,Critical,Yes,Yes,SYNTHETIC_VN_REALISTIC
FLT00913,EQ01918,BLD120,2026-02-24 13:00:00,Low Pressure,Low,No,Yes,SYNTHETIC_VN_REALISTIC
FLT00914,EQ01463,BLD093,2026-07-26 00:00:00,Abnormal Vibration,Medium,Yes,No,SYNTHETIC_VN_REALISTIC
FLT00915,EQ01298,BLD083,2026-08-16 11:00:00,Valve Stuck,High,Yes,Yes,SYNTHETIC_VN_REALISTIC
FLT00916,EQ00536,BLD035,2026-07-06 01:00:00,Communication Loss,Critical,Yes,Yes,SYNTHETIC_VN_REALISTIC
FLT00917,EQ01619,BLD103,2026-09-02 01:00:00,Abnormal Vibration,Critical,Yes,No,SYNTHETIC_VN_REALISTIC
FLT00918,EQ00922,BLD059,2026-05-10 06:00:00,Low Flow,Medium,Yes,No,SYNTHETIC_VN_REALISTIC
FLT00919,EQ01242,BLD080,2026-01-25 16:00:00,Valve Stuck,High,No,Yes,SYNTHETIC_VN_REALISTIC
FLT00920,EQ00756,BLD049,2026-06-04 06:00:00,Overcurrent,High,Yes,Yes,SYNTHETIC_VN_REALISTIC
FLT00921,EQ01181,BLD076,2026-02-23 17:00:00,Abnormal Vibration,Low,Yes,Yes,SYNTHETIC_VN_REALISTIC
FLT00922,EQ01001,BLD064,2026-03-19 16:00:00,Sensor Drift,Medium,Yes,Yes,SYNTHETIC_VN_REALISTIC
FLT00923,EQ01584,BLD100,2026-07-07 08:00:00,High Temperature,Medium,Yes,No,SYNTHETIC_VN_REALISTIC
FLT00924,EQ00505,BLD033,2026-01-13 06:00:00,High Temperature,High,Yes,Yes,SYNTHETIC_VN_REALISTIC
FLT00925,EQ01224,BLD079,2026-02-10 03:00:00,Valve Stuck,Critical,Yes,Yes,SYNTHETIC_VN_REALISTIC
FLT00926,EQ01353,BLD086,2026-02-09 05:00:00,Low Pressure,Low,Yes,Yes,SYNTHETIC_VN_REALISTIC
FLT00927,EQ01431,BLD091,2026-05-14 22:00:00,Sensor Drift,Critical,Yes,Yes,SYNTHETIC_VN_REALISTIC
FLT00928,EQ01751,BLD111,2026-01-19 10:00:00,High Temperature,Critical,Yes,No,SYNTHETIC_VN_REALISTIC
FLT00929,EQ00665,BLD043,2026-01-17 06:00:00,Low Flow,Medium,Yes,Yes,SYNTHETIC_VN_REALISTIC
FLT00930,EQ01848,BLD116,2026-04-26 10:00:00,Valve Stuck,High,Yes,Yes,SYNTHETIC_VN_REALISTIC
FLT00931,EQ01900,BLD119,2026-03-17 15:00:00,Sensor Drift,Medium,Yes,Yes,SYNTHETIC_VN_REALISTIC
FLT00932,EQ00757,BLD049,2026-03-24 19:00:00,Low Pressure,Medium,Yes,Yes,SYNTHETIC_VN_REALISTIC
FLT00933,EQ00116,BLD008,2026-04-07 23:00:00,High Temperature,Critical,Yes,No,SYNTHETIC_VN_REALISTIC
FLT00934,EQ00283,BLD019,2026-06-07 16:00:00,Abnormal Vibration,Critical,Yes,No,SYNTHETIC_VN_REALISTIC
FLT00935,EQ00573,BLD037,2026-07-29 21:00:00,Overcurrent,High,Yes,No,SYNTHETIC_VN_REALISTIC
FLT00936,EQ00293,BLD019,2026-05-17 23:00:00,Sensor Drift,High,Yes,Yes,SYNTHETIC_VN_REALISTIC
FLT00937,EQ00286,BLD019,2026-03-14 07:00:00,Overcurrent,Medium,No,No,SYNTHETIC_VN_REALISTIC
FLT00938,EQ01212,BLD078,2026-06-02 19:00:00,Low Flow,Low,Yes,Yes,SYNTHETIC_VN_REALISTIC
FLT00939,EQ01551,BLD098,2026-02-03 03:00:00,Valve Stuck,Medium,Yes,Yes,SYNTHETIC_VN_REALISTIC
FLT00940,EQ01027,BLD065,2026-07-03 14:00:00,Sensor Drift,Critical,Yes,Yes,SYNTHETIC_VN_REALISTIC
FLT00941,EQ00156,BLD011,2026-03-26 03:00:00,Abnormal Vibration,Critical,Yes,No,SYNTHETIC_VN_REALISTIC
FLT00942,EQ00243,BLD016,2026-01-20 15:00:00,Low Pressure,High,Yes,Yes,SYNTHETIC_VN_REALISTIC
FLT00943,EQ00452,BLD029,2026-06-16 12:00:00,Communication Loss,Critical,Yes,Yes,SYNTHETIC_VN_REALISTIC
FLT00944,EQ01492,BLD095,2026-04-12 10:00:00,Valve Stuck,Low,Yes,Yes,SYNTHETIC_VN_REALISTIC
FLT00945,EQ01229,BLD079,2026-01-04 17:00:00,Abnormal Vibration,Medium,Yes,Yes,SYNTHETIC_VN_REALISTIC
FLT00946,EQ01457,BLD093,2026-05-19 16:00:00,Overcurrent,Medium,Yes,Yes,SYNTHETIC_VN_REALISTIC
FLT00947,EQ00732,BLD047,2026-04-26 09:00:00,Low Pressure,Critical,No,Yes,SYNTHETIC_VN_REALISTIC
FLT00948,EQ01346,BLD086,2026-02-04 16:00:00,Low Pressure,Medium,Yes,Yes,SYNTHETIC_VN_REALISTIC
FLT00949,EQ01263,BLD081,2026-01-17 17:00:00,High Temperature,Medium,Yes,No,SYNTHETIC_VN_REALISTIC
FLT00950,EQ01852,BLD117,2026-06-16 19:00:00,Valve Stuck,Low,Yes,Yes,SYNTHETIC_VN_REALISTIC
FLT00951,EQ00184,BLD013,2026-01-05 06:00:00,High Temperature,High,No,Yes,SYNTHETIC_VN_REALISTIC
FLT00952,EQ01581,BLD100,2026-07-30 20:00:00,Abnormal Vibration,Medium,Yes,No,SYNTHETIC_VN_REALISTIC
FLT00953,EQ00569,BLD037,2026-05-18 17:00:00,Abnormal Vibration,Medium,Yes,Yes,SYNTHETIC_VN_REALISTIC
FLT00954,EQ01398,BLD089,2026-03-29 04:00:00,Low Flow,Medium,Yes,Yes,SYNTHETIC_VN_REALISTIC
FLT00955,EQ01723,BLD110,2026-06-20 06:00:00,Overcurrent,Critical,Yes,Yes,SYNTHETIC_VN_REALISTIC
FLT00956,EQ01382,BLD088,2026-03-28 07:00:00,Overcurrent,Critical,Yes,Yes,SYNTHETIC_VN_REALISTIC
FLT00957,EQ01140,BLD073,2026-04-23 23:00:00,Low Flow,High,Yes,No,SYNTHETIC_VN_REALISTIC
FLT00958,EQ00606,BLD039,2026-04-03 09:00:00,Overcurrent,Medium,No,Yes,SYNTHETIC_VN_REALISTIC
FLT00959,EQ01895,BLD119,2026-06-05 03:00:00,Abnormal Vibration,Critical,No,No,SYNTHETIC_VN_REALISTIC
FLT00960,EQ00525,BLD034,2026-07-20 20:00:00,Low Flow,Medium,Yes,Yes,SYNTHETIC_VN_REALISTIC
FLT00961,EQ00610,BLD039,2026-02-03 11:00:00,Low Flow,Medium,Yes,Yes,SYNTHETIC_VN_REALISTIC
FLT00962,EQ00706,BLD046,2026-08-23 08:00:00,High Temperature,High,Yes,Yes,SYNTHETIC_VN_REALISTIC
FLT00963,EQ01077,BLD069,2026-03-10 17:00:00,Low Pressure,Critical,Yes,Yes,SYNTHETIC_VN_REALISTIC
FLT00964,EQ01324,BLD084,2026-02-06 10:00:00,Valve Stuck,Critical,No,No,SYNTHETIC_VN_REALISTIC
FLT00965,EQ01845,BLD116,2026-01-14 04:00:00,Abnormal Vibration,Medium,Yes,Yes,SYNTHETIC_VN_REALISTIC
FLT00966,EQ00751,BLD048,2026-07-24 08:00:00,Sensor Drift,High,Yes,Yes,SYNTHETIC_VN_REALISTIC
FLT00967,EQ01206,BLD077,2026-06-02 08:00:00,Low Flow,Low,Yes,No,SYNTHETIC_VN_REALISTIC
FLT00968,EQ00345,BLD022,2026-06-20 02:00:00,Valve Stuck,Low,Yes,No,SYNTHETIC_VN_REALISTIC
FLT00969,EQ01582,BLD100,2026-08-09 10:00:00,Abnormal Vibration,High,Yes,Yes,SYNTHETIC_VN_REALISTIC
FLT00970,EQ01218,BLD078,2026-08-09 01:00:00,Low Flow,Medium,Yes,Yes,SYNTHETIC_VN_REALISTIC
FLT00971,EQ00522,BLD034,2026-01-27 17:00:00,Sensor Drift,Low,Yes,Yes,SYNTHETIC_VN_REALISTIC
FLT00972,EQ00129,BLD009,2026-06-24 03:00:00,Low Pressure,Medium,No,Yes,SYNTHETIC_VN_REALISTIC
FLT00973,EQ00671,BLD043,2026-05-06 01:00:00,Low Pressure,High,No,Yes,SYNTHETIC_VN_REALISTIC
FLT00974,EQ00220,BLD015,2026-08-25 23:00:00,Low Pressure,Low,Yes,Yes,SYNTHETIC_VN_REALISTIC
FLT00975,EQ01597,BLD101,2026-02-11 00:00:00,Communication Loss,Medium,Yes,Yes,SYNTHETIC_VN_REALISTIC
FLT00976,EQ01183,BLD076,2026-04-21 14:00:00,Valve Stuck,Critical,Yes,Yes,SYNTHETIC_VN_REALISTIC
FLT00977,EQ01160,BLD074,2026-03-04 03:00:00,Low Pressure,High,No,Yes,SYNTHETIC_VN_REALISTIC
FLT00978,EQ00890,BLD057,2026-04-01 04:00:00,Low Pressure,Low,Yes,Yes,SYNTHETIC_VN_REALISTIC
FLT00979,EQ01051,BLD067,2026-02-08 17:00:00,Overcurrent,Medium,Yes,Yes,SYNTHETIC_VN_REALISTIC
FLT00980,EQ00217,BLD015,2026-05-19 13:00:00,Communication Loss,High,No,Yes,SYNTHETIC_VN_REALISTIC
FLT00981,EQ00543,BLD035,2026-04-13 07:00:00,High Temperature,Low,No,Yes,SYNTHETIC_VN_REALISTIC
FLT00982,EQ00542,BLD035,2026-06-16 07:00:00,Abnormal Vibration,Medium,Yes,Yes,SYNTHETIC_VN_REALISTIC
FLT00983,EQ00740,BLD047,2026-03-29 22:00:00,Sensor Drift,Low,Yes,No,SYNTHETIC_VN_REALISTIC
FLT00984,EQ00467,BLD030,2026-03-05 11:00:00,Abnormal Vibration,Medium,No,No,SYNTHETIC_VN_REALISTIC
FLT00985,EQ01169,BLD075,2026-05-29 02:00:00,Abnormal Vibration,High,Yes,Yes,SYNTHETIC_VN_REALISTIC
FLT00986,EQ00853,BLD055,2026-03-17 20:00:00,Communication Loss,Medium,Yes,Yes,SYNTHETIC_VN_REALISTIC
FLT00987,EQ00679,BLD044,2026-01-26 08:00:00,High Temperature,High,Yes,Yes,SYNTHETIC_VN_REALISTIC
FLT00988,EQ00557,BLD036,2026-08-03 19:00:00,Abnormal Vibration,Medium,Yes,Yes,SYNTHETIC_VN_REALISTIC
FLT00989,EQ01563,BLD099,2026-03-01 16:00:00,Sensor Drift,Low,No,No,SYNTHETIC_VN_REALISTIC
FLT00990,EQ00259,BLD017,2026-07-20 06:00:00,High Temperature,High,Yes,Yes,SYNTHETIC_VN_REALISTIC
FLT00991,EQ00046,BLD003,2026-06-28 05:00:00,Sensor Drift,Medium,Yes,No,SYNTHETIC_VN_REALISTIC
FLT00992,EQ01217,BLD078,2026-05-23 13:00:00,High Temperature,Low,No,Yes,SYNTHETIC_VN_REALISTIC
FLT00993,EQ00856,BLD055,2026-04-19 15:00:00,Low Flow,Critical,Yes,Yes,SYNTHETIC_VN_REALISTIC
FLT00994,EQ01837,BLD115,2026-05-20 02:00:00,Sensor Drift,High,No,Yes,SYNTHETIC_VN_REALISTIC
FLT00995,EQ00903,BLD058,2026-02-01 16:00:00,Valve Stuck,Critical,Yes,Yes,SYNTHETIC_VN_REALISTIC
FLT00996,EQ00689,BLD044,2026-07-06 04:00:00,High Temperature,Low,No,Yes,SYNTHETIC_VN_REALISTIC
FLT00997,EQ01565,BLD099,2026-03-03 00:00:00,Communication Loss,Medium,Yes,Yes,SYNTHETIC_VN_REALISTIC
FLT00998,EQ01109,BLD071,2026-03-14 19:00:00,High Temperature,High,No,Yes,SYNTHETIC_VN_REALISTIC
FLT00999,EQ01226,BLD079,2026-01-04 12:00:00,Low Flow,Critical,Yes,Yes,SYNTHETIC_VN_REALISTIC
FLT01000,EQ00282,BLD019,2026-06-16 18:00:00,Communication Loss,Critical,No,Yes,SYNTHETIC_VN_REALISTIC
FLT01001,EQ01627,BLD103,2026-02-26 22:00:00,Low Flow,High,No,Yes,SYNTHETIC_VN_REALISTIC
FLT01002,EQ00250,BLD016,2026-01-09 12:00:00,Low Pressure,Medium,Yes,Yes,SYNTHETIC_VN_REALISTIC
FLT01003,EQ01162,BLD075,2026-02-05 12:00:00,Abnormal Vibration,Medium,No,Yes,SYNTHETIC_VN_REALISTIC
FLT01004,EQ00753,BLD048,2026-06-17 07:00:00,Valve Stuck,High,Yes,No,SYNTHETIC_VN_REALISTIC
FLT01005,EQ01790,BLD113,2026-08-13 07:00:00,Valve Stuck,High,No,Yes,SYNTHETIC_VN_REALISTIC
FLT01006,EQ00777,BLD050,2026-06-04 10:00:00,High Temperature,Critical,No,Yes,SYNTHETIC_VN_REALISTIC
FLT01007,EQ00072,BLD005,2026-08-20 06:00:00,Overcurrent,Medium,No,Yes,SYNTHETIC_VN_REALISTIC
FLT01008,EQ00432,BLD028,2026-08-09 05:00:00,Sensor Drift,Medium,Yes,Yes,SYNTHETIC_VN_REALISTIC
FLT01009,EQ00485,BLD031,2026-07-24 05:00:00,Overcurrent,Medium,No,Yes,SYNTHETIC_VN_REALISTIC
FLT01010,EQ00882,BLD057,2026-01-04 14:00:00,Low Pressure,Medium,No,Yes,SYNTHETIC_VN_REALISTIC
FLT01011,EQ00489,BLD031,2026-03-26 14:00:00,Sensor Drift,High,No,Yes,SYNTHETIC_VN_REALISTIC
FLT01012,EQ01381,BLD088,2026-06-22 13:00:00,Low Flow,High,No,Yes,SYNTHETIC_VN_REALISTIC
FLT01013,EQ01851,BLD117,2026-07-27 13:00:00,Abnormal Vibration,Low,Yes,No,SYNTHETIC_VN_REALISTIC
FLT01014,EQ01651,BLD105,2026-07-24 03:00:00,Low Pressure,Medium,Yes,Yes,SYNTHETIC_VN_REALISTIC
FLT01015,EQ00820,BLD053,2026-01-06 19:00:00,Low Pressure,Medium,Yes,Yes,SYNTHETIC_VN_REALISTIC
FLT01016,EQ01548,BLD098,2026-01-17 18:00:00,High Temperature,High,Yes,Yes,SYNTHETIC_VN_REALISTIC
FLT01017,EQ01374,BLD088,2026-07-08 07:00:00,Valve Stuck,Medium,Yes,No,SYNTHETIC_VN_REALISTIC
FLT01018,EQ00955,BLD061,2026-05-13 02:00:00,Communication Loss,Medium,Yes,Yes,SYNTHETIC_VN_REALISTIC
FLT01019,EQ00490,BLD031,2026-04-24 21:00:00,Overcurrent,Medium,Yes,Yes,SYNTHETIC_VN_REALISTIC
FLT01020,EQ00298,BLD020,2026-07-27 04:00:00,Communication Loss,High,Yes,Yes,SYNTHETIC_VN_REALISTIC
FLT01021,EQ01407,BLD089,2026-05-22 02:00:00,Sensor Drift,Medium,Yes,Yes,SYNTHETIC_VN_REALISTIC
FLT01022,EQ00318,BLD021,2026-03-11 00:00:00,Valve Stuck,High,Yes,Yes,SYNTHETIC_VN_REALISTIC
FLT01023,EQ00929,BLD059,2026-05-26 02:00:00,Communication Loss,Low,No,Yes,SYNTHETIC_VN_REALISTIC
FLT01024,EQ01699,BLD108,2026-06-12 06:00:00,Low Flow,Low,No,No,SYNTHETIC_VN_REALISTIC
FLT01025,EQ01781,BLD113,2026-04-09 22:00:00,Abnormal Vibration,High,Yes,Yes,SYNTHETIC_VN_REALISTIC
FLT01026,EQ01600,BLD102,2026-02-01 00:00:00,Overcurrent,Medium,Yes,No,SYNTHETIC_VN_REALISTIC
FLT01027,EQ00712,BLD046,2026-03-20 08:00:00,Abnormal Vibration,Low,No,No,SYNTHETIC_VN_REALISTIC
FLT01028,EQ01785,BLD113,2026-01-21 01:00:00,Low Pressure,Medium,Yes,Yes,SYNTHETIC_VN_REALISTIC
FLT01029,EQ01379,BLD088,2026-03-12 01:00:00,Low Flow,Low,Yes,Yes,SYNTHETIC_VN_REALISTIC
FLT01030,EQ01506,BLD096,2026-01-17 09:00:00,High Temperature,Low,Yes,No,SYNTHETIC_VN_REALISTIC
FLT01031,EQ00659,BLD043,2026-06-15 17:00:00,Low Pressure,Critical,No,Yes,SYNTHETIC_VN_REALISTIC
FLT01032,EQ01862,BLD117,2026-02-19 17:00:00,Overcurrent,High,Yes,Yes,SYNTHETIC_VN_REALISTIC
FLT01033,EQ00757,BLD049,2026-08-18 12:00:00,Valve Stuck,Low,No,No,SYNTHETIC_VN_REALISTIC
FLT01034,EQ00653,BLD043,2026-01-01 14:00:00,Low Pressure,Medium,Yes,Yes,SYNTHETIC_VN_REALISTIC
FLT01035,EQ01766,BLD112,2026-02-25 08:00:00,Communication Loss,Medium,Yes,Yes,SYNTHETIC_VN_REALISTIC
FLT01036,EQ00985,BLD063,2026-04-12 00:00:00,Overcurrent,Medium,No,Yes,SYNTHETIC_VN_REALISTIC
FLT01037,EQ00062,BLD005,2026-01-30 12:00:00,Low Pressure,Low,Yes,No,SYNTHETIC_VN_REALISTIC
FLT01038,EQ01872,BLD118,2026-01-09 13:00:00,Low Flow,High,Yes,No,SYNTHETIC_VN_REALISTIC
FLT01039,EQ01514,BLD096,2026-01-17 16:00:00,High Temperature,Medium,Yes,Yes,SYNTHETIC_VN_REALISTIC
FLT01040,EQ01887,BLD119,2026-08-28 21:00:00,High Temperature,Medium,Yes,Yes,SYNTHETIC_VN_REALISTIC
FLT01041,EQ01851,BLD117,2026-06-07 15:00:00,High Temperature,High,Yes,No,SYNTHETIC_VN_REALISTIC
FLT01042,EQ01146,BLD074,2026-06-15 01:00:00,High Temperature,Medium,Yes,No,SYNTHETIC_VN_REALISTIC
FLT01043,EQ00166,BLD012,2026-04-23 05:00:00,Communication Loss,Medium,No,No,SYNTHETIC_VN_REALISTIC
FLT01044,EQ00250,BLD016,2026-07-16 20:00:00,Abnormal Vibration,Medium,Yes,Yes,SYNTHETIC_VN_REALISTIC
FLT01045,EQ01613,BLD103,2026-08-26 01:00:00,Low Pressure,High,No,Yes,SYNTHETIC_VN_REALISTIC
FLT01046,EQ00059,BLD004,2026-02-18 07:00:00,Valve Stuck,Medium,Yes,Yes,SYNTHETIC_VN_REALISTIC
FLT01047,EQ01342,BLD086,2026-08-05 03:00:00,Communication Loss,Medium,Yes,Yes,SYNTHETIC_VN_REALISTIC
FLT01048,EQ01074,BLD068,2026-04-30 17:00:00,Abnormal Vibration,Medium,No,Yes,SYNTHETIC_VN_REALISTIC
FLT01049,EQ01465,BLD093,2026-05-17 21:00:00,Low Pressure,Low,Yes,No,SYNTHETIC_VN_REALISTIC
FLT01050,EQ00941,BLD060,2026-06-19 10:00:00,Abnormal Vibration,Low,No,No,SYNTHETIC_VN_REALISTIC
FLT01051,EQ00773,BLD050,2026-03-05 16:00:00,Communication Loss,High,Yes,Yes,SYNTHETIC_VN_REALISTIC
FLT01052,EQ00792,BLD051,2026-08-14 06:00:00,Overcurrent,Low,Yes,No,SYNTHETIC_VN_REALISTIC
FLT01053,EQ00814,BLD053,2026-05-13 20:00:00,Overcurrent,Medium,No,Yes,SYNTHETIC_VN_REALISTIC
FLT01054,EQ00239,BLD016,2026-08-08 09:00:00,Communication Loss,Medium,No,Yes,SYNTHETIC_VN_REALISTIC
FLT01055,EQ01388,BLD088,2026-06-15 07:00:00,Valve Stuck,Medium,No,No,SYNTHETIC_VN_REALISTIC
FLT01056,EQ01558,BLD099,2026-05-28 05:00:00,Low Pressure,High,Yes,Yes,SYNTHETIC_VN_REALISTIC
FLT01057,EQ00943,BLD060,2026-08-03 13:00:00,Low Flow,High,No,No,SYNTHETIC_VN_REALISTIC
FLT01058,EQ00743,BLD048,2026-03-03 13:00:00,Communication Loss,Low,Yes,Yes,SYNTHETIC_VN_REALISTIC
FLT01059,EQ01722,BLD110,2026-02-15 00:00:00,Communication Loss,Medium,Yes,Yes,SYNTHETIC_VN_REALISTIC
FLT01060,EQ01647,BLD104,2026-02-01 23:00:00,Overcurrent,High,No,Yes,SYNTHETIC_VN_REALISTIC
FLT01061,EQ01295,BLD083,2026-05-02 21:00:00,Sensor Drift,Critical,Yes,No,SYNTHETIC_VN_REALISTIC
FLT01062,EQ01712,BLD109,2026-04-14 08:00:00,Low Pressure,Medium,No,Yes,SYNTHETIC_VN_REALISTIC
FLT01063,EQ01437,BLD092,2026-06-19 17:00:00,Overcurrent,High,Yes,No,SYNTHETIC_VN_REALISTIC
FLT01064,EQ00125,BLD009,2026-05-09 12:00:00,Overcurrent,Medium,Yes,Yes,SYNTHETIC_VN_REALISTIC
FLT01065,EQ01880,BLD118,2026-07-28 05:00:00,Abnormal Vibration,High,No,Yes,SYNTHETIC_VN_REALISTIC
FLT01066,EQ00299,BLD020,2026-05-07 06:00:00,Overcurrent,High,Yes,No,SYNTHETIC_VN_REALISTIC
FLT01067,EQ01861,BLD117,2026-07-21 00:00:00,Sensor Drift,Medium,Yes,No,SYNTHETIC_VN_REALISTIC
FLT01068,EQ00616,BLD040,2026-03-02 20:00:00,High Temperature,Critical,Yes,Yes,SYNTHETIC_VN_REALISTIC
FLT01069,EQ01313,BLD084,2026-08-19 03:00:00,Abnormal Vibration,Low,No,Yes,SYNTHETIC_VN_REALISTIC
FLT01070,EQ00964,BLD061,2026-08-05 06:00:00,Overcurrent,Medium,No,Yes,SYNTHETIC_VN_REALISTIC
FLT01071,EQ01539,BLD097,2026-02-27 00:00:00,Overcurrent,Critical,Yes,Yes,SYNTHETIC_VN_REALISTIC
FLT01072,EQ01168,BLD075,2026-01-07 12:00:00,Abnormal Vibration,Medium,Yes,Yes,SYNTHETIC_VN_REALISTIC
FLT01073,EQ00904,BLD058,2026-01-01 13:00:00,Abnormal Vibration,Medium,Yes,No,SYNTHETIC_VN_REALISTIC
FLT01074,EQ01696,BLD108,2026-04-15 21:00:00,Sensor Drift,Low,Yes,Yes,SYNTHETIC_VN_REALISTIC
FLT01075,EQ00591,BLD038,2026-01-22 22:00:00,Sensor Drift,Medium,Yes,Yes,SYNTHETIC_VN_REALISTIC
FLT01076,EQ01220,BLD079,2026-07-05 05:00:00,Sensor Drift,Medium,Yes,Yes,SYNTHETIC_VN_REALISTIC
FLT01077,EQ00228,BLD015,2026-03-15 07:00:00,High Temperature,Medium,Yes,Yes,SYNTHETIC_VN_REALISTIC
FLT01078,EQ01382,BLD088,2026-01-25 01:00:00,Communication Loss,High,Yes,No,SYNTHETIC_VN_REALISTIC
FLT01079,EQ00438,BLD029,2026-08-13 17:00:00,Sensor Drift,Low,Yes,No,SYNTHETIC_VN_REALISTIC
FLT01080,EQ00880,BLD057,2026-05-11 08:00:00,Valve Stuck,Critical,No,Yes,SYNTHETIC_VN_REALISTIC
FLT01081,EQ00145,BLD010,2026-02-01 15:00:00,Valve Stuck,Critical,No,Yes,SYNTHETIC_VN_REALISTIC
FLT01082,EQ00167,BLD012,2026-05-04 23:00:00,Valve Stuck,Critical,Yes,Yes,SYNTHETIC_VN_REALISTIC
FLT01083,EQ00478,BLD031,2026-01-03 23:00:00,Valve Stuck,Low,No,Yes,SYNTHETIC_VN_REALISTIC
FLT01084,EQ01887,BLD119,2026-05-29 03:00:00,Low Pressure,Low,Yes,Yes,SYNTHETIC_VN_REALISTIC
FLT01085,EQ00651,BLD042,2026-09-05 00:00:00,Sensor Drift,Medium,Yes,Yes,SYNTHETIC_VN_REALISTIC
FLT01086,EQ00330,BLD022,2026-01-30 04:00:00,High Temperature,Critical,Yes,No,SYNTHETIC_VN_REALISTIC
FLT01087,EQ00865,BLD056,2026-07-28 21:00:00,Low Pressure,Medium,Yes,Yes,SYNTHETIC_VN_REALISTIC
FLT01088,EQ01664,BLD106,2026-02-22 02:00:00,Valve Stuck,Medium,Yes,Yes,SYNTHETIC_VN_REALISTIC
FLT01089,EQ01458,BLD093,2026-03-29 12:00:00,Low Flow,Medium,Yes,No,SYNTHETIC_VN_REALISTIC
FLT01090,EQ01793,BLD113,2026-03-13 01:00:00,Abnormal Vibration,Critical,Yes,Yes,SYNTHETIC_VN_REALISTIC
FLT01091,EQ01738,BLD110,2026-05-20 04:00:00,Abnormal Vibration,High,Yes,Yes,SYNTHETIC_VN_REALISTIC
FLT01092,EQ01770,BLD112,2026-07-07 12:00:00,Low Pressure,Medium,Yes,Yes,SYNTHETIC_VN_REALISTIC
FLT01093,EQ01745,BLD111,2026-01-19 08:00:00,Overcurrent,Medium,Yes,Yes,SYNTHETIC_VN_REALISTIC
FLT01094,EQ01657,BLD105,2026-04-21 20:00:00,Sensor Drift,Medium,Yes,No,SYNTHETIC_VN_REALISTIC
FLT01095,EQ01352,BLD086,2026-04-23 05:00:00,Overcurrent,Medium,No,Yes,SYNTHETIC_VN_REALISTIC
FLT01096,EQ00549,BLD036,2026-04-10 07:00:00,Low Pressure,Medium,Yes,Yes,SYNTHETIC_VN_REALISTIC
FLT01097,EQ00449,BLD029,2026-04-27 18:00:00,Low Flow,Low,Yes,Yes,SYNTHETIC_VN_REALISTIC
FLT01098,EQ01815,BLD114,2026-01-09 06:00:00,Valve Stuck,Medium,Yes,Yes,SYNTHETIC_VN_REALISTIC
FLT01099,EQ00927,BLD059,2026-09-02 07:00:00,Overcurrent,Critical,No,Yes,SYNTHETIC_VN_REALISTIC
FLT01100,EQ00699,BLD045,2026-08-02 05:00:00,Sensor Drift,Medium,Yes,Yes,SYNTHETIC_VN_REALISTIC
FLT01101,EQ01680,BLD107,2026-04-23 13:00:00,Low Flow,Critical,No,Yes,SYNTHETIC_VN_REALISTIC
FLT01102,EQ01450,BLD092,2026-02-24 19:00:00,Sensor Drift,Medium,No,Yes,SYNTHETIC_VN_REALISTIC
FLT01103,EQ00799,BLD052,2026-01-21 19:00:00,Sensor Drift,Medium,No,Yes,SYNTHETIC_VN_REALISTIC
FLT01104,EQ00876,BLD057,2026-07-06 19:00:00,Valve Stuck,Critical,No,Yes,SYNTHETIC_VN_REALISTIC
FLT01105,EQ00356,BLD023,2026-01-09 14:00:00,Sensor Drift,Low,Yes,Yes,SYNTHETIC_VN_REALISTIC
FLT01106,EQ01713,BLD109,2026-04-03 15:00:00,Abnormal Vibration,Medium,Yes,Yes,SYNTHETIC_VN_REALISTIC
FLT01107,EQ01456,BLD092,2026-02-08 16:00:00,Abnormal Vibration,High,Yes,Yes,SYNTHETIC_VN_REALISTIC
FLT01108,EQ00531,BLD034,2026-01-20 18:00:00,Abnormal Vibration,Medium,Yes,Yes,SYNTHETIC_VN_REALISTIC
FLT01109,EQ00141,BLD010,2026-06-14 02:00:00,High Temperature,Medium,Yes,Yes,SYNTHETIC_VN_REALISTIC
FLT01110,EQ00280,BLD019,2026-08-10 02:00:00,Low Flow,Medium,No,No,SYNTHETIC_VN_REALISTIC
FLT01111,EQ01358,BLD087,2026-05-18 06:00:00,Sensor Drift,Low,No,Yes,SYNTHETIC_VN_REALISTIC
FLT01112,EQ00002,BLD001,2026-08-13 15:00:00,High Temperature,Critical,Yes,Yes,SYNTHETIC_VN_REALISTIC
FLT01113,EQ00991,BLD063,2026-06-05 14:00:00,Low Pressure,High,No,Yes,SYNTHETIC_VN_REALISTIC
FLT01114,EQ00626,BLD041,2026-06-27 03:00:00,Communication Loss,Medium,Yes,Yes,SYNTHETIC_VN_REALISTIC
FLT01115,EQ01008,BLD064,2026-08-07 16:00:00,Valve Stuck,Medium,No,No,SYNTHETIC_VN_REALISTIC
FLT01116,EQ01868,BLD117,2026-05-22 08:00:00,Sensor Drift,Low,Yes,No,SYNTHETIC_VN_REALISTIC
FLT01117,EQ00163,BLD012,2026-04-19 21:00:00,Sensor Drift,Low,No,Yes,SYNTHETIC_VN_REALISTIC
FLT01118,EQ00944,BLD060,2026-06-20 22:00:00,Abnormal Vibration,Low,No,Yes,SYNTHETIC_VN_REALISTIC
FLT01119,EQ00780,BLD050,2026-07-27 10:00:00,Overcurrent,Medium,Yes,Yes,SYNTHETIC_VN_REALISTIC
FLT01120,EQ01595,BLD101,2026-05-11 15:00:00,Low Flow,Medium,Yes,No,SYNTHETIC_VN_REALISTIC
FLT01121,EQ01847,BLD116,2026-02-21 18:00:00,Sensor Drift,Low,Yes,Yes,SYNTHETIC_VN_REALISTIC
FLT01122,EQ00550,BLD036,2026-03-05 02:00:00,High Temperature,Medium,Yes,Yes,SYNTHETIC_VN_REALISTIC
FLT01123,EQ01258,BLD080,2026-08-17 19:00:00,Low Flow,Critical,Yes,Yes,SYNTHETIC_VN_REALISTIC
FLT01124,EQ00625,BLD041,2026-04-19 05:00:00,Overcurrent,Low,No,No,SYNTHETIC_VN_REALISTIC
FLT01125,EQ01328,BLD085,2026-08-20 14:00:00,High Temperature,High,Yes,No,SYNTHETIC_VN_REALISTIC
FLT01126,EQ01192,BLD077,2026-08-25 16:00:00,Overcurrent,Critical,Yes,Yes,SYNTHETIC_VN_REALISTIC
FLT01127,EQ00386,BLD025,2026-02-05 19:00:00,Abnormal Vibration,Critical,Yes,Yes,SYNTHETIC_VN_REALISTIC
FLT01128,EQ00707,BLD046,2026-05-31 17:00:00,Communication Loss,Critical,No,No,SYNTHETIC_VN_REALISTIC
FLT01129,EQ00869,BLD056,2026-08-19 03:00:00,Abnormal Vibration,High,Yes,Yes,SYNTHETIC_VN_REALISTIC
FLT01130,EQ01499,BLD095,2026-03-09 20:00:00,Communication Loss,Medium,No,Yes,SYNTHETIC_VN_REALISTIC
FLT01131,EQ01529,BLD097,2026-08-16 18:00:00,Low Flow,Low,Yes,Yes,SYNTHETIC_VN_REALISTIC
FLT01132,EQ00853,BLD055,2026-08-26 19:00:00,Valve Stuck,Low,Yes,Yes,SYNTHETIC_VN_REALISTIC
FLT01133,EQ00861,BLD056,2026-07-03 03:00:00,Overcurrent,Low,No,Yes,SYNTHETIC_VN_REALISTIC
FLT01134,EQ00209,BLD014,2026-06-03 17:00:00,Valve Stuck,Medium,No,Yes,SYNTHETIC_VN_REALISTIC
FLT01135,EQ00843,BLD055,2026-06-22 09:00:00,Valve Stuck,Medium,Yes,Yes,SYNTHETIC_VN_REALISTIC
FLT01136,EQ01780,BLD112,2026-04-13 06:00:00,Low Pressure,Critical,Yes,No,SYNTHETIC_VN_REALISTIC
FLT01137,EQ01455,BLD092,2026-02-13 17:00:00,Communication Loss,Medium,No,Yes,SYNTHETIC_VN_REALISTIC
FLT01138,EQ01459,BLD093,2026-02-01 05:00:00,Sensor Drift,Medium,No,Yes,SYNTHETIC_VN_REALISTIC
FLT01139,EQ00228,BLD015,2026-06-13 13:00:00,Overcurrent,Medium,Yes,Yes,SYNTHETIC_VN_REALISTIC
FLT01140,EQ00570,BLD037,2026-02-14 23:00:00,Overcurrent,Medium,No,Yes,SYNTHETIC_VN_REALISTIC
FLT01141,EQ00626,BLD041,2026-02-22 20:00:00,Low Pressure,High,Yes,Yes,SYNTHETIC_VN_REALISTIC
FLT01142,EQ01896,BLD119,2026-08-12 01:00:00,Communication Loss,Medium,No,Yes,SYNTHETIC_VN_REALISTIC
FLT01143,EQ01812,BLD114,2026-04-05 20:00:00,Sensor Drift,High,No,No,SYNTHETIC_VN_REALISTIC
FLT01144,EQ01808,BLD114,2026-06-13 07:00:00,Valve Stuck,Critical,Yes,Yes,SYNTHETIC_VN_REALISTIC
FLT01145,EQ01219,BLD078,2026-01-14 10:00:00,Low Pressure,Medium,Yes,Yes,SYNTHETIC_VN_REALISTIC
FLT01146,EQ01884,BLD119,2026-07-11 19:00:00,High Temperature,Low,No,Yes,SYNTHETIC_VN_REALISTIC
FLT01147,EQ00439,BLD029,2026-05-03 18:00:00,Valve Stuck,Low,No,Yes,SYNTHETIC_VN_REALISTIC
FLT01148,EQ00818,BLD053,2026-06-07 14:00:00,High Temperature,Low,Yes,No,SYNTHETIC_VN_REALISTIC
FLT01149,EQ00861,BLD056,2026-03-03 18:00:00,Communication Loss,High,Yes,No,SYNTHETIC_VN_REALISTIC
FLT01150,EQ00811,BLD053,2026-04-15 17:00:00,Sensor Drift,Low,No,Yes,SYNTHETIC_VN_REALISTIC
FLT01151,EQ00222,BLD015,2026-05-30 14:00:00,Low Pressure,Medium,Yes,Yes,SYNTHETIC_VN_REALISTIC
FLT01152,EQ01526,BLD097,2026-06-21 00:00:00,Abnormal Vibration,Medium,Yes,No,SYNTHETIC_VN_REALISTIC
FLT01153,EQ01028,BLD065,2026-05-09 11:00:00,Overcurrent,Low,Yes,No,SYNTHETIC_VN_REALISTIC
FLT01154,EQ00046,BLD003,2026-04-01 22:00:00,Abnormal Vibration,Low,Yes,No,SYNTHETIC_VN_REALISTIC
FLT01155,EQ00351,BLD023,2026-02-13 15:00:00,Communication Loss,Medium,Yes,Yes,SYNTHETIC_VN_REALISTIC
FLT01156,EQ00215,BLD015,2026-02-23 07:00:00,Communication Loss,Medium,Yes,Yes,SYNTHETIC_VN_REALISTIC
FLT01157,EQ01812,BLD114,2026-06-19 06:00:00,Low Pressure,Low,No,Yes,SYNTHETIC_VN_REALISTIC
FLT01158,EQ01279,BLD082,2026-01-23 18:00:00,Valve Stuck,Low,Yes,No,SYNTHETIC_VN_REALISTIC
FLT01159,EQ00559,BLD036,2026-04-25 22:00:00,High Temperature,High,Yes,Yes,SYNTHETIC_VN_REALISTIC
FLT01160,EQ00999,BLD064,2026-01-19 18:00:00,Low Pressure,Medium,Yes,No,SYNTHETIC_VN_REALISTIC
FLT01161,EQ00610,BLD039,2026-02-20 01:00:00,Low Pressure,Medium,Yes,Yes,SYNTHETIC_VN_REALISTIC
FLT01162,EQ01390,BLD088,2026-03-20 10:00:00,Communication Loss,Medium,Yes,Yes,SYNTHETIC_VN_REALISTIC
FLT01163,EQ00903,BLD058,2026-03-19 18:00:00,Valve Stuck,Low,Yes,Yes,SYNTHETIC_VN_REALISTIC
FLT01164,EQ00954,BLD061,2026-08-29 09:00:00,Valve Stuck,Low,Yes,Yes,SYNTHETIC_VN_REALISTIC
FLT01165,EQ01417,BLD090,2026-03-02 00:00:00,Low Flow,Medium,Yes,Yes,SYNTHETIC_VN_REALISTIC
FLT01166,EQ01573,BLD100,2026-05-07 18:00:00,Low Pressure,Medium,Yes,Yes,SYNTHETIC_VN_REALISTIC
FLT01167,EQ00008,BLD001,2026-05-25 21:00:00,Low Flow,Low,Yes,No,SYNTHETIC_VN_REALISTIC
FLT01168,EQ00690,BLD044,2026-03-25 11:00:00,Valve Stuck,Medium,Yes,No,SYNTHETIC_VN_REALISTIC
FLT01169,EQ01784,BLD113,2026-02-06 22:00:00,Communication Loss,Low,Yes,No,SYNTHETIC_VN_REALISTIC
FLT01170,EQ01147,BLD074,2026-06-28 14:00:00,High Temperature,High,No,No,SYNTHETIC_VN_REALISTIC
FLT01171,EQ00665,BLD043,2026-08-03 15:00:00,Valve Stuck,Critical,Yes,Yes,SYNTHETIC_VN_REALISTIC
FLT01172,EQ00538,BLD035,2026-04-16 15:00:00,Communication Loss,Medium,Yes,No,SYNTHETIC_VN_REALISTIC
FLT01173,EQ00800,BLD052,2026-07-06 11:00:00,Overcurrent,Critical,No,Yes,SYNTHETIC_VN_REALISTIC
FLT01174,EQ00634,BLD041,2026-02-27 09:00:00,Sensor Drift,High,Yes,Yes,SYNTHETIC_VN_REALISTIC
FLT01175,EQ01228,BLD079,2026-04-28 03:00:00,Low Flow,Critical,Yes,No,SYNTHETIC_VN_REALISTIC
FLT01176,EQ01790,BLD113,2026-06-08 16:00:00,Abnormal Vibration,Medium,No,No,SYNTHETIC_VN_REALISTIC
FLT01177,EQ01621,BLD103,2026-01-18 14:00:00,Sensor Drift,High,Yes,No,SYNTHETIC_VN_REALISTIC
FLT01178,EQ01104,BLD071,2026-05-29 08:00:00,Overcurrent,Medium,Yes,Yes,SYNTHETIC_VN_REALISTIC
FLT01179,EQ00408,BLD027,2026-08-24 06:00:00,Low Pressure,Low,Yes,Yes,SYNTHETIC_VN_REALISTIC
FLT01180,EQ01864,BLD117,2026-01-12 17:00:00,Overcurrent,Medium,Yes,Yes,SYNTHETIC_VN_REALISTIC
FLT01181,EQ01149,BLD074,2026-06-21 16:00:00,Sensor Drift,Medium,Yes,Yes,SYNTHETIC_VN_REALISTIC
FLT01182,EQ00502,BLD032,2026-01-12 09:00:00,Overcurrent,Critical,Yes,Yes,SYNTHETIC_VN_REALISTIC
FLT01183,EQ00163,BLD012,2026-05-27 03:00:00,Low Pressure,Medium,No,Yes,SYNTHETIC_VN_REALISTIC
FLT01184,EQ01135,BLD073,2026-07-08 00:00:00,Overcurrent,High,Yes,Yes,SYNTHETIC_VN_REALISTIC
FLT01185,EQ00603,BLD039,2026-08-04 23:00:00,Low Pressure,Medium,Yes,No,SYNTHETIC_VN_REALISTIC
FLT01186,EQ01731,BLD110,2026-01-06 16:00:00,Communication Loss,Low,No,Yes,SYNTHETIC_VN_REALISTIC
FLT01187,EQ01904,BLD119,2026-06-14 00:00:00,Sensor Drift,High,Yes,Yes,SYNTHETIC_VN_REALISTIC
FLT01188,EQ00658,BLD043,2026-02-01 00:00:00,Low Flow,High,Yes,Yes,SYNTHETIC_VN_REALISTIC
FLT01189,EQ00856,BLD055,2026-05-13 00:00:00,Overcurrent,Medium,Yes,Yes,SYNTHETIC_VN_REALISTIC
FLT01190,EQ01865,BLD117,2026-07-14 05:00:00,Valve Stuck,High,No,Yes,SYNTHETIC_VN_REALISTIC
FLT01191,EQ01864,BLD117,2026-04-25 20:00:00,Low Pressure,Medium,Yes,Yes,SYNTHETIC_VN_REALISTIC
FLT01192,EQ00533,BLD034,2026-01-14 20:00:00,Low Pressure,Medium,No,Yes,SYNTHETIC_VN_REALISTIC
FLT01193,EQ00042,BLD003,2026-05-13 10:00:00,High Temperature,Critical,Yes,Yes,SYNTHETIC_VN_REALISTIC
FLT01194,EQ01671,BLD106,2026-03-29 01:00:00,Sensor Drift,Critical,No,Yes,SYNTHETIC_VN_REALISTIC
FLT01195,EQ01211,BLD078,2026-02-22 12:00:00,Low Pressure,Critical,Yes,Yes,SYNTHETIC_VN_REALISTIC
FLT01196,EQ01473,BLD093,2026-07-19 09:00:00,Sensor Drift,Low,Yes,Yes,SYNTHETIC_VN_REALISTIC
FLT01197,EQ01220,BLD079,2026-05-26 19:00:00,Low Pressure,Medium,Yes,No,SYNTHETIC_VN_REALISTIC
FLT01198,EQ01617,BLD103,2026-09-07 16:00:00,High Temperature,Medium,Yes,Yes,SYNTHETIC_VN_REALISTIC
FLT01199,EQ01409,BLD090,2026-07-04 11:00:00,Sensor Drift,Medium,Yes,Yes,SYNTHETIC_VN_REALISTIC
FLT01200,EQ00796,BLD051,2026-05-18 15:00:00,Low Pressure,High,Yes,Yes,SYNTHETIC_VN_REALISTIC
