maintenance_id,equipment_id,building_id,maintenance_date,maintenance_type,work_order_status,downtime_hours,cost_vnd,technician_team,data_origin
MT00001,EQ00896,BLD058,2025-09-17,Calibration,Completed,6.7,3150000,Electrical Vendor,SYNTHETIC_VN_REALISTIC
MT00002,EQ00328,BLD022,2026-01-11,Preventive,Completed,1.8,18350000,FM Team B,SYNTHETIC_VN_REALISTIC
MT00003,EQ00334,BLD022,2025-08-28,Calibration,Completed,6.6,22300000,FM Team A,SYNTHETIC_VN_REALISTIC
MT00004,EQ01511,BLD096,2025-11-06,Cleaning,Completed,9.7,4000000,HVAC Vendor,SYNTHETIC_VN_REALISTIC
MT00005,EQ00831,BLD054,2025-09-30,Inspection,Completed,1.6,11000000,Electrical Vendor,SYNTHETIC_VN_REALISTIC
MT00006,EQ00539,BLD035,2025-07-05,Cleaning,Completed,11.6,12200000,FM Team A,SYNTHETIC_VN_REALISTIC
MT00007,EQ01298,BLD083,2025-05-18,Cleaning,Completed,4.5,22050000,FM Team B,SYNTHETIC_VN_REALISTIC
MT00008,EQ01863,BLD117,2025-10-06,Corrective,In Progress,2.1,200000,FM Team B,SYNTHETIC_VN_REALISTIC
MT00009,EQ01195,BLD077,2025-11-16,Inspection,Completed,6.9,9100000,Plumbing Vendor,SYNTHETIC_VN_REALISTIC
MT00010,EQ00590,BLD038,2025-01-25,Calibration,Completed,2.0,8200000,Plumbing Vendor,SYNTHETIC_VN_REALISTIC
MT00011,EQ00123,BLD008,2026-04-04,Preventive,Completed,8.4,19600000,HVAC Vendor,SYNTHETIC_VN_REALISTIC
MT00012,EQ00799,BLD052,2026-06-04,Corrective,Completed,7.0,9050000,Plumbing Vendor,SYNTHETIC_VN_REALISTIC
MT00013,EQ00626,BLD041,2025-05-24,Preventive,Completed,3.9,2050000,FM Team A,SYNTHETIC_VN_REALISTIC
MT00014,EQ01790,BLD113,2026-02-18,Corrective,Completed,3.2,550000,Electrical Vendor,SYNTHETIC_VN_REALISTIC
MT00015,EQ01272,BLD082,2026-09-12,Corrective,Completed,9.8,3650000,Plumbing Vendor,SYNTHETIC_VN_REALISTIC
MT00016,EQ01434,BLD091,2026-02-24,Inspection,Completed,1.0,7150000,Plumbing Vendor,SYNTHETIC_VN_REALISTIC
MT00017,EQ01261,BLD081,2025-02-19,Corrective,Completed,10.2,24650000,Plumbing Vendor,SYNTHETIC_VN_REALISTIC
MT00018,EQ01031,BLD065,2026-04-23,Corrective,Completed,2.9,17200000,FM Team A,SYNTHETIC_VN_REALISTIC
MT00019,EQ00433,BLD028,2026-05-27,Corrective,Completed,3.4,19500000,FM Team A,SYNTHETIC_VN_REALISTIC
MT00020,EQ01635,BLD104,2026-06-13,Cleaning,Completed,5.2,4500000,HVAC Vendor,SYNTHETIC_VN_REALISTIC
MT00021,EQ00610,BLD039,2025-06-25,Corrective,In Progress,5.8,16550000,Electrical Vendor,SYNTHETIC_VN_REALISTIC
MT00022,EQ01758,BLD111,2025-05-01,Inspection,In Progress,1.3,18650000,Electrical Vendor,SYNTHETIC_VN_REALISTIC
MT00023,EQ00075,BLD005,2026-08-08,Calibration,Completed,10.2,13100000,Plumbing Vendor,SYNTHETIC_VN_REALISTIC
MT00024,EQ00397,BLD026,2026-02-14,Inspection,Completed,4.8,10550000,FM Team B,SYNTHETIC_VN_REALISTIC
MT00025,EQ01355,BLD086,2025-01-03,Calibration,Completed,0.3,1950000,FM Team A,SYNTHETIC_VN_REALISTIC
MT00026,EQ01741,BLD110,2025-03-18,Preventive,Completed,2.2,2750000,HVAC Vendor,SYNTHETIC_VN_REALISTIC
MT00027,EQ00012,BLD001,2026-08-15,Corrective,Open,5.4,1150000,FM Team A,SYNTHETIC_VN_REALISTIC
MT00028,EQ00717,BLD046,2026-02-16,Preventive,Completed,6.3,22600000,Plumbing Vendor,SYNTHETIC_VN_REALISTIC
MT00029,EQ00466,BLD030,2025-04-21,Cleaning,Completed,1.3,23700000,Electrical Vendor,SYNTHETIC_VN_REALISTIC
MT00030,EQ01685,BLD107,2026-03-17,Calibration,Completed,6.5,6000000,Plumbing Vendor,SYNTHETIC_VN_REALISTIC
MT00031,EQ00322,BLD021,2025-09-15,Inspection,Completed,7.2,10550000,FM Team B,SYNTHETIC_VN_REALISTIC
MT00032,EQ00153,BLD011,2026-05-02,Corrective,Completed,5.0,21450000,HVAC Vendor,SYNTHETIC_VN_REALISTIC
MT00033,EQ01498,BLD095,2026-06-25,Preventive,Completed,8.1,7000000,FM Team B,SYNTHETIC_VN_REALISTIC
MT00034,EQ01403,BLD089,2025-01-23,Corrective,Completed,3.1,22750000,FM Team A,SYNTHETIC_VN_REALISTIC
MT00035,EQ00667,BLD043,2025-04-06,Preventive,In Progress,3.4,22300000,FM Team A,SYNTHETIC_VN_REALISTIC
MT00036,EQ01599,BLD101,2026-06-11,Preventive,Completed,8.8,1100000,HVAC Vendor,SYNTHETIC_VN_REALISTIC
MT00037,EQ00139,BLD010,2026-07-09,Corrective,Completed,4.3,22600000,FM Team A,SYNTHETIC_VN_REALISTIC
MT00038,EQ00028,BLD002,2026-07-10,Inspection,In Progress,6.1,7700000,FM Team A,SYNTHETIC_VN_REALISTIC
MT00039,EQ00800,BLD052,2025-11-24,Cleaning,Open,11.3,12200000,FM Team A,SYNTHETIC_VN_REALISTIC
MT00040,EQ00472,BLD030,2026-02-03,Inspection,In Progress,5.1,10700000,FM Team B,SYNTHETIC_VN_REALISTIC
MT00041,EQ01902,BLD119,2026-04-20,Cleaning,In Progress,9.0,13550000,Electrical Vendor,SYNTHETIC_VN_REALISTIC
MT00042,EQ01378,BLD088,2026-09-08,Inspection,Open,4.5,6650000,HVAC Vendor,SYNTHETIC_VN_REALISTIC
MT00043,EQ00602,BLD039,2026-01-24,Preventive,Open,11.5,850000,FM Team A,SYNTHETIC_VN_REALISTIC
MT00044,EQ00691,BLD044,2026-06-13,Cleaning,In Progress,4.8,18050000,Plumbing Vendor,SYNTHETIC_VN_REALISTIC
MT00045,EQ01825,BLD115,2026-07-25,Inspection,Completed,4.9,14550000,FM Team A,SYNTHETIC_VN_REALISTIC
MT00046,EQ01585,BLD100,2025-07-23,Corrective,Completed,5.0,17850000,Plumbing Vendor,SYNTHETIC_VN_REALISTIC
MT00047,EQ00928,BLD059,2025-07-20,Cleaning,Open,11.3,16750000,FM Team A,SYNTHETIC_VN_REALISTIC
MT00048,EQ01357,BLD087,2026-01-12,Preventive,In Progress,3.2,3800000,Electrical Vendor,SYNTHETIC_VN_REALISTIC
MT00049,EQ00039,BLD003,2025-10-02,Inspection,In Progress,4.9,5700000,FM Team B,SYNTHETIC_VN_REALISTIC
MT00050,EQ00337,BLD022,2026-08-09,Preventive,Completed,10.3,9700000,Electrical Vendor,SYNTHETIC_VN_REALISTIC
MT00051,EQ00147,BLD011,2025-10-05,Calibration,Completed,4.4,7700000,HVAC Vendor,SYNTHETIC_VN_REALISTIC
MT00052,EQ01591,BLD101,2025-12-09,Preventive,Completed,4.6,20450000,FM Team A,SYNTHETIC_VN_REALISTIC
MT00053,EQ00284,BLD019,2025-10-30,Preventive,Completed,10.0,17500000,HVAC Vendor,SYNTHETIC_VN_REALISTIC
MT00054,EQ00745,BLD048,2025-11-17,Calibration,In Progress,11.1,22700000,HVAC Vendor,SYNTHETIC_VN_REALISTIC
MT00055,EQ00511,BLD033,2025-09-15,Calibration,In Progress,9.3,11350000,FM Team B,SYNTHETIC_VN_REALISTIC
MT00056,EQ00151,BLD011,2026-03-05,Calibration,Completed,9.7,19550000,Plumbing Vendor,SYNTHETIC_VN_REALISTIC
MT00057,EQ00713,BLD046,2025-01-15,Corrective,Open,0.8,8250000,Electrical Vendor,SYNTHETIC_VN_REALISTIC
MT00058,EQ00461,BLD030,2025-04-13,Corrective,Completed,11.7,14800000,HVAC Vendor,SYNTHETIC_VN_REALISTIC
MT00059,EQ01492,BLD095,2025-11-14,Corrective,Completed,6.9,15950000,Electrical Vendor,SYNTHETIC_VN_REALISTIC
MT00060,EQ00026,BLD002,2025-02-11,Cleaning,Completed,8.3,21300000,HVAC Vendor,SYNTHETIC_VN_REALISTIC
MT00061,EQ00729,BLD047,2025-02-18,Calibration,Completed,12.0,17450000,HVAC Vendor,SYNTHETIC_VN_REALISTIC
MT00062,EQ00188,BLD013,2026-04-22,Corrective,Completed,3.6,23400000,Plumbing Vendor,SYNTHETIC_VN_REALISTIC
MT00063,EQ01578,BLD100,2025-06-23,Cleaning,Open,0.8,21650000,Plumbing Vendor,SYNTHETIC_VN_REALISTIC
MT00064,EQ01053,BLD067,2025-01-22,Inspection,Open,9.3,14500000,Electrical Vendor,SYNTHETIC_VN_REALISTIC
MT00065,EQ01364,BLD087,2025-01-19,Inspection,Completed,6.6,18700000,Electrical Vendor,SYNTHETIC_VN_REALISTIC
MT00066,EQ00226,BLD015,2026-07-13,Corrective,In Progress,10.1,22000000,Plumbing Vendor,SYNTHETIC_VN_REALISTIC
MT00067,EQ00959,BLD061,2026-03-19,Cleaning,Completed,2.2,19550000,FM Team B,SYNTHETIC_VN_REALISTIC
MT00068,EQ00841,BLD054,2026-03-03,Corrective,Completed,10.6,9850000,HVAC Vendor,SYNTHETIC_VN_REALISTIC
MT00069,EQ00365,BLD024,2025-07-06,Cleaning,Open,3.5,2600000,Plumbing Vendor,SYNTHETIC_VN_REALISTIC
MT00070,EQ01297,BLD083,2026-07-11,Inspection,Completed,1.6,7750000,FM Team A,SYNTHETIC_VN_REALISTIC
MT00071,EQ00596,BLD038,2025-05-04,Corrective,Completed,2.0,13450000,Plumbing Vendor,SYNTHETIC_VN_REALISTIC
MT00072,EQ01327,BLD085,2026-05-24,Calibration,Completed,8.2,4250000,FM Team A,SYNTHETIC_VN_REALISTIC
MT00073,EQ01649,BLD105,2025-07-25,Cleaning,In Progress,10.4,24750000,FM Team B,SYNTHETIC_VN_REALISTIC
MT00074,EQ00371,BLD024,2025-08-22,Inspection,Completed,8.9,10750000,HVAC Vendor,SYNTHETIC_VN_REALISTIC
MT00075,EQ01015,BLD064,2025-10-29,Calibration,Open,10.9,24750000,HVAC Vendor,SYNTHETIC_VN_REALISTIC
MT00076,EQ01221,BLD079,2026-02-10,Inspection,Completed,10.0,22300000,Electrical Vendor,SYNTHETIC_VN_REALISTIC
MT00077,EQ01063,BLD068,2026-08-01,Inspection,Completed,0.1,24100000,FM Team B,SYNTHETIC_VN_REALISTIC
MT00078,EQ00087,BLD006,2026-02-26,Calibration,Completed,2.3,15650000,Electrical Vendor,SYNTHETIC_VN_REALISTIC
MT00079,EQ00470,BLD030,2025-10-30,Preventive,Open,8.1,18350000,Electrical Vendor,SYNTHETIC_VN_REALISTIC
MT00080,EQ01237,BLD079,2025-11-22,Preventive,Completed,5.3,11800000,FM Team B,SYNTHETIC_VN_REALISTIC
MT00081,EQ01193,BLD077,2025-11-11,Preventive,In Progress,2.9,1250000,FM Team A,SYNTHETIC_VN_REALISTIC
MT00082,EQ00224,BLD015,2026-04-04,Corrective,Completed,5.8,5750000,Plumbing Vendor,SYNTHETIC_VN_REALISTIC
MT00083,EQ00278,BLD019,2026-04-11,Inspection,Completed,8.8,18950000,Plumbing Vendor,SYNTHETIC_VN_REALISTIC
MT00084,EQ00746,BLD048,2025-03-13,Preventive,Completed,11.4,18850000,HVAC Vendor,SYNTHETIC_VN_REALISTIC
MT00085,EQ01653,BLD105,2025-08-27,Calibration,In Progress,1.2,2800000,FM Team B,SYNTHETIC_VN_REALISTIC
MT00086,EQ00446,BLD029,2026-09-04,Cleaning,Completed,3.2,13850000,FM Team A,SYNTHETIC_VN_REALISTIC
MT00087,EQ00219,BLD015,2025-11-26,Corrective,Completed,9.7,5300000,HVAC Vendor,SYNTHETIC_VN_REALISTIC
MT00088,EQ01675,BLD106,2025-08-01,Calibration,Open,7.0,9800000,FM Team A,SYNTHETIC_VN_REALISTIC
MT00089,EQ01111,BLD071,2025-12-09,Cleaning,Open,6.2,21550000,HVAC Vendor,SYNTHETIC_VN_REALISTIC
MT00090,EQ01527,BLD097,2025-03-28,Calibration,Completed,3.9,10600000,FM Team A,SYNTHETIC_VN_REALISTIC
MT00091,EQ00047,BLD003,2026-01-04,Corrective,In Progress,8.9,19900000,FM Team A,SYNTHETIC_VN_REALISTIC
MT00092,EQ01000,BLD064,2026-06-13,Calibration,Completed,0.4,14400000,FM Team A,SYNTHETIC_VN_REALISTIC
MT00093,EQ00878,BLD057,2025-06-30,Preventive,Completed,4.8,24100000,Plumbing Vendor,SYNTHETIC_VN_REALISTIC
MT00094,EQ00503,BLD032,2025-11-05,Calibration,In Progress,3.5,17650000,Plumbing Vendor,SYNTHETIC_VN_REALISTIC
MT00095,EQ00990,BLD063,2025-12-08,Corrective,Completed,7.0,23700000,FM Team A,SYNTHETIC_VN_REALISTIC
MT00096,EQ00162,BLD012,2025-03-04,Calibration,Completed,11.4,14350000,HVAC Vendor,SYNTHETIC_VN_REALISTIC
MT00097,EQ01648,BLD104,2025-08-07,Calibration,Completed,6.7,13500000,FM Team A,SYNTHETIC_VN_REALISTIC
MT00098,EQ00866,BLD056,2026-06-30,Corrective,Open,7.1,12400000,HVAC Vendor,SYNTHETIC_VN_REALISTIC
MT00099,EQ00924,BLD059,2025-02-23,Preventive,Open,3.6,19850000,Plumbing Vendor,SYNTHETIC_VN_REALISTIC
MT00100,EQ00370,BLD024,2025-07-20,Cleaning,Completed,8.0,16850000,HVAC Vendor,SYNTHETIC_VN_REALISTIC
MT00101,EQ01744,BLD111,2025-01-28,Corrective,Completed,7.6,16050000,Plumbing Vendor,SYNTHETIC_VN_REALISTIC
MT00102,EQ01729,BLD110,2026-07-18,Calibration,Completed,1.4,5400000,FM Team B,SYNTHETIC_VN_REALISTIC
MT00103,EQ01465,BLD093,2025-11-21,Calibration,Completed,6.6,1000000,FM Team A,SYNTHETIC_VN_REALISTIC
MT00104,EQ01670,BLD106,2025-08-25,Calibration,In Progress,6.3,15050000,FM Team B,SYNTHETIC_VN_REALISTIC
MT00105,EQ01432,BLD091,2026-01-05,Preventive,In Progress,3.5,18450000,Electrical Vendor,SYNTHETIC_VN_REALISTIC
MT00106,EQ01545,BLD098,2026-08-04,Cleaning,Open,11.4,12400000,FM Team A,SYNTHETIC_VN_REALISTIC
MT00107,EQ01083,BLD069,2025-12-15,Calibration,Open,4.9,22750000,HVAC Vendor,SYNTHETIC_VN_REALISTIC
MT00108,EQ01106,BLD071,2025-10-08,Preventive,Completed,3.7,16100000,FM Team A,SYNTHETIC_VN_REALISTIC
MT00109,EQ00408,BLD027,2025-03-02,Calibration,Open,1.2,22650000,Plumbing Vendor,SYNTHETIC_VN_REALISTIC
MT00110,EQ01606,BLD102,2025-07-02,Inspection,Completed,2.3,4400000,Plumbing Vendor,SYNTHETIC_VN_REALISTIC
MT00111,EQ00502,BLD032,2025-07-28,Calibration,Completed,2.6,1000000,FM Team B,SYNTHETIC_VN_REALISTIC
MT00112,EQ01160,BLD074,2025-06-15,Corrective,In Progress,3.2,20600000,Electrical Vendor,SYNTHETIC_VN_REALISTIC
MT00113,EQ00663,BLD043,2026-05-14,Cleaning,Completed,0.3,21550000,FM Team B,SYNTHETIC_VN_REALISTIC
MT00114,EQ01794,BLD113,2026-08-31,Corrective,Completed,7.5,11500000,FM Team B,SYNTHETIC_VN_REALISTIC
MT00115,EQ00320,BLD021,2026-03-05,Cleaning,Completed,5.9,6100000,FM Team B,SYNTHETIC_VN_REALISTIC
MT00116,EQ00696,BLD045,2026-09-05,Cleaning,Open,1.6,11000000,Plumbing Vendor,SYNTHETIC_VN_REALISTIC
MT00117,EQ01560,BLD099,2026-06-25,Cleaning,Completed,8.7,10250000,Plumbing Vendor,SYNTHETIC_VN_REALISTIC
MT00118,EQ00564,BLD037,2025-07-17,Cleaning,Completed,5.8,3700000,FM Team B,SYNTHETIC_VN_REALISTIC
MT00119,EQ00536,BLD035,2026-01-05,Inspection,In Progress,3.1,18500000,HVAC Vendor,SYNTHETIC_VN_REALISTIC
MT00120,EQ01362,BLD087,2025-12-13,Inspection,Completed,6.3,11400000,FM Team A,SYNTHETIC_VN_REALISTIC
MT00121,EQ01862,BLD117,2026-04-30,Cleaning,Completed,11.4,18500000,FM Team A,SYNTHETIC_VN_REALISTIC
MT00122,EQ00770,BLD050,2025-09-04,Inspection,Completed,8.4,24000000,FM Team B,SYNTHETIC_VN_REALISTIC
MT00123,EQ01042,BLD067,2025-11-17,Cleaning,Open,11.1,17950000,FM Team B,SYNTHETIC_VN_REALISTIC
MT00124,EQ00677,BLD044,2025-08-28,Preventive,Completed,9.6,23600000,Plumbing Vendor,SYNTHETIC_VN_REALISTIC
MT00125,EQ00540,BLD035,2025-06-25,Cleaning,Completed,9.5,1400000,HVAC Vendor,SYNTHETIC_VN_REALISTIC
MT00126,EQ00340,BLD022,2025-07-03,Inspection,Completed,9.5,17750000,HVAC Vendor,SYNTHETIC_VN_REALISTIC
MT00127,EQ00869,BLD056,2025-03-08,Preventive,In Progress,1.3,16400000,Plumbing Vendor,SYNTHETIC_VN_REALISTIC
MT00128,EQ00347,BLD022,2025-02-18,Inspection,Open,3.1,5300000,FM Team B,SYNTHETIC_VN_REALISTIC
MT00129,EQ00847,BLD055,2025-09-23,Preventive,Completed,8.7,12350000,FM Team B,SYNTHETIC_VN_REALISTIC
MT00130,EQ00403,BLD026,2026-07-03,Cleaning,Open,7.1,21650000,FM Team B,SYNTHETIC_VN_REALISTIC
MT00131,EQ01238,BLD079,2025-07-03,Corrective,Open,5.0,9750000,Electrical Vendor,SYNTHETIC_VN_REALISTIC
MT00132,EQ00781,BLD050,2025-11-28,Inspection,Open,1.0,21950000,Electrical Vendor,SYNTHETIC_VN_REALISTIC
MT00133,EQ00664,BLD043,2025-12-14,Cleaning,Completed,7.0,24250000,HVAC Vendor,SYNTHETIC_VN_REALISTIC
MT00134,EQ01269,BLD081,2025-08-20,Preventive,Completed,9.7,7400000,FM Team A,SYNTHETIC_VN_REALISTIC
MT00135,EQ01694,BLD108,2026-04-20,Cleaning,Completed,6.1,11350000,Plumbing Vendor,SYNTHETIC_VN_REALISTIC
MT00136,EQ01350,BLD086,2026-04-05,Cleaning,Completed,8.0,17750000,HVAC Vendor,SYNTHETIC_VN_REALISTIC
MT00137,EQ01833,BLD115,2025-12-04,Calibration,Completed,7.5,12450000,HVAC Vendor,SYNTHETIC_VN_REALISTIC
MT00138,EQ01863,BLD117,2025-12-16,Calibration,In Progress,3.8,13650000,Electrical Vendor,SYNTHETIC_VN_REALISTIC
MT00139,EQ01329,BLD085,2025-12-20,Inspection,Completed,3.7,19800000,Plumbing Vendor,SYNTHETIC_VN_REALISTIC
MT00140,EQ01410,BLD090,2026-08-01,Inspection,Open,0.0,23150000,FM Team A,SYNTHETIC_VN_REALISTIC
MT00141,EQ01852,BLD117,2025-07-08,Cleaning,Completed,5.1,21850000,Electrical Vendor,SYNTHETIC_VN_REALISTIC
MT00142,EQ01156,BLD074,2025-03-02,Preventive,Completed,11.4,1100000,HVAC Vendor,SYNTHETIC_VN_REALISTIC
MT00143,EQ01369,BLD087,2026-07-25,Preventive,Completed,11.2,7400000,Electrical Vendor,SYNTHETIC_VN_REALISTIC
MT00144,EQ01424,BLD091,2025-10-24,Corrective,Completed,10.2,18500000,FM Team A,SYNTHETIC_VN_REALISTIC
MT00145,EQ00230,BLD015,2025-02-10,Calibration,In Progress,1.2,1400000,FM Team B,SYNTHETIC_VN_REALISTIC
MT00146,EQ01022,BLD065,2026-04-16,Calibration,Completed,10.9,20950000,Electrical Vendor,SYNTHETIC_VN_REALISTIC
MT00147,EQ00322,BLD021,2026-03-19,Cleaning,Completed,5.1,1200000,Plumbing Vendor,SYNTHETIC_VN_REALISTIC
MT00148,EQ00440,BLD029,2025-03-19,Inspection,Completed,1.5,650000,Plumbing Vendor,SYNTHETIC_VN_REALISTIC
MT00149,EQ01899,BLD119,2026-01-13,Calibration,Completed,10.3,5950000,Electrical Vendor,SYNTHETIC_VN_REALISTIC
MT00150,EQ01650,BLD105,2025-03-18,Inspection,Completed,7.6,3550000,FM Team B,SYNTHETIC_VN_REALISTIC
MT00151,EQ00759,BLD049,2025-01-23,Cleaning,Completed,2.8,21400000,FM Team B,SYNTHETIC_VN_REALISTIC
MT00152,EQ00762,BLD049,2026-09-13,Corrective,In Progress,3.7,24600000,HVAC Vendor,SYNTHETIC_VN_REALISTIC
MT00153,EQ01672,BLD106,2026-01-09,Preventive,Open,7.6,5550000,Plumbing Vendor,SYNTHETIC_VN_REALISTIC
MT00154,EQ00456,BLD030,2025-03-03,Preventive,Completed,4.0,24500000,Plumbing Vendor,SYNTHETIC_VN_REALISTIC
MT00155,EQ00063,BLD005,2026-06-20,Calibration,Open,1.8,18850000,HVAC Vendor,SYNTHETIC_VN_REALISTIC
MT00156,EQ01626,BLD103,2026-03-06,Preventive,Completed,3.9,10250000,FM Team A,SYNTHETIC_VN_REALISTIC
MT00157,EQ00129,BLD009,2025-09-03,Corrective,Completed,0.2,23200000,Electrical Vendor,SYNTHETIC_VN_REALISTIC
MT00158,EQ01014,BLD064,2025-10-09,Calibration,Completed,4.5,21850000,Electrical Vendor,SYNTHETIC_VN_REALISTIC
MT00159,EQ01195,BLD077,2025-02-17,Preventive,Completed,2.4,6950000,FM Team B,SYNTHETIC_VN_REALISTIC
MT00160,EQ00452,BLD029,2026-01-12,Calibration,Completed,9.2,16800000,Electrical Vendor,SYNTHETIC_VN_REALISTIC
MT00161,EQ00470,BLD030,2026-07-08,Preventive,Open,2.7,6700000,FM Team A,SYNTHETIC_VN_REALISTIC
MT00162,EQ01679,BLD107,2026-06-04,Inspection,Completed,10.3,19500000,FM Team B,SYNTHETIC_VN_REALISTIC
MT00163,EQ01202,BLD077,2025-10-30,Calibration,In Progress,4.5,24750000,Electrical Vendor,SYNTHETIC_VN_REALISTIC
MT00164,EQ01361,BLD087,2026-08-22,Calibration,Open,0.3,4550000,Electrical Vendor,SYNTHETIC_VN_REALISTIC
MT00165,EQ00618,BLD040,2025-12-23,Calibration,Completed,2.9,3850000,Electrical Vendor,SYNTHETIC_VN_REALISTIC
MT00166,EQ01458,BLD093,2025-11-09,Corrective,Completed,6.8,15800000,FM Team A,SYNTHETIC_VN_REALISTIC
MT00167,EQ00188,BLD013,2026-03-02,Preventive,Completed,7.9,6200000,FM Team A,SYNTHETIC_VN_REALISTIC
MT00168,EQ01481,BLD094,2025-02-22,Inspection,Open,2.5,1500000,HVAC Vendor,SYNTHETIC_VN_REALISTIC
MT00169,EQ00462,BLD030,2025-10-09,Calibration,Completed,5.3,1000000,Plumbing Vendor,SYNTHETIC_VN_REALISTIC
MT00170,EQ00673,BLD043,2025-05-13,Corrective,Completed,9.6,22350000,FM Team A,SYNTHETIC_VN_REALISTIC
MT00171,EQ01920,BLD120,2025-05-13,Inspection,Completed,7.9,14900000,FM Team B,SYNTHETIC_VN_REALISTIC
MT00172,EQ01666,BLD106,2025-12-07,Corrective,In Progress,0.3,2850000,HVAC Vendor,SYNTHETIC_VN_REALISTIC
MT00173,EQ00324,BLD021,2025-09-27,Preventive,Open,11.5,15000000,HVAC Vendor,SYNTHETIC_VN_REALISTIC
MT00174,EQ00507,BLD033,2026-02-11,Preventive,Completed,7.4,15600000,HVAC Vendor,SYNTHETIC_VN_REALISTIC
MT00175,EQ01090,BLD070,2025-03-23,Preventive,Completed,2.1,9150000,Plumbing Vendor,SYNTHETIC_VN_REALISTIC
MT00176,EQ01917,BLD120,2025-01-18,Calibration,In Progress,5.1,16350000,Electrical Vendor,SYNTHETIC_VN_REALISTIC
MT00177,EQ00388,BLD026,2026-08-04,Cleaning,Completed,2.0,5650000,FM Team B,SYNTHETIC_VN_REALISTIC
MT00178,EQ00539,BLD035,2025-09-18,Calibration,Completed,3.8,850000,FM Team B,SYNTHETIC_VN_REALISTIC
MT00179,EQ01488,BLD094,2026-02-05,Inspection,Open,11.5,22750000,Electrical Vendor,SYNTHETIC_VN_REALISTIC
MT00180,EQ01815,BLD114,2025-11-26,Cleaning,In Progress,3.6,24100000,FM Team A,SYNTHETIC_VN_REALISTIC
MT00181,EQ00141,BLD010,2025-05-07,Preventive,In Progress,7.9,19500000,FM Team A,SYNTHETIC_VN_REALISTIC
MT00182,EQ01803,BLD114,2025-11-05,Cleaning,Open,2.6,1000000,Electrical Vendor,SYNTHETIC_VN_REALISTIC
MT00183,EQ00593,BLD038,2026-04-26,Calibration,Completed,6.5,23650000,HVAC Vendor,SYNTHETIC_VN_REALISTIC
MT00184,EQ01381,BLD088,2026-06-15,Preventive,Completed,5.8,23350000,Electrical Vendor,SYNTHETIC_VN_REALISTIC
MT00185,EQ00904,BLD058,2026-03-09,Corrective,Completed,8.4,12550000,FM Team B,SYNTHETIC_VN_REALISTIC
MT00186,EQ00302,BLD020,2025-05-22,Calibration,Open,1.1,20500000,FM Team A,SYNTHETIC_VN_REALISTIC
MT00187,EQ00535,BLD035,2025-02-16,Inspection,Completed,11.2,6750000,Plumbing Vendor,SYNTHETIC_VN_REALISTIC
MT00188,EQ00021,BLD002,2026-08-20,Preventive,Completed,10.9,12100000,Electrical Vendor,SYNTHETIC_VN_REALISTIC
MT00189,EQ01854,BLD117,2026-05-27,Calibration,Completed,6.5,12500000,Electrical Vendor,SYNTHETIC_VN_REALISTIC
MT00190,EQ00976,BLD062,2025-09-09,Preventive,Completed,6.1,10700000,Plumbing Vendor,SYNTHETIC_VN_REALISTIC
MT00191,EQ01743,BLD110,2026-09-01,Cleaning,Completed,0.3,16450000,Plumbing Vendor,SYNTHETIC_VN_REALISTIC
MT00192,EQ01762,BLD111,2025-10-26,Preventive,In Progress,8.7,14100000,FM Team B,SYNTHETIC_VN_REALISTIC
MT00193,EQ01366,BLD087,2025-12-03,Calibration,Completed,2.7,1600000,HVAC Vendor,SYNTHETIC_VN_REALISTIC
MT00194,EQ01855,BLD117,2025-10-08,Calibration,Completed,9.4,13150000,FM Team B,SYNTHETIC_VN_REALISTIC
MT00195,EQ00421,BLD028,2025-01-05,Inspection,In Progress,2.5,8300000,FM Team B,SYNTHETIC_VN_REALISTIC
MT00196,EQ01197,BLD077,2025-08-26,Cleaning,Completed,6.1,4200000,FM Team A,SYNTHETIC_VN_REALISTIC
MT00197,EQ01087,BLD069,2026-08-24,Calibration,Completed,10.9,4050000,HVAC Vendor,SYNTHETIC_VN_REALISTIC
MT00198,EQ00908,BLD058,2025-11-14,Cleaning,Completed,1.0,3200000,Electrical Vendor,SYNTHETIC_VN_REALISTIC
MT00199,EQ01836,BLD115,2026-08-09,Inspection,Completed,0.1,7850000,HVAC Vendor,SYNTHETIC_VN_REALISTIC
MT00200,EQ01112,BLD071,2026-09-13,Inspection,Completed,8.4,20250000,FM Team B,SYNTHETIC_VN_REALISTIC
MT00201,EQ00235,BLD016,2026-04-29,Cleaning,Open,5.8,20700000,FM Team B,SYNTHETIC_VN_REALISTIC
MT00202,EQ00254,BLD017,2025-02-04,Corrective,Completed,4.5,21400000,HVAC Vendor,SYNTHETIC_VN_REALISTIC
MT00203,EQ00382,BLD025,2026-09-10,Inspection,Completed,1.3,7400000,Electrical Vendor,SYNTHETIC_VN_REALISTIC
MT00204,EQ00646,BLD042,2026-08-27,Preventive,Completed,3.3,20100000,HVAC Vendor,SYNTHETIC_VN_REALISTIC
MT00205,EQ00751,BLD048,2025-07-24,Inspection,Completed,0.9,14700000,Electrical Vendor,SYNTHETIC_VN_REALISTIC
MT00206,EQ01230,BLD079,2026-02-24,Corrective,Completed,1.7,19150000,FM Team A,SYNTHETIC_VN_REALISTIC
MT00207,EQ01416,BLD090,2025-07-10,Preventive,Open,11.9,8050000,HVAC Vendor,SYNTHETIC_VN_REALISTIC
MT00208,EQ00194,BLD014,2025-05-05,Cleaning,In Progress,11.9,20800000,FM Team A,SYNTHETIC_VN_REALISTIC
MT00209,EQ00996,BLD064,2026-01-28,Cleaning,In Progress,11.6,5750000,Plumbing Vendor,SYNTHETIC_VN_REALISTIC
MT00210,EQ01145,BLD073,2025-01-17,Corrective,Completed,0.9,24950000,Plumbing Vendor,SYNTHETIC_VN_REALISTIC
MT00211,EQ01658,BLD105,2025-01-07,Corrective,Open,3.2,19950000,Electrical Vendor,SYNTHETIC_VN_REALISTIC
MT00212,EQ01591,BLD101,2026-03-23,Inspection,Completed,0.1,19300000,FM Team A,SYNTHETIC_VN_REALISTIC
MT00213,EQ00038,BLD003,2025-01-03,Calibration,Open,7.4,24550000,Plumbing Vendor,SYNTHETIC_VN_REALISTIC
MT00214,EQ00497,BLD032,2026-07-08,Corrective,Completed,3.2,800000,FM Team B,SYNTHETIC_VN_REALISTIC
MT00215,EQ01446,BLD092,2025-06-28,Calibration,In Progress,7.9,22650000,HVAC Vendor,SYNTHETIC_VN_REALISTIC
MT00216,EQ01285,BLD082,2026-07-25,Corrective,In Progress,11.2,19550000,Electrical Vendor,SYNTHETIC_VN_REALISTIC
MT00217,EQ01504,BLD096,2026-03-01,Corrective,Completed,0.8,500000,Electrical Vendor,SYNTHETIC_VN_REALISTIC
MT00218,EQ00452,BLD029,2025-02-03,Cleaning,Open,8.3,7250000,Electrical Vendor,SYNTHETIC_VN_REALISTIC
MT00219,EQ01540,BLD098,2026-05-31,Preventive,In Progress,2.5,21150000,Plumbing Vendor,SYNTHETIC_VN_REALISTIC
MT00220,EQ01388,BLD088,2026-08-11,Inspection,Completed,8.3,5850000,FM Team A,SYNTHETIC_VN_REALISTIC
MT00221,EQ00517,BLD034,2026-08-13,Calibration,Completed,9.0,20000000,FM Team B,SYNTHETIC_VN_REALISTIC
MT00222,EQ01864,BLD117,2026-06-17,Cleaning,Completed,10.8,900000,FM Team A,SYNTHETIC_VN_REALISTIC
MT00223,EQ01895,BLD119,2025-09-08,Inspection,Completed,2.3,2450000,FM Team A,SYNTHETIC_VN_REALISTIC
MT00224,EQ01347,BLD086,2026-05-07,Calibration,Open,11.3,6150000,Electrical Vendor,SYNTHETIC_VN_REALISTIC
MT00225,EQ01807,BLD114,2025-11-13,Calibration,Completed,9.9,12300000,Plumbing Vendor,SYNTHETIC_VN_REALISTIC
MT00226,EQ00225,BLD015,2025-07-29,Cleaning,Completed,7.2,17900000,HVAC Vendor,SYNTHETIC_VN_REALISTIC
MT00227,EQ00401,BLD026,2025-05-24,Preventive,Completed,6.3,400000,HVAC Vendor,SYNTHETIC_VN_REALISTIC
MT00228,EQ01689,BLD107,2025-12-31,Inspection,Completed,11.7,20750000,Electrical Vendor,SYNTHETIC_VN_REALISTIC
MT00229,EQ01605,BLD102,2026-06-15,Cleaning,Completed,6.0,200000,FM Team A,SYNTHETIC_VN_REALISTIC
MT00230,EQ01821,BLD115,2025-12-26,Preventive,Completed,5.1,3650000,HVAC Vendor,SYNTHETIC_VN_REALISTIC
MT00231,EQ00709,BLD046,2026-01-15,Preventive,Completed,9.6,8250000,Electrical Vendor,SYNTHETIC_VN_REALISTIC
MT00232,EQ00827,BLD053,2026-01-12,Inspection,Open,11.3,13950000,FM Team B,SYNTHETIC_VN_REALISTIC
MT00233,EQ01698,BLD108,2025-10-18,Preventive,Open,9.1,10850000,Plumbing Vendor,SYNTHETIC_VN_REALISTIC
MT00234,EQ00239,BLD016,2026-08-13,Cleaning,Completed,6.6,22700000,Plumbing Vendor,SYNTHETIC_VN_REALISTIC
MT00235,EQ00057,BLD004,2025-12-05,Preventive,Open,2.4,6600000,Electrical Vendor,SYNTHETIC_VN_REALISTIC
MT00236,EQ00652,BLD042,2025-08-07,Cleaning,In Progress,9.9,10400000,Electrical Vendor,SYNTHETIC_VN_REALISTIC
MT00237,EQ00390,BLD026,2026-09-05,Corrective,Open,12.0,1850000,Electrical Vendor,SYNTHETIC_VN_REALISTIC
MT00238,EQ00444,BLD029,2025-01-28,Calibration,In Progress,5.3,12250000,Plumbing Vendor,SYNTHETIC_VN_REALISTIC
MT00239,EQ00163,BLD012,2025-12-14,Preventive,Completed,0.0,17350000,FM Team B,SYNTHETIC_VN_REALISTIC
MT00240,EQ00193,BLD014,2026-02-01,Inspection,Completed,6.9,8150000,Electrical Vendor,SYNTHETIC_VN_REALISTIC
MT00241,EQ01199,BLD077,2025-02-02,Corrective,Completed,10.1,14650000,Plumbing Vendor,SYNTHETIC_VN_REALISTIC
MT00242,EQ01691,BLD108,2025-12-19,Corrective,Completed,5.0,5300000,FM Team B,SYNTHETIC_VN_REALISTIC
MT00243,EQ00197,BLD014,2025-02-08,Calibration,Completed,6.8,6650000,Plumbing Vendor,SYNTHETIC_VN_REALISTIC
MT00244,EQ01593,BLD101,2026-03-30,Inspection,Open,5.8,22150000,FM Team A,SYNTHETIC_VN_REALISTIC
MT00245,EQ01093,BLD070,2026-02-16,Calibration,Completed,11.7,4000000,FM Team B,SYNTHETIC_VN_REALISTIC
MT00246,EQ01055,BLD068,2026-01-14,Calibration,Completed,9.0,23600000,Plumbing Vendor,SYNTHETIC_VN_REALISTIC
MT00247,EQ01336,BLD086,2025-01-25,Corrective,Completed,11.9,13750000,Plumbing Vendor,SYNTHETIC_VN_REALISTIC
MT00248,EQ00092,BLD006,2025-06-10,Corrective,Completed,3.2,21150000,FM Team B,SYNTHETIC_VN_REALISTIC
MT00249,EQ01144,BLD073,2026-03-08,Calibration,Open,4.8,13600000,Plumbing Vendor,SYNTHETIC_VN_REALISTIC
MT00250,EQ01367,BLD087,2025-12-02,Inspection,Completed,8.2,550000,Electrical Vendor,SYNTHETIC_VN_REALISTIC
MT00251,EQ00224,BLD015,2025-04-28,Calibration,Completed,8.2,10100000,FM Team A,SYNTHETIC_VN_REALISTIC
MT00252,EQ00036,BLD003,2025-01-14,Preventive,Completed,2.9,5100000,FM Team B,SYNTHETIC_VN_REALISTIC
MT00253,EQ00392,BLD026,2025-01-26,Cleaning,Open,10.2,9000000,Electrical Vendor,SYNTHETIC_VN_REALISTIC
MT00254,EQ01013,BLD064,2025-02-04,Inspection,Open,10.1,16100000,Electrical Vendor,SYNTHETIC_VN_REALISTIC
MT00255,EQ01436,BLD092,2025-02-26,Inspection,Completed,9.2,17050000,FM Team B,SYNTHETIC_VN_REALISTIC
MT00256,EQ01317,BLD084,2025-08-18,Corrective,In Progress,7.5,3000000,FM Team B,SYNTHETIC_VN_REALISTIC
MT00257,EQ01500,BLD095,2026-02-17,Cleaning,Completed,9.1,1450000,HVAC Vendor,SYNTHETIC_VN_REALISTIC
MT00258,EQ01544,BLD098,2025-09-16,Inspection,Completed,0.2,800000,FM Team A,SYNTHETIC_VN_REALISTIC
MT00259,EQ01453,BLD092,2025-06-18,Cleaning,Completed,5.1,7700000,Plumbing Vendor,SYNTHETIC_VN_REALISTIC
MT00260,EQ00115,BLD008,2026-08-05,Corrective,In Progress,3.8,21000000,FM Team A,SYNTHETIC_VN_REALISTIC
MT00261,EQ00606,BLD039,2025-03-08,Calibration,Completed,3.8,14600000,FM Team B,SYNTHETIC_VN_REALISTIC
MT00262,EQ00176,BLD013,2026-06-06,Calibration,Open,11.0,17800000,Electrical Vendor,SYNTHETIC_VN_REALISTIC
MT00263,EQ01609,BLD102,2026-09-01,Preventive,Open,4.1,17900000,FM Team B,SYNTHETIC_VN_REALISTIC
MT00264,EQ01201,BLD077,2025-07-15,Inspection,Completed,10.8,11400000,Electrical Vendor,SYNTHETIC_VN_REALISTIC
MT00265,EQ00738,BLD047,2025-08-09,Corrective,Completed,10.4,14950000,FM Team A,SYNTHETIC_VN_REALISTIC
MT00266,EQ00884,BLD057,2026-04-05,Cleaning,Completed,10.3,22350000,HVAC Vendor,SYNTHETIC_VN_REALISTIC
MT00267,EQ01334,BLD085,2025-01-07,Calibration,Completed,3.0,11600000,Plumbing Vendor,SYNTHETIC_VN_REALISTIC
MT00268,EQ00159,BLD011,2025-09-01,Calibration,Open,2.4,250000,Plumbing Vendor,SYNTHETIC_VN_REALISTIC
MT00269,EQ01159,BLD074,2026-03-22,Inspection,In Progress,1.9,1150000,HVAC Vendor,SYNTHETIC_VN_REALISTIC
MT00270,EQ01390,BLD088,2025-10-25,Corrective,Completed,1.0,17050000,FM Team B,SYNTHETIC_VN_REALISTIC
MT00271,EQ00639,BLD042,2025-09-28,Calibration,Completed,6.1,14750000,FM Team A,SYNTHETIC_VN_REALISTIC
MT00272,EQ00943,BLD060,2025-03-30,Inspection,Open,6.8,13800000,FM Team B,SYNTHETIC_VN_REALISTIC
MT00273,EQ01020,BLD065,2025-08-19,Calibration,In Progress,3.8,17600000,HVAC Vendor,SYNTHETIC_VN_REALISTIC
MT00274,EQ00069,BLD005,2025-04-20,Corrective,Open,11.2,2850000,FM Team A,SYNTHETIC_VN_REALISTIC
MT00275,EQ00130,BLD009,2025-08-15,Corrective,Open,2.2,21000000,FM Team B,SYNTHETIC_VN_REALISTIC
MT00276,EQ01881,BLD118,2025-03-20,Preventive,In Progress,1.7,24050000,Plumbing Vendor,SYNTHETIC_VN_REALISTIC
MT00277,EQ00176,BLD013,2025-10-26,Preventive,In Progress,3.4,15750000,Plumbing Vendor,SYNTHETIC_VN_REALISTIC
MT00278,EQ00137,BLD010,2026-06-25,Corrective,In Progress,7.9,24650000,HVAC Vendor,SYNTHETIC_VN_REALISTIC
MT00279,EQ00061,BLD004,2026-06-14,Inspection,Completed,9.7,16050000,Electrical Vendor,SYNTHETIC_VN_REALISTIC
MT00280,EQ00566,BLD037,2025-09-05,Cleaning,Completed,6.2,15700000,Electrical Vendor,SYNTHETIC_VN_REALISTIC
MT00281,EQ00893,BLD057,2026-06-09,Inspection,Completed,0.8,19400000,Electrical Vendor,SYNTHETIC_VN_REALISTIC
MT00282,EQ00230,BLD015,2025-11-27,Calibration,Completed,2.2,13800000,FM Team A,SYNTHETIC_VN_REALISTIC
MT00283,EQ00021,BLD002,2025-03-01,Cleaning,Completed,5.6,16850000,Electrical Vendor,SYNTHETIC_VN_REALISTIC
MT00284,EQ00816,BLD053,2026-06-30,Preventive,Completed,11.2,12650000,FM Team B,SYNTHETIC_VN_REALISTIC
MT00285,EQ00019,BLD001,2025-07-03,Inspection,Completed,5.0,14700000,HVAC Vendor,SYNTHETIC_VN_REALISTIC
MT00286,EQ01681,BLD107,2026-06-17,Calibration,Completed,7.8,7500000,FM Team B,SYNTHETIC_VN_REALISTIC
MT00287,EQ00748,BLD048,2026-06-12,Preventive,Completed,4.4,8400000,FM Team A,SYNTHETIC_VN_REALISTIC
MT00288,EQ01074,BLD068,2025-07-21,Calibration,Completed,10.5,23850000,Electrical Vendor,SYNTHETIC_VN_REALISTIC
MT00289,EQ01097,BLD070,2026-02-11,Calibration,In Progress,7.6,16200000,FM Team B,SYNTHETIC_VN_REALISTIC
MT00290,EQ00605,BLD039,2025-11-11,Calibration,Completed,4.4,4650000,FM Team A,SYNTHETIC_VN_REALISTIC
MT00291,EQ01069,BLD068,2025-12-20,Preventive,Completed,3.7,4900000,Electrical Vendor,SYNTHETIC_VN_REALISTIC
MT00292,EQ01683,BLD107,2025-03-29,Calibration,Completed,10.5,2400000,FM Team A,SYNTHETIC_VN_REALISTIC
MT00293,EQ01847,BLD116,2025-06-11,Cleaning,Completed,4.5,23100000,Electrical Vendor,SYNTHETIC_VN_REALISTIC
MT00294,EQ01003,BLD064,2026-02-09,Inspection,In Progress,1.2,5350000,FM Team A,SYNTHETIC_VN_REALISTIC
MT00295,EQ00033,BLD002,2025-09-16,Preventive,In Progress,4.9,9450000,Electrical Vendor,SYNTHETIC_VN_REALISTIC
MT00296,EQ01844,BLD116,2026-02-09,Calibration,In Progress,9.6,5900000,Electrical Vendor,SYNTHETIC_VN_REALISTIC
MT00297,EQ00510,BLD033,2025-12-03,Cleaning,Completed,8.6,21450000,Electrical Vendor,SYNTHETIC_VN_REALISTIC
MT00298,EQ01182,BLD076,2025-08-28,Cleaning,Completed,7.9,4150000,FM Team B,SYNTHETIC_VN_REALISTIC
MT00299,EQ00067,BLD005,2025-06-27,Cleaning,Completed,0.2,10750000,FM Team B,SYNTHETIC_VN_REALISTIC
MT00300,EQ00187,BLD013,2025-12-31,Calibration,Completed,3.7,17050000,HVAC Vendor,SYNTHETIC_VN_REALISTIC
MT00301,EQ00418,BLD028,2025-08-17,Cleaning,In Progress,1.5,14700000,Plumbing Vendor,SYNTHETIC_VN_REALISTIC
MT00302,EQ00954,BLD061,2025-06-01,Inspection,Open,3.7,22250000,FM Team B,SYNTHETIC_VN_REALISTIC
MT00303,EQ01912,BLD120,2026-01-25,Corrective,Open,1.6,14700000,FM Team B,SYNTHETIC_VN_REALISTIC
MT00304,EQ01352,BLD086,2025-08-31,Calibration,Completed,9.0,11750000,FM Team B,SYNTHETIC_VN_REALISTIC
MT00305,EQ01257,BLD080,2026-01-09,Cleaning,In Progress,10.3,24700000,FM Team A,SYNTHETIC_VN_REALISTIC
MT00306,EQ00235,BLD016,2025-08-06,Inspection,Completed,9.1,6600000,Electrical Vendor,SYNTHETIC_VN_REALISTIC
MT00307,EQ01670,BLD106,2026-02-17,Preventive,Completed,8.5,12200000,Electrical Vendor,SYNTHETIC_VN_REALISTIC
MT00308,EQ00447,BLD029,2025-09-13,Corrective,Open,1.6,10200000,HVAC Vendor,SYNTHETIC_VN_REALISTIC
MT00309,EQ01439,BLD092,2026-08-15,Cleaning,Open,5.3,14350000,Plumbing Vendor,SYNTHETIC_VN_REALISTIC
MT00310,EQ01408,BLD090,2026-08-05,Cleaning,Completed,9.7,2950000,FM Team B,SYNTHETIC_VN_REALISTIC
MT00311,EQ00305,BLD020,2025-05-07,Inspection,Completed,6.0,200000,HVAC Vendor,SYNTHETIC_VN_REALISTIC
MT00312,EQ00685,BLD044,2025-04-18,Preventive,Open,3.7,19950000,FM Team A,SYNTHETIC_VN_REALISTIC
MT00313,EQ01490,BLD095,2026-01-02,Inspection,In Progress,5.6,9850000,Plumbing Vendor,SYNTHETIC_VN_REALISTIC
MT00314,EQ00502,BLD032,2025-01-22,Corrective,Completed,3.7,11400000,Plumbing Vendor,SYNTHETIC_VN_REALISTIC
MT00315,EQ01873,BLD118,2026-07-07,Inspection,Completed,6.1,20650000,HVAC Vendor,SYNTHETIC_VN_REALISTIC
MT00316,EQ00385,BLD025,2026-05-04,Cleaning,In Progress,9.4,6500000,FM Team B,SYNTHETIC_VN_REALISTIC
MT00317,EQ01187,BLD076,2025-05-30,Corrective,Open,2.2,15950000,HVAC Vendor,SYNTHETIC_VN_REALISTIC
MT00318,EQ00705,BLD046,2025-11-19,Inspection,In Progress,6.9,11950000,FM Team A,SYNTHETIC_VN_REALISTIC
MT00319,EQ01859,BLD117,2026-03-26,Inspection,Completed,0.2,350000,HVAC Vendor,SYNTHETIC_VN_REALISTIC
MT00320,EQ01858,BLD117,2025-04-06,Inspection,Completed,4.4,22150000,Electrical Vendor,SYNTHETIC_VN_REALISTIC
MT00321,EQ00082,BLD006,2026-05-04,Inspection,Open,11.3,1800000,Plumbing Vendor,SYNTHETIC_VN_REALISTIC
MT00322,EQ01706,BLD108,2025-12-17,Corrective,In Progress,2.6,10700000,FM Team B,SYNTHETIC_VN_REALISTIC
MT00323,EQ00636,BLD041,2026-01-31,Calibration,In Progress,4.9,3600000,FM Team B,SYNTHETIC_VN_REALISTIC
MT00324,EQ00899,BLD058,2025-09-02,Corrective,Open,3.5,1250000,FM Team B,SYNTHETIC_VN_REALISTIC
MT00325,EQ01773,BLD112,2025-06-27,Cleaning,Open,4.6,22750000,FM Team B,SYNTHETIC_VN_REALISTIC
MT00326,EQ00955,BLD061,2025-03-29,Preventive,Completed,7.0,21650000,Plumbing Vendor,SYNTHETIC_VN_REALISTIC
MT00327,EQ01243,BLD080,2025-10-23,Calibration,Completed,5.5,2550000,FM Team A,SYNTHETIC_VN_REALISTIC
MT00328,EQ00939,BLD060,2025-10-13,Cleaning,Completed,0.6,20900000,Plumbing Vendor,SYNTHETIC_VN_REALISTIC
MT00329,EQ00906,BLD058,2025-04-16,Inspection,Completed,8.6,2500000,HVAC Vendor,SYNTHETIC_VN_REALISTIC
MT00330,EQ01635,BLD104,2026-04-04,Calibration,Completed,7.8,6600000,Electrical Vendor,SYNTHETIC_VN_REALISTIC
MT00331,EQ01113,BLD071,2025-06-02,Calibration,Completed,3.6,9950000,FM Team B,SYNTHETIC_VN_REALISTIC
MT00332,EQ01261,BLD081,2025-05-08,Calibration,Completed,3.3,6950000,FM Team B,SYNTHETIC_VN_REALISTIC
MT00333,EQ00242,BLD016,2025-10-09,Cleaning,Completed,6.4,1700000,FM Team A,SYNTHETIC_VN_REALISTIC
MT00334,EQ00841,BLD054,2026-01-14,Corrective,In Progress,4.2,20950000,FM Team A,SYNTHETIC_VN_REALISTIC
MT00335,EQ01799,BLD114,2025-07-01,Cleaning,In Progress,4.2,13300000,FM Team A,SYNTHETIC_VN_REALISTIC
MT00336,EQ00200,BLD014,2025-12-06,Corrective,Completed,10.3,4700000,Plumbing Vendor,SYNTHETIC_VN_REALISTIC
MT00337,EQ01015,BLD064,2026-03-27,Cleaning,Completed,1.5,400000,Electrical Vendor,SYNTHETIC_VN_REALISTIC
MT00338,EQ00826,BLD053,2025-04-08,Preventive,Open,11.4,13950000,FM Team A,SYNTHETIC_VN_REALISTIC
MT00339,EQ01642,BLD104,2025-04-04,Preventive,Open,10.0,6500000,Electrical Vendor,SYNTHETIC_VN_REALISTIC
MT00340,EQ00288,BLD019,2025-02-10,Inspection,Completed,9.1,12050000,FM Team B,SYNTHETIC_VN_REALISTIC
MT00341,EQ00841,BLD054,2026-02-02,Calibration,Open,1.6,20150000,HVAC Vendor,SYNTHETIC_VN_REALISTIC
MT00342,EQ01818,BLD115,2026-03-28,Cleaning,Open,5.2,18950000,FM Team A,SYNTHETIC_VN_REALISTIC
MT00343,EQ01691,BLD108,2025-02-10,Cleaning,In Progress,10.8,22700000,HVAC Vendor,SYNTHETIC_VN_REALISTIC
MT00344,EQ00872,BLD056,2025-02-24,Cleaning,Open,4.3,14400000,HVAC Vendor,SYNTHETIC_VN_REALISTIC
MT00345,EQ00324,BLD021,2025-09-17,Corrective,In Progress,11.9,21150000,Electrical Vendor,SYNTHETIC_VN_REALISTIC
MT00346,EQ01201,BLD077,2025-02-04,Calibration,Open,2.8,22850000,HVAC Vendor,SYNTHETIC_VN_REALISTIC
MT00347,EQ00097,BLD006,2026-06-17,Cleaning,Open,2.6,450000,FM Team B,SYNTHETIC_VN_REALISTIC
MT00348,EQ01903,BLD119,2026-02-11,Calibration,Open,2.5,4100000,HVAC Vendor,SYNTHETIC_VN_REALISTIC
MT00349,EQ01149,BLD074,2025-05-28,Preventive,Completed,7.9,17100000,FM Team A,SYNTHETIC_VN_REALISTIC
MT00350,EQ01364,BLD087,2026-05-25,Corrective,Completed,9.8,5600000,HVAC Vendor,SYNTHETIC_VN_REALISTIC
MT00351,EQ01563,BLD099,2026-08-17,Corrective,Completed,1.2,17450000,FM Team A,SYNTHETIC_VN_REALISTIC
MT00352,EQ00526,BLD034,2025-07-05,Calibration,Completed,10.8,21500000,Electrical Vendor,SYNTHETIC_VN_REALISTIC
MT00353,EQ00118,BLD008,2025-09-19,Cleaning,Open,7.3,19850000,FM Team A,SYNTHETIC_VN_REALISTIC
MT00354,EQ01395,BLD089,2026-02-14,Inspection,Open,0.4,22250000,FM Team A,SYNTHETIC_VN_REALISTIC
MT00355,EQ00749,BLD048,2025-07-10,Calibration,Open,2.4,6200000,FM Team A,SYNTHETIC_VN_REALISTIC
MT00356,EQ00058,BLD004,2025-05-03,Corrective,Open,1.9,11200000,Electrical Vendor,SYNTHETIC_VN_REALISTIC
MT00357,EQ00475,BLD030,2026-01-22,Calibration,Completed,3.9,16200000,FM Team A,SYNTHETIC_VN_REALISTIC
MT00358,EQ01412,BLD090,2026-09-04,Calibration,Open,6.9,18100000,HVAC Vendor,SYNTHETIC_VN_REALISTIC
MT00359,EQ00321,BLD021,2026-01-25,Cleaning,Completed,11.2,21550000,Plumbing Vendor,SYNTHETIC_VN_REALISTIC
MT00360,EQ01726,BLD110,2026-08-25,Calibration,Completed,2.1,15850000,FM Team A,SYNTHETIC_VN_REALISTIC
MT00361,EQ01786,BLD113,2025-07-11,Calibration,Completed,9.0,17800000,Plumbing Vendor,SYNTHETIC_VN_REALISTIC
MT00362,EQ00094,BLD006,2025-10-04,Calibration,Open,0.2,20500000,Plumbing Vendor,SYNTHETIC_VN_REALISTIC
MT00363,EQ00735,BLD047,2026-05-30,Inspection,Open,11.2,7300000,Electrical Vendor,SYNTHETIC_VN_REALISTIC
MT00364,EQ01691,BLD108,2025-12-30,Inspection,In Progress,8.5,7200000,FM Team B,SYNTHETIC_VN_REALISTIC
MT00365,EQ01740,BLD110,2025-12-17,Preventive,Completed,11.6,11550000,Electrical Vendor,SYNTHETIC_VN_REALISTIC
MT00366,EQ00427,BLD028,2025-12-09,Cleaning,In Progress,9.4,8750000,FM Team A,SYNTHETIC_VN_REALISTIC
MT00367,EQ01917,BLD120,2025-06-19,Cleaning,Completed,3.4,8700000,Plumbing Vendor,SYNTHETIC_VN_REALISTIC
MT00368,EQ00557,BLD036,2025-04-15,Corrective,Completed,3.7,15300000,Plumbing Vendor,SYNTHETIC_VN_REALISTIC
MT00369,EQ01417,BLD090,2026-04-24,Calibration,Open,8.0,18000000,Electrical Vendor,SYNTHETIC_VN_REALISTIC
MT00370,EQ01870,BLD117,2026-07-23,Calibration,Completed,3.0,24300000,FM Team B,SYNTHETIC_VN_REALISTIC
MT00371,EQ00310,BLD021,2026-05-12,Corrective,Completed,1.2,20400000,Plumbing Vendor,SYNTHETIC_VN_REALISTIC
MT00372,EQ00945,BLD060,2025-09-07,Preventive,Completed,11.4,3950000,HVAC Vendor,SYNTHETIC_VN_REALISTIC
MT00373,EQ01611,BLD102,2025-04-18,Inspection,Open,9.4,9450000,Electrical Vendor,SYNTHETIC_VN_REALISTIC
MT00374,EQ00867,BLD056,2026-06-10,Corrective,Completed,7.2,12600000,FM Team B,SYNTHETIC_VN_REALISTIC
MT00375,EQ01479,BLD094,2026-02-02,Preventive,Open,1.6,24050000,FM Team B,SYNTHETIC_VN_REALISTIC
MT00376,EQ01532,BLD097,2025-06-08,Preventive,Completed,4.9,6450000,Plumbing Vendor,SYNTHETIC_VN_REALISTIC
MT00377,EQ00998,BLD064,2026-07-15,Calibration,Open,4.6,19700000,FM Team B,SYNTHETIC_VN_REALISTIC
MT00378,EQ00851,BLD055,2025-04-27,Inspection,In Progress,1.0,3600000,FM Team A,SYNTHETIC_VN_REALISTIC
MT00379,EQ01411,BLD090,2026-01-19,Inspection,In Progress,8.6,23350000,Plumbing Vendor,SYNTHETIC_VN_REALISTIC
MT00380,EQ01641,BLD104,2026-06-13,Inspection,In Progress,10.8,11150000,FM Team A,SYNTHETIC_VN_REALISTIC
MT00381,EQ00042,BLD003,2025-01-13,Calibration,Open,7.9,2950000,Plumbing Vendor,SYNTHETIC_VN_REALISTIC
MT00382,EQ01348,BLD086,2025-05-12,Preventive,Open,0.1,12650000,Plumbing Vendor,SYNTHETIC_VN_REALISTIC
MT00383,EQ01270,BLD081,2025-03-08,Calibration,Completed,3.3,16950000,Electrical Vendor,SYNTHETIC_VN_REALISTIC
MT00384,EQ00362,BLD024,2026-01-22,Calibration,Open,7.6,6450000,FM Team B,SYNTHETIC_VN_REALISTIC
MT00385,EQ00566,BLD037,2026-02-22,Corrective,Completed,3.1,3400000,FM Team A,SYNTHETIC_VN_REALISTIC
MT00386,EQ00574,BLD037,2025-08-28,Inspection,Completed,4.6,20850000,HVAC Vendor,SYNTHETIC_VN_REALISTIC
MT00387,EQ00100,BLD007,2026-02-14,Calibration,Completed,7.3,10150000,Plumbing Vendor,SYNTHETIC_VN_REALISTIC
MT00388,EQ00131,BLD009,2025-02-13,Preventive,In Progress,9.8,5100000,FM Team A,SYNTHETIC_VN_REALISTIC
MT00389,EQ01611,BLD102,2025-07-02,Corrective,Open,10.2,14350000,FM Team B,SYNTHETIC_VN_REALISTIC
MT00390,EQ01579,BLD100,2026-05-09,Inspection,Open,0.3,6800000,Electrical Vendor,SYNTHETIC_VN_REALISTIC
MT00391,EQ00069,BLD005,2026-08-18,Calibration,Completed,7.5,3300000,HVAC Vendor,SYNTHETIC_VN_REALISTIC
MT00392,EQ00868,BLD056,2025-03-13,Cleaning,In Progress,1.0,11900000,HVAC Vendor,SYNTHETIC_VN_REALISTIC
MT00393,EQ01267,BLD081,2025-12-31,Corrective,Completed,2.8,6800000,Plumbing Vendor,SYNTHETIC_VN_REALISTIC
MT00394,EQ01439,BLD092,2025-03-16,Cleaning,In Progress,5.5,4800000,FM Team B,SYNTHETIC_VN_REALISTIC
MT00395,EQ00054,BLD004,2025-06-12,Inspection,Completed,11.5,24550000,FM Team B,SYNTHETIC_VN_REALISTIC
MT00396,EQ00624,BLD041,2026-02-11,Calibration,Completed,0.9,21350000,HVAC Vendor,SYNTHETIC_VN_REALISTIC
MT00397,EQ01188,BLD077,2026-04-05,Calibration,Open,1.8,21800000,Plumbing Vendor,SYNTHETIC_VN_REALISTIC
MT00398,EQ01213,BLD078,2026-06-07,Preventive,Completed,9.3,19800000,FM Team A,SYNTHETIC_VN_REALISTIC
MT00399,EQ00352,BLD023,2025-03-24,Inspection,Open,11.6,450000,FM Team A,SYNTHETIC_VN_REALISTIC
MT00400,EQ00693,BLD044,2026-06-21,Preventive,In Progress,4.8,21500000,FM Team B,SYNTHETIC_VN_REALISTIC
MT00401,EQ00135,BLD009,2025-05-30,Inspection,Open,6.8,7450000,HVAC Vendor,SYNTHETIC_VN_REALISTIC
MT00402,EQ00058,BLD004,2026-02-19,Corrective,In Progress,9.2,10350000,Electrical Vendor,SYNTHETIC_VN_REALISTIC
MT00403,EQ01155,BLD074,2025-11-05,Cleaning,Completed,0.6,7950000,Plumbing Vendor,SYNTHETIC_VN_REALISTIC
MT00404,EQ01569,BLD099,2026-08-13,Corrective,In Progress,8.9,18650000,FM Team B,SYNTHETIC_VN_REALISTIC
MT00405,EQ00302,BLD020,2025-01-18,Corrective,In Progress,11.9,5000000,Plumbing Vendor,SYNTHETIC_VN_REALISTIC
MT00406,EQ01523,BLD097,2025-04-24,Inspection,Completed,7.7,13350000,HVAC Vendor,SYNTHETIC_VN_REALISTIC
MT00407,EQ00782,BLD050,2025-03-26,Inspection,Completed,9.7,17500000,Plumbing Vendor,SYNTHETIC_VN_REALISTIC
MT00408,EQ00892,BLD057,2026-02-27,Inspection,Completed,3.9,13650000,HVAC Vendor,SYNTHETIC_VN_REALISTIC
MT00409,EQ00647,BLD042,2026-06-30,Inspection,Completed,0.9,10550000,FM Team B,SYNTHETIC_VN_REALISTIC
MT00410,EQ00235,BLD016,2026-01-23,Calibration,Completed,10.9,2900000,FM Team A,SYNTHETIC_VN_REALISTIC
MT00411,EQ01365,BLD087,2026-06-19,Calibration,Completed,9.0,8750000,Electrical Vendor,SYNTHETIC_VN_REALISTIC
MT00412,EQ01491,BLD095,2025-06-26,Cleaning,Completed,3.1,950000,Plumbing Vendor,SYNTHETIC_VN_REALISTIC
MT00413,EQ01586,BLD100,2025-07-22,Corrective,Open,2.9,600000,HVAC Vendor,SYNTHETIC_VN_REALISTIC
MT00414,EQ01490,BLD095,2025-11-29,Preventive,Completed,6.2,20150000,Plumbing Vendor,SYNTHETIC_VN_REALISTIC
MT00415,EQ00430,BLD028,2025-09-06,Cleaning,In Progress,4.2,22000000,FM Team B,SYNTHETIC_VN_REALISTIC
MT00416,EQ00508,BLD033,2025-06-08,Inspection,Completed,11.5,12650000,FM Team B,SYNTHETIC_VN_REALISTIC
MT00417,EQ01020,BLD065,2026-08-23,Inspection,Open,3.2,19650000,FM Team B,SYNTHETIC_VN_REALISTIC
MT00418,EQ01879,BLD118,2025-09-29,Cleaning,Completed,2.8,7400000,FM Team A,SYNTHETIC_VN_REALISTIC
MT00419,EQ01697,BLD108,2026-04-14,Calibration,Completed,6.0,12350000,FM Team B,SYNTHETIC_VN_REALISTIC
MT00420,EQ01914,BLD120,2025-11-10,Inspection,Completed,2.9,20050000,Electrical Vendor,SYNTHETIC_VN_REALISTIC
MT00421,EQ00773,BLD050,2025-04-07,Preventive,Completed,8.9,18550000,Electrical Vendor,SYNTHETIC_VN_REALISTIC
MT00422,EQ01859,BLD117,2025-01-10,Corrective,Completed,8.5,24050000,Electrical Vendor,SYNTHETIC_VN_REALISTIC
MT00423,EQ00895,BLD058,2026-02-24,Cleaning,In Progress,5.5,22250000,FM Team A,SYNTHETIC_VN_REALISTIC
MT00424,EQ01357,BLD087,2026-08-28,Preventive,Completed,4.7,15600000,FM Team A,SYNTHETIC_VN_REALISTIC
MT00425,EQ00176,BLD013,2025-05-06,Corrective,Open,3.8,6750000,Electrical Vendor,SYNTHETIC_VN_REALISTIC
MT00426,EQ00385,BLD025,2025-03-06,Cleaning,Open,2.4,14050000,Electrical Vendor,SYNTHETIC_VN_REALISTIC
MT00427,EQ00869,BLD056,2025-02-18,Calibration,Completed,0.5,3200000,FM Team A,SYNTHETIC_VN_REALISTIC
MT00428,EQ00789,BLD051,2025-03-25,Cleaning,In Progress,3.2,8650000,FM Team B,SYNTHETIC_VN_REALISTIC
MT00429,EQ00296,BLD019,2025-02-11,Inspection,Completed,10.2,24200000,HVAC Vendor,SYNTHETIC_VN_REALISTIC
MT00430,EQ00039,BLD003,2025-04-25,Calibration,Completed,10.1,14650000,Plumbing Vendor,SYNTHETIC_VN_REALISTIC
MT00431,EQ00506,BLD033,2026-01-06,Preventive,In Progress,3.8,11650000,Plumbing Vendor,SYNTHETIC_VN_REALISTIC
MT00432,EQ01204,BLD077,2025-10-07,Cleaning,Open,0.7,18050000,Plumbing Vendor,SYNTHETIC_VN_REALISTIC
MT00433,EQ00622,BLD040,2026-08-14,Calibration,In Progress,11.6,19350000,Electrical Vendor,SYNTHETIC_VN_REALISTIC
MT00434,EQ00009,BLD001,2025-01-16,Inspection,Completed,3.7,18650000,HVAC Vendor,SYNTHETIC_VN_REALISTIC
MT00435,EQ01532,BLD097,2026-07-07,Calibration,Completed,5.9,13100000,FM Team B,SYNTHETIC_VN_REALISTIC
MT00436,EQ00964,BLD061,2026-01-07,Inspection,Completed,2.3,9200000,HVAC Vendor,SYNTHETIC_VN_REALISTIC
MT00437,EQ01235,BLD079,2025-07-24,Cleaning,In Progress,1.3,3650000,FM Team A,SYNTHETIC_VN_REALISTIC
MT00438,EQ00419,BLD028,2026-09-07,Calibration,In Progress,6.0,18550000,FM Team B,SYNTHETIC_VN_REALISTIC
MT00439,EQ00321,BLD021,2025-08-19,Inspection,Completed,7.2,19250000,Electrical Vendor,SYNTHETIC_VN_REALISTIC
MT00440,EQ01628,BLD103,2025-09-06,Preventive,Open,3.8,10200000,Electrical Vendor,SYNTHETIC_VN_REALISTIC
MT00441,EQ00491,BLD031,2026-01-20,Inspection,In Progress,11.8,3100000,FM Team B,SYNTHETIC_VN_REALISTIC
MT00442,EQ01461,BLD093,2025-04-14,Corrective,Completed,2.2,8650000,HVAC Vendor,SYNTHETIC_VN_REALISTIC
MT00443,EQ01544,BLD098,2026-09-02,Cleaning,Completed,3.8,9950000,FM Team B,SYNTHETIC_VN_REALISTIC
MT00444,EQ01870,BLD117,2025-04-20,Corrective,Completed,1.7,15950000,FM Team A,SYNTHETIC_VN_REALISTIC
MT00445,EQ00093,BLD006,2025-09-20,Preventive,Completed,3.1,23500000,Electrical Vendor,SYNTHETIC_VN_REALISTIC
MT00446,EQ00920,BLD059,2025-05-06,Preventive,Completed,6.2,3400000,Electrical Vendor,SYNTHETIC_VN_REALISTIC
MT00447,EQ00309,BLD021,2025-03-13,Inspection,Completed,4.7,3800000,FM Team A,SYNTHETIC_VN_REALISTIC
MT00448,EQ01119,BLD072,2025-03-23,Corrective,Completed,2.2,7950000,FM Team A,SYNTHETIC_VN_REALISTIC
MT00449,EQ00301,BLD020,2025-11-07,Inspection,Completed,3.1,20400000,FM Team A,SYNTHETIC_VN_REALISTIC
MT00450,EQ00773,BLD050,2026-06-18,Preventive,Completed,2.2,7050000,HVAC Vendor,SYNTHETIC_VN_REALISTIC
MT00451,EQ00415,BLD028,2025-11-10,Preventive,Open,11.3,8800000,Plumbing Vendor,SYNTHETIC_VN_REALISTIC
MT00452,EQ01506,BLD096,2026-01-10,Cleaning,Completed,8.6,5700000,FM Team B,SYNTHETIC_VN_REALISTIC
MT00453,EQ00998,BLD064,2026-09-05,Inspection,Completed,6.4,15400000,Plumbing Vendor,SYNTHETIC_VN_REALISTIC
MT00454,EQ00520,BLD034,2026-01-25,Preventive,Open,4.3,6150000,FM Team B,SYNTHETIC_VN_REALISTIC
MT00455,EQ00408,BLD027,2025-02-08,Corrective,Completed,3.3,6750000,Plumbing Vendor,SYNTHETIC_VN_REALISTIC
MT00456,EQ00273,BLD018,2026-08-08,Calibration,Completed,1.5,10350000,HVAC Vendor,SYNTHETIC_VN_REALISTIC
MT00457,EQ00419,BLD028,2026-03-07,Cleaning,Open,10.4,18800000,Plumbing Vendor,SYNTHETIC_VN_REALISTIC
MT00458,EQ01860,BLD117,2025-04-04,Corrective,Completed,2.7,14100000,Plumbing Vendor,SYNTHETIC_VN_REALISTIC
MT00459,EQ01040,BLD066,2025-09-03,Cleaning,Completed,7.9,20800000,Electrical Vendor,SYNTHETIC_VN_REALISTIC
MT00460,EQ01007,BLD064,2026-06-12,Inspection,Completed,3.2,24400000,FM Team B,SYNTHETIC_VN_REALISTIC
MT00461,EQ00874,BLD057,2026-06-21,Inspection,In Progress,3.9,1950000,Electrical Vendor,SYNTHETIC_VN_REALISTIC
MT00462,EQ01802,BLD114,2025-07-14,Corrective,Completed,1.9,8400000,Plumbing Vendor,SYNTHETIC_VN_REALISTIC
MT00463,EQ01530,BLD097,2025-05-13,Calibration,Open,8.2,24550000,FM Team B,SYNTHETIC_VN_REALISTIC
MT00464,EQ01071,BLD068,2025-05-24,Preventive,Completed,2.6,2700000,Plumbing Vendor,SYNTHETIC_VN_REALISTIC
MT00465,EQ01313,BLD084,2025-12-13,Cleaning,In Progress,10.4,19150000,Plumbing Vendor,SYNTHETIC_VN_REALISTIC
MT00466,EQ00621,BLD040,2026-02-16,Inspection,In Progress,7.0,20450000,Plumbing Vendor,SYNTHETIC_VN_REALISTIC
MT00467,EQ00594,BLD038,2026-04-09,Cleaning,In Progress,3.4,2900000,Electrical Vendor,SYNTHETIC_VN_REALISTIC
MT00468,EQ00673,BLD043,2026-01-27,Inspection,Completed,3.9,20200000,Electrical Vendor,SYNTHETIC_VN_REALISTIC
MT00469,EQ00529,BLD034,2026-04-10,Inspection,In Progress,1.3,3750000,Electrical Vendor,SYNTHETIC_VN_REALISTIC
MT00470,EQ01664,BLD106,2025-12-15,Calibration,Open,5.9,5400000,FM Team B,SYNTHETIC_VN_REALISTIC
MT00471,EQ01921,BLD120,2026-03-24,Preventive,In Progress,5.8,14150000,FM Team A,SYNTHETIC_VN_REALISTIC
MT00472,EQ00756,BLD049,2025-09-26,Calibration,Completed,10.1,4850000,Electrical Vendor,SYNTHETIC_VN_REALISTIC
MT00473,EQ01721,BLD109,2026-06-18,Corrective,Completed,10.0,11100000,Plumbing Vendor,SYNTHETIC_VN_REALISTIC
MT00474,EQ00616,BLD040,2025-05-25,Inspection,Open,4.5,5850000,HVAC Vendor,SYNTHETIC_VN_REALISTIC
MT00475,EQ00791,BLD051,2025-04-10,Cleaning,Completed,4.9,13550000,FM Team B,SYNTHETIC_VN_REALISTIC
MT00476,EQ01362,BLD087,2025-05-23,Corrective,Open,3.8,1300000,FM Team A,SYNTHETIC_VN_REALISTIC
MT00477,EQ01474,BLD093,2026-01-23,Preventive,Open,4.7,4950000,FM Team A,SYNTHETIC_VN_REALISTIC
MT00478,EQ01641,BLD104,2025-12-11,Calibration,Completed,1.8,10850000,HVAC Vendor,SYNTHETIC_VN_REALISTIC
MT00479,EQ01746,BLD111,2025-06-22,Inspection,In Progress,7.6,21300000,FM Team B,SYNTHETIC_VN_REALISTIC
MT00480,EQ01761,BLD111,2025-10-01,Corrective,Completed,11.5,19050000,Plumbing Vendor,SYNTHETIC_VN_REALISTIC
MT00481,EQ01514,BLD096,2025-06-06,Inspection,Completed,11.1,3300000,HVAC Vendor,SYNTHETIC_VN_REALISTIC
MT00482,EQ01648,BLD104,2026-02-28,Inspection,Completed,8.5,6100000,Electrical Vendor,SYNTHETIC_VN_REALISTIC
MT00483,EQ01351,BLD086,2025-09-07,Corrective,Completed,3.8,16900000,Electrical Vendor,SYNTHETIC_VN_REALISTIC
MT00484,EQ00048,BLD003,2025-01-01,Corrective,Completed,9.0,1400000,FM Team B,SYNTHETIC_VN_REALISTIC
MT00485,EQ00912,BLD058,2025-06-27,Corrective,In Progress,10.6,7950000,Electrical Vendor,SYNTHETIC_VN_REALISTIC
MT00486,EQ00592,BLD038,2025-05-16,Cleaning,Open,9.6,650000,FM Team A,SYNTHETIC_VN_REALISTIC
MT00487,EQ00044,BLD003,2025-02-16,Corrective,In Progress,2.3,21500000,Plumbing Vendor,SYNTHETIC_VN_REALISTIC
MT00488,EQ01374,BLD088,2026-03-09,Calibration,Completed,5.2,9350000,FM Team A,SYNTHETIC_VN_REALISTIC
MT00489,EQ00886,BLD057,2025-01-16,Calibration,Open,9.4,9000000,Plumbing Vendor,SYNTHETIC_VN_REALISTIC
MT00490,EQ00349,BLD023,2025-12-26,Preventive,Open,1.8,21300000,Plumbing Vendor,SYNTHETIC_VN_REALISTIC
MT00491,EQ01124,BLD072,2026-07-26,Corrective,Completed,1.8,9000000,Electrical Vendor,SYNTHETIC_VN_REALISTIC
MT00492,EQ01870,BLD117,2025-12-29,Preventive,Completed,6.7,1300000,FM Team B,SYNTHETIC_VN_REALISTIC
MT00493,EQ01888,BLD119,2026-06-29,Calibration,Open,5.8,12150000,HVAC Vendor,SYNTHETIC_VN_REALISTIC
MT00494,EQ00347,BLD022,2026-04-05,Corrective,Completed,9.3,800000,Plumbing Vendor,SYNTHETIC_VN_REALISTIC
MT00495,EQ01809,BLD114,2026-03-25,Inspection,Completed,1.6,21600000,HVAC Vendor,SYNTHETIC_VN_REALISTIC
MT00496,EQ00656,BLD043,2025-02-19,Calibration,In Progress,11.4,13850000,FM Team B,SYNTHETIC_VN_REALISTIC
MT00497,EQ01533,BLD097,2025-02-22,Calibration,Completed,5.3,20450000,FM Team A,SYNTHETIC_VN_REALISTIC
MT00498,EQ01429,BLD091,2026-05-29,Calibration,Completed,0.8,21300000,HVAC Vendor,SYNTHETIC_VN_REALISTIC
MT00499,EQ00396,BLD026,2026-09-01,Cleaning,Completed,5.2,13950000,FM Team A,SYNTHETIC_VN_REALISTIC
MT00500,EQ01834,BLD115,2025-08-21,Cleaning,Completed,5.2,22300000,Plumbing Vendor,SYNTHETIC_VN_REALISTIC
MT00501,EQ01511,BLD096,2025-10-09,Cleaning,Completed,2.9,20900000,HVAC Vendor,SYNTHETIC_VN_REALISTIC
MT00502,EQ01415,BLD090,2026-08-16,Corrective,Open,10.7,3600000,HVAC Vendor,SYNTHETIC_VN_REALISTIC
MT00503,EQ01803,BLD114,2025-08-12,Preventive,Completed,3.5,5400000,Electrical Vendor,SYNTHETIC_VN_REALISTIC
MT00504,EQ00358,BLD024,2026-04-22,Inspection,In Progress,9.1,20000000,FM Team A,SYNTHETIC_VN_REALISTIC
MT00505,EQ00841,BLD054,2025-10-11,Preventive,Open,0.8,14100000,Plumbing Vendor,SYNTHETIC_VN_REALISTIC
MT00506,EQ00049,BLD004,2025-10-29,Corrective,Completed,11.5,4650000,Electrical Vendor,SYNTHETIC_VN_REALISTIC
MT00507,EQ00393,BLD026,2025-01-29,Corrective,Completed,10.8,16100000,FM Team A,SYNTHETIC_VN_REALISTIC
MT00508,EQ00989,BLD063,2025-11-14,Preventive,In Progress,9.8,4850000,Electrical Vendor,SYNTHETIC_VN_REALISTIC
MT00509,EQ00486,BLD031,2025-08-16,Cleaning,Completed,2.8,19600000,FM Team B,SYNTHETIC_VN_REALISTIC
MT00510,EQ00159,BLD011,2025-01-02,Corrective,Completed,7.6,10400000,HVAC Vendor,SYNTHETIC_VN_REALISTIC
MT00511,EQ01359,BLD087,2026-05-31,Calibration,Completed,5.4,20150000,HVAC Vendor,SYNTHETIC_VN_REALISTIC
MT00512,EQ01820,BLD115,2025-08-13,Preventive,Completed,0.2,16850000,FM Team B,SYNTHETIC_VN_REALISTIC
MT00513,EQ01176,BLD076,2025-03-04,Inspection,In Progress,3.1,15250000,FM Team B,SYNTHETIC_VN_REALISTIC
MT00514,EQ00888,BLD057,2025-04-14,Cleaning,Completed,10.0,8150000,HVAC Vendor,SYNTHETIC_VN_REALISTIC
MT00515,EQ00371,BLD024,2026-08-04,Preventive,Open,1.2,12100000,Plumbing Vendor,SYNTHETIC_VN_REALISTIC
MT00516,EQ01105,BLD071,2025-07-15,Preventive,Completed,10.1,10450000,FM Team A,SYNTHETIC_VN_REALISTIC
MT00517,EQ01125,BLD072,2026-07-11,Calibration,Open,8.2,14950000,Electrical Vendor,SYNTHETIC_VN_REALISTIC
MT00518,EQ00494,BLD032,2025-06-11,Corrective,Completed,9.8,4900000,Electrical Vendor,SYNTHETIC_VN_REALISTIC
MT00519,EQ00405,BLD027,2025-10-12,Preventive,In Progress,1.8,2800000,Electrical Vendor,SYNTHETIC_VN_REALISTIC
MT00520,EQ00171,BLD012,2025-04-15,Cleaning,Open,7.2,5800000,FM Team B,SYNTHETIC_VN_REALISTIC
MT00521,EQ00694,BLD045,2026-01-08,Corrective,Open,10.5,12500000,Plumbing Vendor,SYNTHETIC_VN_REALISTIC
MT00522,EQ00323,BLD021,2026-05-21,Inspection,Completed,5.9,15850000,FM Team A,SYNTHETIC_VN_REALISTIC
MT00523,EQ00302,BLD020,2026-02-28,Preventive,Completed,8.6,4450000,Electrical Vendor,SYNTHETIC_VN_REALISTIC
MT00524,EQ00797,BLD052,2026-08-10,Inspection,Open,8.1,8550000,FM Team B,SYNTHETIC_VN_REALISTIC
MT00525,EQ01485,BLD094,2025-03-21,Cleaning,Completed,0.0,9950000,Electrical Vendor,SYNTHETIC_VN_REALISTIC
MT00526,EQ01181,BLD076,2026-02-02,Cleaning,Open,9.8,20250000,HVAC Vendor,SYNTHETIC_VN_REALISTIC
MT00527,EQ01582,BLD100,2026-07-19,Inspection,Open,3.3,4300000,HVAC Vendor,SYNTHETIC_VN_REALISTIC
MT00528,EQ00212,BLD015,2025-03-12,Preventive,In Progress,6.1,11300000,Electrical Vendor,SYNTHETIC_VN_REALISTIC
MT00529,EQ01534,BLD097,2026-08-26,Corrective,Open,9.4,5050000,FM Team B,SYNTHETIC_VN_REALISTIC
MT00530,EQ01686,BLD107,2025-07-23,Cleaning,Completed,2.9,17050000,FM Team B,SYNTHETIC_VN_REALISTIC
MT00531,EQ01033,BLD066,2026-05-04,Corrective,In Progress,7.4,8900000,HVAC Vendor,SYNTHETIC_VN_REALISTIC
MT00532,EQ00706,BLD046,2025-06-09,Cleaning,Open,4.4,8150000,FM Team B,SYNTHETIC_VN_REALISTIC
MT00533,EQ01547,BLD098,2025-02-07,Cleaning,Open,6.8,8150000,Plumbing Vendor,SYNTHETIC_VN_REALISTIC
MT00534,EQ00416,BLD028,2026-05-03,Calibration,In Progress,7.9,16300000,HVAC Vendor,SYNTHETIC_VN_REALISTIC
MT00535,EQ01551,BLD098,2026-06-01,Calibration,Open,6.2,16500000,FM Team A,SYNTHETIC_VN_REALISTIC
MT00536,EQ01828,BLD115,2025-05-01,Calibration,Completed,1.5,4300000,FM Team A,SYNTHETIC_VN_REALISTIC
MT00537,EQ00420,BLD028,2025-10-09,Cleaning,Completed,7.2,13100000,FM Team A,SYNTHETIC_VN_REALISTIC
MT00538,EQ00960,BLD061,2025-03-28,Preventive,Completed,4.7,18000000,HVAC Vendor,SYNTHETIC_VN_REALISTIC
MT00539,EQ00001,BLD001,2026-02-05,Calibration,Completed,5.3,1850000,HVAC Vendor,SYNTHETIC_VN_REALISTIC
MT00540,EQ00475,BLD030,2025-01-25,Inspection,Completed,7.2,8650000,FM Team B,SYNTHETIC_VN_REALISTIC
MT00541,EQ01115,BLD071,2025-01-04,Corrective,Completed,11.8,17900000,Electrical Vendor,SYNTHETIC_VN_REALISTIC
MT00542,EQ01396,BLD089,2026-07-30,Inspection,Open,3.8,10750000,FM Team A,SYNTHETIC_VN_REALISTIC
MT00543,EQ01897,BLD119,2025-11-11,Calibration,Open,8.8,11400000,FM Team A,SYNTHETIC_VN_REALISTIC
MT00544,EQ00128,BLD009,2025-08-08,Corrective,Completed,1.6,8450000,Electrical Vendor,SYNTHETIC_VN_REALISTIC
MT00545,EQ00257,BLD017,2026-04-04,Calibration,Completed,0.6,350000,FM Team A,SYNTHETIC_VN_REALISTIC
MT00546,EQ00546,BLD036,2025-05-02,Calibration,Completed,1.7,14150000,Plumbing Vendor,SYNTHETIC_VN_REALISTIC
MT00547,EQ00053,BLD004,2025-01-01,Cleaning,In Progress,4.0,5600000,Electrical Vendor,SYNTHETIC_VN_REALISTIC
MT00548,EQ01441,BLD092,2025-11-22,Inspection,Completed,6.0,13600000,FM Team A,SYNTHETIC_VN_REALISTIC
MT00549,EQ00028,BLD002,2026-08-14,Inspection,Completed,3.5,24650000,Electrical Vendor,SYNTHETIC_VN_REALISTIC
MT00550,EQ01363,BLD087,2025-11-08,Calibration,Completed,10.8,21600000,Electrical Vendor,SYNTHETIC_VN_REALISTIC
MT00551,EQ00859,BLD056,2026-03-31,Cleaning,Completed,8.3,4050000,HVAC Vendor,SYNTHETIC_VN_REALISTIC
MT00552,EQ00165,BLD012,2025-11-26,Calibration,Completed,4.3,3900000,FM Team A,SYNTHETIC_VN_REALISTIC
MT00553,EQ01448,BLD092,2026-04-30,Corrective,In Progress,6.0,23850000,FM Team A,SYNTHETIC_VN_REALISTIC
MT00554,EQ01032,BLD066,2025-11-21,Preventive,Open,10.0,10450000,Plumbing Vendor,SYNTHETIC_VN_REALISTIC
MT00555,EQ01581,BLD100,2026-03-11,Preventive,Completed,0.3,15900000,Plumbing Vendor,SYNTHETIC_VN_REALISTIC
MT00556,EQ01329,BLD085,2025-06-24,Inspection,Completed,9.9,16300000,Plumbing Vendor,SYNTHETIC_VN_REALISTIC
MT00557,EQ01759,BLD111,2025-10-10,Cleaning,Completed,8.6,24350000,FM Team A,SYNTHETIC_VN_REALISTIC
MT00558,EQ00654,BLD043,2025-09-23,Inspection,Completed,8.0,10150000,FM Team B,SYNTHETIC_VN_REALISTIC
MT00559,EQ01397,BLD089,2025-12-23,Inspection,Open,9.2,21400000,HVAC Vendor,SYNTHETIC_VN_REALISTIC
MT00560,EQ00200,BLD014,2025-04-19,Preventive,Completed,0.5,9600000,Electrical Vendor,SYNTHETIC_VN_REALISTIC
MT00561,EQ00006,BLD001,2025-08-31,Preventive,Completed,8.7,11750000,FM Team A,SYNTHETIC_VN_REALISTIC
MT00562,EQ00585,BLD038,2025-06-14,Cleaning,Completed,4.9,3500000,FM Team A,SYNTHETIC_VN_REALISTIC
MT00563,EQ01184,BLD076,2025-09-21,Inspection,Completed,9.8,7250000,Electrical Vendor,SYNTHETIC_VN_REALISTIC
MT00564,EQ00688,BLD044,2025-01-22,Corrective,In Progress,8.0,19650000,FM Team A,SYNTHETIC_VN_REALISTIC
MT00565,EQ01024,BLD065,2026-08-07,Cleaning,Completed,10.3,18150000,Plumbing Vendor,SYNTHETIC_VN_REALISTIC
MT00566,EQ00894,BLD058,2025-12-09,Corrective,In Progress,6.8,20250000,FM Team A,SYNTHETIC_VN_REALISTIC
MT00567,EQ01861,BLD117,2026-03-28,Calibration,Completed,2.7,5100000,FM Team A,SYNTHETIC_VN_REALISTIC
MT00568,EQ01215,BLD078,2025-01-15,Cleaning,Completed,3.3,19700000,Plumbing Vendor,SYNTHETIC_VN_REALISTIC
MT00569,EQ00680,BLD044,2025-05-26,Calibration,Completed,11.3,12650000,FM Team B,SYNTHETIC_VN_REALISTIC
MT00570,EQ01458,BLD093,2025-09-11,Cleaning,Completed,9.1,2150000,Plumbing Vendor,SYNTHETIC_VN_REALISTIC
MT00571,EQ01823,BLD115,2026-07-07,Corrective,In Progress,6.7,24750000,Electrical Vendor,SYNTHETIC_VN_REALISTIC
MT00572,EQ00129,BLD009,2025-09-26,Cleaning,Completed,8.9,10750000,HVAC Vendor,SYNTHETIC_VN_REALISTIC
MT00573,EQ01499,BLD095,2026-07-20,Preventive,Completed,1.5,8800000,FM Team A,SYNTHETIC_VN_REALISTIC
MT00574,EQ01059,BLD068,2026-05-16,Preventive,Completed,3.0,7700000,Plumbing Vendor,SYNTHETIC_VN_REALISTIC
MT00575,EQ00500,BLD032,2025-12-08,Preventive,Completed,3.2,1450000,Electrical Vendor,SYNTHETIC_VN_REALISTIC
MT00576,EQ00043,BLD003,2026-04-12,Preventive,Open,0.7,13950000,FM Team B,SYNTHETIC_VN_REALISTIC
MT00577,EQ01390,BLD088,2026-04-10,Corrective,Completed,1.6,6650000,Plumbing Vendor,SYNTHETIC_VN_REALISTIC
MT00578,EQ00822,BLD053,2025-02-24,Corrective,Open,5.6,800000,FM Team B,SYNTHETIC_VN_REALISTIC
MT00579,EQ01442,BLD092,2025-12-17,Calibration,Completed,5.4,23150000,HVAC Vendor,SYNTHETIC_VN_REALISTIC
MT00580,EQ00404,BLD027,2025-09-26,Preventive,Open,10.6,750000,HVAC Vendor,SYNTHETIC_VN_REALISTIC
MT00581,EQ00595,BLD038,2025-06-17,Calibration,Completed,11.8,6800000,FM Team B,SYNTHETIC_VN_REALISTIC
MT00582,EQ01190,BLD077,2025-09-26,Preventive,Completed,10.1,9100000,Plumbing Vendor,SYNTHETIC_VN_REALISTIC
MT00583,EQ00817,BLD053,2026-07-20,Corrective,Open,4.9,8200000,HVAC Vendor,SYNTHETIC_VN_REALISTIC
MT00584,EQ00343,BLD022,2026-08-03,Corrective,In Progress,4.1,1550000,FM Team B,SYNTHETIC_VN_REALISTIC
MT00585,EQ01243,BLD080,2026-05-30,Cleaning,Completed,2.4,21700000,Electrical Vendor,SYNTHETIC_VN_REALISTIC
MT00586,EQ00748,BLD048,2026-08-23,Calibration,Completed,3.0,5150000,HVAC Vendor,SYNTHETIC_VN_REALISTIC
MT00587,EQ01267,BLD081,2025-09-15,Corrective,Completed,1.0,12400000,HVAC Vendor,SYNTHETIC_VN_REALISTIC
MT00588,EQ00675,BLD044,2026-01-27,Cleaning,Completed,4.1,3850000,FM Team B,SYNTHETIC_VN_REALISTIC
MT00589,EQ00281,BLD019,2025-01-20,Inspection,In Progress,10.1,10150000,Electrical Vendor,SYNTHETIC_VN_REALISTIC
MT00590,EQ01291,BLD083,2025-06-20,Calibration,Completed,4.7,1550000,HVAC Vendor,SYNTHETIC_VN_REALISTIC
MT00591,EQ01894,BLD119,2026-06-26,Calibration,In Progress,5.6,14950000,FM Team A,SYNTHETIC_VN_REALISTIC
MT00592,EQ01650,BLD105,2025-07-18,Inspection,Completed,1.6,900000,Plumbing Vendor,SYNTHETIC_VN_REALISTIC
MT00593,EQ00152,BLD011,2025-06-14,Corrective,Completed,2.9,10500000,FM Team B,SYNTHETIC_VN_REALISTIC
MT00594,EQ01713,BLD109,2025-01-16,Inspection,Open,5.7,6150000,Electrical Vendor,SYNTHETIC_VN_REALISTIC
MT00595,EQ00105,BLD007,2026-09-13,Calibration,In Progress,7.8,24750000,Electrical Vendor,SYNTHETIC_VN_REALISTIC
MT00596,EQ00955,BLD061,2026-03-09,Corrective,Completed,3.8,19150000,HVAC Vendor,SYNTHETIC_VN_REALISTIC
MT00597,EQ01065,BLD068,2026-03-27,Inspection,Completed,10.0,9600000,FM Team A,SYNTHETIC_VN_REALISTIC
MT00598,EQ00347,BLD022,2025-11-29,Inspection,Completed,10.1,6550000,FM Team B,SYNTHETIC_VN_REALISTIC
MT00599,EQ01054,BLD068,2025-09-03,Corrective,Completed,1.3,7900000,FM Team B,SYNTHETIC_VN_REALISTIC
MT00600,EQ00433,BLD028,2026-02-21,Inspection,Completed,0.4,4050000,Plumbing Vendor,SYNTHETIC_VN_REALISTIC
MT00601,EQ01603,BLD102,2026-05-31,Preventive,Completed,11.8,8150000,FM Team B,SYNTHETIC_VN_REALISTIC
MT00602,EQ00327,BLD021,2025-03-24,Preventive,Open,5.9,10950000,FM Team B,SYNTHETIC_VN_REALISTIC
MT00603,EQ01314,BLD084,2025-02-15,Corrective,Completed,7.5,23750000,Electrical Vendor,SYNTHETIC_VN_REALISTIC
MT00604,EQ01184,BLD076,2025-10-27,Inspection,Open,6.8,4050000,FM Team A,SYNTHETIC_VN_REALISTIC
MT00605,EQ00450,BLD029,2026-06-10,Cleaning,Completed,5.8,14350000,FM Team A,SYNTHETIC_VN_REALISTIC
MT00606,EQ01421,BLD091,2025-07-29,Corrective,Completed,4.5,19050000,FM Team B,SYNTHETIC_VN_REALISTIC
MT00607,EQ01322,BLD084,2026-02-22,Calibration,Completed,8.3,23900000,HVAC Vendor,SYNTHETIC_VN_REALISTIC
MT00608,EQ00271,BLD018,2025-11-09,Calibration,Open,10.6,20500000,FM Team B,SYNTHETIC_VN_REALISTIC
MT00609,EQ00096,BLD006,2025-09-16,Inspection,In Progress,4.5,6150000,Electrical Vendor,SYNTHETIC_VN_REALISTIC
MT00610,EQ00376,BLD025,2025-06-20,Inspection,Completed,4.4,950000,Electrical Vendor,SYNTHETIC_VN_REALISTIC
MT00611,EQ00783,BLD050,2026-05-07,Cleaning,Completed,2.6,9300000,FM Team A,SYNTHETIC_VN_REALISTIC
MT00612,EQ00612,BLD039,2025-06-04,Cleaning,Open,2.0,23900000,FM Team B,SYNTHETIC_VN_REALISTIC
MT00613,EQ00861,BLD056,2026-07-10,Calibration,Completed,8.9,22400000,HVAC Vendor,SYNTHETIC_VN_REALISTIC
MT00614,EQ00469,BLD030,2025-07-23,Inspection,Completed,8.2,8450000,FM Team A,SYNTHETIC_VN_REALISTIC
MT00615,EQ00051,BLD004,2025-11-14,Inspection,In Progress,10.9,10300000,Electrical Vendor,SYNTHETIC_VN_REALISTIC
MT00616,EQ01601,BLD102,2025-01-10,Corrective,Completed,8.7,2050000,FM Team A,SYNTHETIC_VN_REALISTIC
MT00617,EQ00178,BLD013,2025-11-05,Cleaning,Completed,3.4,13900000,FM Team A,SYNTHETIC_VN_REALISTIC
MT00618,EQ00992,BLD063,2025-10-10,Inspection,Completed,2.5,400000,HVAC Vendor,SYNTHETIC_VN_REALISTIC
MT00619,EQ00872,BLD056,2025-10-24,Corrective,Open,4.2,850000,FM Team A,SYNTHETIC_VN_REALISTIC
MT00620,EQ00236,BLD016,2026-01-20,Cleaning,Completed,2.9,15950000,FM Team B,SYNTHETIC_VN_REALISTIC
MT00621,EQ01409,BLD090,2025-10-04,Preventive,Completed,6.4,24050000,FM Team A,SYNTHETIC_VN_REALISTIC
MT00622,EQ00603,BLD039,2025-12-28,Cleaning,Completed,6.0,10850000,Plumbing Vendor,SYNTHETIC_VN_REALISTIC
MT00623,EQ01470,BLD093,2025-03-23,Inspection,Completed,8.9,6550000,HVAC Vendor,SYNTHETIC_VN_REALISTIC
MT00624,EQ01280,BLD082,2025-09-05,Preventive,In Progress,7.7,19700000,FM Team A,SYNTHETIC_VN_REALISTIC
MT00625,EQ00677,BLD044,2025-10-27,Inspection,Open,8.6,4700000,FM Team B,SYNTHETIC_VN_REALISTIC
MT00626,EQ00597,BLD038,2026-06-04,Preventive,Completed,3.0,3250000,Plumbing Vendor,SYNTHETIC_VN_REALISTIC
MT00627,EQ00511,BLD033,2025-04-07,Preventive,Open,11.0,12200000,Plumbing Vendor,SYNTHETIC_VN_REALISTIC
MT00628,EQ01557,BLD099,2025-12-03,Cleaning,Completed,0.4,5200000,HVAC Vendor,SYNTHETIC_VN_REALISTIC
MT00629,EQ01091,BLD070,2026-08-16,Preventive,Completed,10.2,15500000,FM Team A,SYNTHETIC_VN_REALISTIC
MT00630,EQ00828,BLD054,2026-07-24,Calibration,Open,5.0,11900000,Plumbing Vendor,SYNTHETIC_VN_REALISTIC
MT00631,EQ00370,BLD024,2026-03-12,Preventive,Completed,2.0,21200000,FM Team B,SYNTHETIC_VN_REALISTIC
MT00632,EQ01911,BLD120,2026-07-12,Calibration,Completed,8.9,11050000,Plumbing Vendor,SYNTHETIC_VN_REALISTIC
MT00633,EQ00299,BLD020,2025-08-17,Calibration,Open,7.0,18200000,FM Team B,SYNTHETIC_VN_REALISTIC
MT00634,EQ00659,BLD043,2025-07-07,Corrective,Completed,0.4,14600000,Electrical Vendor,SYNTHETIC_VN_REALISTIC
MT00635,EQ01818,BLD115,2025-09-20,Calibration,Open,11.3,3950000,FM Team A,SYNTHETIC_VN_REALISTIC
MT00636,EQ01436,BLD092,2026-07-12,Corrective,Open,10.8,24750000,Electrical Vendor,SYNTHETIC_VN_REALISTIC
MT00637,EQ00555,BLD036,2025-12-17,Corrective,Completed,2.3,12700000,FM Team B,SYNTHETIC_VN_REALISTIC
MT00638,EQ01167,BLD075,2025-02-12,Corrective,Completed,7.2,7000000,FM Team A,SYNTHETIC_VN_REALISTIC
MT00639,EQ01423,BLD091,2026-04-19,Inspection,Completed,0.1,3150000,Electrical Vendor,SYNTHETIC_VN_REALISTIC
MT00640,EQ01273,BLD082,2025-01-29,Preventive,Completed,7.0,750000,HVAC Vendor,SYNTHETIC_VN_REALISTIC
MT00641,EQ00482,BLD031,2025-09-26,Corrective,Completed,7.4,5600000,Plumbing Vendor,SYNTHETIC_VN_REALISTIC
MT00642,EQ00083,BLD006,2025-11-02,Cleaning,Completed,11.4,4850000,FM Team A,SYNTHETIC_VN_REALISTIC
MT00643,EQ00886,BLD057,2026-05-05,Corrective,In Progress,9.6,1450000,FM Team A,SYNTHETIC_VN_REALISTIC
MT00644,EQ01362,BLD087,2026-06-16,Calibration,Open,10.8,15900000,Plumbing Vendor,SYNTHETIC_VN_REALISTIC
MT00645,EQ01129,BLD073,2025-05-24,Calibration,Completed,11.7,4500000,Plumbing Vendor,SYNTHETIC_VN_REALISTIC
MT00646,EQ00873,BLD057,2025-05-01,Preventive,In Progress,10.3,4450000,HVAC Vendor,SYNTHETIC_VN_REALISTIC
MT00647,EQ00391,BLD026,2025-11-29,Calibration,In Progress,3.8,6600000,HVAC Vendor,SYNTHETIC_VN_REALISTIC
MT00648,EQ00151,BLD011,2025-05-20,Cleaning,Completed,2.8,8100000,FM Team A,SYNTHETIC_VN_REALISTIC
MT00649,EQ00909,BLD058,2025-01-27,Calibration,Completed,2.9,1700000,Electrical Vendor,SYNTHETIC_VN_REALISTIC
MT00650,EQ01701,BLD108,2025-07-13,Preventive,Open,3.3,14650000,Electrical Vendor,SYNTHETIC_VN_REALISTIC
MT00651,EQ00243,BLD016,2025-02-21,Inspection,In Progress,8.4,10000000,FM Team A,SYNTHETIC_VN_REALISTIC
MT00652,EQ01175,BLD076,2025-11-09,Preventive,Completed,2.4,9050000,FM Team A,SYNTHETIC_VN_REALISTIC
MT00653,EQ01332,BLD085,2025-02-22,Inspection,Open,4.7,22200000,FM Team A,SYNTHETIC_VN_REALISTIC
MT00654,EQ01426,BLD091,2025-02-12,Corrective,In Progress,10.6,22250000,Electrical Vendor,SYNTHETIC_VN_REALISTIC
MT00655,EQ01634,BLD104,2025-05-24,Corrective,Completed,6.8,13950000,FM Team A,SYNTHETIC_VN_REALISTIC
MT00656,EQ01419,BLD090,2026-04-22,Preventive,Open,7.6,18800000,FM Team A,SYNTHETIC_VN_REALISTIC
MT00657,EQ00938,BLD060,2025-12-17,Inspection,Completed,2.7,5900000,HVAC Vendor,SYNTHETIC_VN_REALISTIC
MT00658,EQ01571,BLD099,2025-01-21,Inspection,Completed,2.7,2300000,Plumbing Vendor,SYNTHETIC_VN_REALISTIC
MT00659,EQ01280,BLD082,2025-09-26,Preventive,Completed,3.0,15550000,FM Team B,SYNTHETIC_VN_REALISTIC
MT00660,EQ01720,BLD109,2025-06-13,Corrective,Completed,0.6,13750000,FM Team B,SYNTHETIC_VN_REALISTIC
MT00661,EQ01523,BLD097,2026-07-29,Preventive,Completed,8.3,18250000,Electrical Vendor,SYNTHETIC_VN_REALISTIC
MT00662,EQ01908,BLD120,2025-06-04,Inspection,Completed,7.3,7400000,Plumbing Vendor,SYNTHETIC_VN_REALISTIC
MT00663,EQ01918,BLD120,2026-08-09,Inspection,Completed,10.0,12950000,FM Team B,SYNTHETIC_VN_REALISTIC
MT00664,EQ00809,BLD053,2026-05-16,Corrective,Open,0.4,17400000,Plumbing Vendor,SYNTHETIC_VN_REALISTIC
MT00665,EQ01762,BLD111,2025-09-10,Corrective,Completed,0.8,19950000,FM Team A,SYNTHETIC_VN_REALISTIC
MT00666,EQ00924,BLD059,2025-11-28,Cleaning,In Progress,0.6,7150000,Plumbing Vendor,SYNTHETIC_VN_REALISTIC
MT00667,EQ00490,BLD031,2025-06-23,Inspection,Open,2.3,10800000,Electrical Vendor,SYNTHETIC_VN_REALISTIC
MT00668,EQ01209,BLD078,2025-08-07,Inspection,Completed,9.5,10400000,FM Team A,SYNTHETIC_VN_REALISTIC
MT00669,EQ00426,BLD028,2026-02-23,Corrective,In Progress,10.1,17000000,HVAC Vendor,SYNTHETIC_VN_REALISTIC
MT00670,EQ01693,BLD108,2026-03-23,Cleaning,Completed,8.3,3200000,HVAC Vendor,SYNTHETIC_VN_REALISTIC
MT00671,EQ01214,BLD078,2026-08-04,Cleaning,In Progress,5.2,23700000,FM Team B,SYNTHETIC_VN_REALISTIC
MT00672,EQ01298,BLD083,2026-01-21,Preventive,Open,3.8,20150000,FM Team A,SYNTHETIC_VN_REALISTIC
MT00673,EQ00654,BLD043,2026-02-08,Calibration,Completed,10.1,6900000,HVAC Vendor,SYNTHETIC_VN_REALISTIC
MT00674,EQ00545,BLD035,2025-12-29,Cleaning,Open,3.6,15550000,Electrical Vendor,SYNTHETIC_VN_REALISTIC
MT00675,EQ00615,BLD040,2025-04-09,Preventive,In Progress,1.7,21050000,FM Team B,SYNTHETIC_VN_REALISTIC
MT00676,EQ00672,BLD043,2025-06-30,Cleaning,In Progress,4.3,24150000,HVAC Vendor,SYNTHETIC_VN_REALISTIC
MT00677,EQ00148,BLD011,2025-03-15,Corrective,Completed,1.6,22350000,HVAC Vendor,SYNTHETIC_VN_REALISTIC
MT00678,EQ00244,BLD016,2025-06-04,Corrective,In Progress,5.2,8100000,FM Team A,SYNTHETIC_VN_REALISTIC
MT00679,EQ01524,BLD097,2025-06-01,Corrective,Open,3.1,4750000,Plumbing Vendor,SYNTHETIC_VN_REALISTIC
MT00680,EQ01353,BLD086,2025-10-18,Inspection,Completed,5.2,16150000,FM Team B,SYNTHETIC_VN_REALISTIC
MT00681,EQ00881,BLD057,2025-06-30,Calibration,Completed,5.7,8650000,Plumbing Vendor,SYNTHETIC_VN_REALISTIC
MT00682,EQ01554,BLD099,2025-08-06,Corrective,Completed,3.4,9250000,FM Team A,SYNTHETIC_VN_REALISTIC
MT00683,EQ00474,BLD030,2025-06-26,Inspection,In Progress,5.9,20650000,Electrical Vendor,SYNTHETIC_VN_REALISTIC
MT00684,EQ00895,BLD058,2025-10-25,Calibration,Completed,4.7,17150000,FM Team A,SYNTHETIC_VN_REALISTIC
MT00685,EQ01520,BLD097,2025-07-28,Calibration,In Progress,6.8,7050000,FM Team A,SYNTHETIC_VN_REALISTIC
MT00686,EQ00173,BLD012,2025-03-06,Inspection,Completed,0.4,6900000,HVAC Vendor,SYNTHETIC_VN_REALISTIC
MT00687,EQ01809,BLD114,2025-07-03,Inspection,In Progress,11.5,13500000,Electrical Vendor,SYNTHETIC_VN_REALISTIC
MT00688,EQ00708,BLD046,2025-11-06,Corrective,Completed,3.9,15850000,HVAC Vendor,SYNTHETIC_VN_REALISTIC
MT00689,EQ00541,BLD035,2026-09-11,Calibration,Completed,10.7,17250000,FM Team A,SYNTHETIC_VN_REALISTIC
MT00690,EQ01255,BLD080,2025-03-24,Preventive,Completed,11.1,14000000,FM Team A,SYNTHETIC_VN_REALISTIC
MT00691,EQ00035,BLD003,2025-02-10,Calibration,Completed,7.8,18450000,FM Team A,SYNTHETIC_VN_REALISTIC
MT00692,EQ01811,BLD114,2026-09-07,Inspection,Completed,8.6,10450000,FM Team B,SYNTHETIC_VN_REALISTIC
MT00693,EQ01538,BLD097,2025-10-09,Calibration,Completed,10.5,18000000,HVAC Vendor,SYNTHETIC_VN_REALISTIC
MT00694,EQ00572,BLD037,2026-05-12,Inspection,In Progress,10.1,14800000,Electrical Vendor,SYNTHETIC_VN_REALISTIC
MT00695,EQ01565,BLD099,2026-05-03,Inspection,In Progress,8.4,3050000,FM Team B,SYNTHETIC_VN_REALISTIC
MT00696,EQ01504,BLD096,2026-07-13,Preventive,Completed,9.9,6150000,Electrical Vendor,SYNTHETIC_VN_REALISTIC
MT00697,EQ01826,BLD115,2025-09-08,Calibration,Completed,1.0,550000,HVAC Vendor,SYNTHETIC_VN_REALISTIC
MT00698,EQ00701,BLD045,2026-02-01,Preventive,In Progress,3.3,5100000,Plumbing Vendor,SYNTHETIC_VN_REALISTIC
MT00699,EQ00390,BLD026,2025-01-11,Calibration,Completed,10.1,5650000,FM Team A,SYNTHETIC_VN_REALISTIC
MT00700,EQ01136,BLD073,2025-12-18,Cleaning,Completed,9.9,18300000,HVAC Vendor,SYNTHETIC_VN_REALISTIC
MT00701,EQ00611,BLD039,2025-04-15,Preventive,Completed,10.9,22200000,HVAC Vendor,SYNTHETIC_VN_REALISTIC
MT00702,EQ01414,BLD090,2025-07-18,Corrective,Completed,2.5,8350000,FM Team A,SYNTHETIC_VN_REALISTIC
MT00703,EQ00928,BLD059,2026-05-21,Cleaning,Completed,5.3,9800000,FM Team B,SYNTHETIC_VN_REALISTIC
MT00704,EQ01129,BLD073,2026-08-08,Inspection,Completed,2.2,20750000,FM Team A,SYNTHETIC_VN_REALISTIC
MT00705,EQ01452,BLD092,2025-08-15,Calibration,In Progress,8.1,12400000,HVAC Vendor,SYNTHETIC_VN_REALISTIC
MT00706,EQ00899,BLD058,2026-06-23,Calibration,Completed,9.0,18950000,FM Team B,SYNTHETIC_VN_REALISTIC
MT00707,EQ01621,BLD103,2025-08-16,Cleaning,In Progress,4.2,3900000,HVAC Vendor,SYNTHETIC_VN_REALISTIC
MT00708,EQ01098,BLD070,2026-08-27,Cleaning,Completed,8.2,21350000,FM Team B,SYNTHETIC_VN_REALISTIC
MT00709,EQ00234,BLD016,2026-01-19,Cleaning,Completed,2.9,10800000,Electrical Vendor,SYNTHETIC_VN_REALISTIC
MT00710,EQ00829,BLD054,2026-01-02,Calibration,Open,6.3,12150000,HVAC Vendor,SYNTHETIC_VN_REALISTIC
MT00711,EQ00694,BLD045,2025-09-19,Cleaning,Completed,5.7,11100000,FM Team A,SYNTHETIC_VN_REALISTIC
MT00712,EQ00740,BLD047,2025-02-19,Cleaning,Open,9.5,10950000,HVAC Vendor,SYNTHETIC_VN_REALISTIC
MT00713,EQ01740,BLD110,2026-07-28,Calibration,Open,5.4,23150000,FM Team B,SYNTHETIC_VN_REALISTIC
MT00714,EQ01035,BLD066,2025-12-12,Preventive,Completed,4.1,9350000,FM Team A,SYNTHETIC_VN_REALISTIC
MT00715,EQ00543,BLD035,2025-12-06,Preventive,Completed,4.9,1100000,Electrical Vendor,SYNTHETIC_VN_REALISTIC
MT00716,EQ00284,BLD019,2026-04-13,Preventive,Completed,5.2,12700000,Plumbing Vendor,SYNTHETIC_VN_REALISTIC
MT00717,EQ00708,BLD046,2026-02-12,Cleaning,Completed,4.6,21200000,Plumbing Vendor,SYNTHETIC_VN_REALISTIC
MT00718,EQ00526,BLD034,2026-06-10,Inspection,Completed,9.7,24300000,FM Team A,SYNTHETIC_VN_REALISTIC
MT00719,EQ01260,BLD080,2025-12-06,Preventive,Completed,5.3,15350000,FM Team A,SYNTHETIC_VN_REALISTIC
MT00720,EQ00851,BLD055,2025-08-26,Calibration,Completed,10.7,24450000,FM Team A,SYNTHETIC_VN_REALISTIC
MT00721,EQ01288,BLD082,2025-05-07,Preventive,Open,6.2,23150000,Electrical Vendor,SYNTHETIC_VN_REALISTIC
MT00722,EQ00876,BLD057,2025-12-06,Corrective,Completed,1.2,11500000,FM Team A,SYNTHETIC_VN_REALISTIC
MT00723,EQ01327,BLD085,2026-06-13,Preventive,Completed,6.9,17800000,FM Team B,SYNTHETIC_VN_REALISTIC
MT00724,EQ01034,BLD066,2025-07-27,Calibration,In Progress,10.9,21800000,Electrical Vendor,SYNTHETIC_VN_REALISTIC
MT00725,EQ01871,BLD118,2025-11-12,Calibration,Completed,3.3,5950000,FM Team B,SYNTHETIC_VN_REALISTIC
MT00726,EQ01910,BLD120,2026-08-15,Corrective,Open,0.7,12700000,Electrical Vendor,SYNTHETIC_VN_REALISTIC
MT00727,EQ00467,BLD030,2026-04-20,Calibration,Open,2.0,23300000,Electrical Vendor,SYNTHETIC_VN_REALISTIC
MT00728,EQ01651,BLD105,2025-11-21,Preventive,In Progress,1.2,16100000,FM Team A,SYNTHETIC_VN_REALISTIC
MT00729,EQ00311,BLD021,2025-11-06,Calibration,Completed,3.5,19250000,FM Team B,SYNTHETIC_VN_REALISTIC
MT00730,EQ00113,BLD007,2026-06-01,Preventive,In Progress,5.1,250000,Electrical Vendor,SYNTHETIC_VN_REALISTIC
MT00731,EQ00447,BLD029,2025-01-10,Corrective,Completed,8.0,23400000,HVAC Vendor,SYNTHETIC_VN_REALISTIC
MT00732,EQ00607,BLD039,2026-04-21,Inspection,Completed,8.5,17150000,Electrical Vendor,SYNTHETIC_VN_REALISTIC
MT00733,EQ01630,BLD103,2026-03-03,Corrective,In Progress,5.7,19300000,HVAC Vendor,SYNTHETIC_VN_REALISTIC
MT00734,EQ00329,BLD022,2026-08-15,Inspection,In Progress,1.4,5300000,FM Team B,SYNTHETIC_VN_REALISTIC
MT00735,EQ00565,BLD037,2026-04-14,Cleaning,Open,7.4,22100000,Plumbing Vendor,SYNTHETIC_VN_REALISTIC
MT00736,EQ00487,BLD031,2026-05-25,Inspection,In Progress,5.9,10350000,FM Team A,SYNTHETIC_VN_REALISTIC
MT00737,EQ00657,BLD043,2025-03-28,Corrective,In Progress,9.3,7750000,HVAC Vendor,SYNTHETIC_VN_REALISTIC
MT00738,EQ00040,BLD003,2026-08-14,Cleaning,In Progress,5.7,18800000,HVAC Vendor,SYNTHETIC_VN_REALISTIC
MT00739,EQ00355,BLD023,2025-04-21,Preventive,Completed,1.9,4350000,Electrical Vendor,SYNTHETIC_VN_REALISTIC
MT00740,EQ01272,BLD082,2025-05-11,Inspection,Completed,7.7,22900000,Plumbing Vendor,SYNTHETIC_VN_REALISTIC
MT00741,EQ01662,BLD105,2026-08-29,Inspection,Completed,10.9,12600000,FM Team B,SYNTHETIC_VN_REALISTIC
MT00742,EQ01600,BLD102,2025-12-28,Preventive,Completed,5.7,15850000,Plumbing Vendor,SYNTHETIC_VN_REALISTIC
MT00743,EQ00425,BLD028,2025-02-06,Corrective,In Progress,8.0,9300000,Plumbing Vendor,SYNTHETIC_VN_REALISTIC
MT00744,EQ01285,BLD082,2025-02-05,Calibration,Open,7.9,3050000,Electrical Vendor,SYNTHETIC_VN_REALISTIC
MT00745,EQ00922,BLD059,2025-11-02,Inspection,Completed,9.1,24400000,FM Team B,SYNTHETIC_VN_REALISTIC
MT00746,EQ01533,BLD097,2026-05-14,Cleaning,Completed,3.3,12500000,FM Team A,SYNTHETIC_VN_REALISTIC
MT00747,EQ00856,BLD055,2025-10-14,Cleaning,Open,5.9,11100000,HVAC Vendor,SYNTHETIC_VN_REALISTIC
MT00748,EQ01700,BLD108,2025-12-12,Inspection,Completed,3.0,17050000,FM Team B,SYNTHETIC_VN_REALISTIC
MT00749,EQ00379,BLD025,2025-01-18,Cleaning,In Progress,7.8,1350000,HVAC Vendor,SYNTHETIC_VN_REALISTIC
MT00750,EQ01652,BLD105,2025-04-12,Cleaning,In Progress,4.6,16650000,Electrical Vendor,SYNTHETIC_VN_REALISTIC
MT00751,EQ01579,BLD100,2025-06-15,Inspection,Completed,4.3,6300000,FM Team B,SYNTHETIC_VN_REALISTIC
MT00752,EQ01037,BLD066,2026-03-25,Preventive,Completed,4.0,8400000,Plumbing Vendor,SYNTHETIC_VN_REALISTIC
MT00753,EQ01673,BLD106,2026-05-03,Cleaning,Completed,5.4,17350000,HVAC Vendor,SYNTHETIC_VN_REALISTIC
MT00754,EQ00112,BLD007,2026-01-25,Cleaning,Completed,3.1,5950000,FM Team A,SYNTHETIC_VN_REALISTIC
MT00755,EQ01029,BLD065,2026-04-05,Cleaning,Open,4.1,10750000,FM Team A,SYNTHETIC_VN_REALISTIC
MT00756,EQ00026,BLD002,2026-01-24,Corrective,Completed,9.2,2550000,FM Team A,SYNTHETIC_VN_REALISTIC
MT00757,EQ00876,BLD057,2025-06-22,Calibration,Completed,10.6,2200000,HVAC Vendor,SYNTHETIC_VN_REALISTIC
MT00758,EQ00588,BLD038,2025-12-17,Preventive,In Progress,10.5,24800000,HVAC Vendor,SYNTHETIC_VN_REALISTIC
MT00759,EQ01658,BLD105,2026-07-14,Cleaning,In Progress,8.7,18450000,Plumbing Vendor,SYNTHETIC_VN_REALISTIC
MT00760,EQ01503,BLD096,2025-04-24,Preventive,In Progress,3.7,9400000,Electrical Vendor,SYNTHETIC_VN_REALISTIC
MT00761,EQ00314,BLD021,2025-05-08,Inspection,Completed,6.8,24750000,Electrical Vendor,SYNTHETIC_VN_REALISTIC
MT00762,EQ01487,BLD094,2025-12-16,Corrective,In Progress,4.1,10500000,Electrical Vendor,SYNTHETIC_VN_REALISTIC
MT00763,EQ01295,BLD083,2026-01-20,Preventive,Completed,5.3,15150000,Plumbing Vendor,SYNTHETIC_VN_REALISTIC
MT00764,EQ01712,BLD109,2025-08-15,Preventive,Completed,5.4,7150000,Plumbing Vendor,SYNTHETIC_VN_REALISTIC
MT00765,EQ01700,BLD108,2026-01-03,Preventive,Completed,0.3,5850000,HVAC Vendor,SYNTHETIC_VN_REALISTIC
MT00766,EQ01603,BLD102,2025-09-30,Cleaning,Completed,11.4,7000000,Electrical Vendor,SYNTHETIC_VN_REALISTIC
MT00767,EQ01221,BLD079,2025-10-05,Corrective,Completed,2.2,5750000,FM Team B,SYNTHETIC_VN_REALISTIC
MT00768,EQ00516,BLD034,2026-02-14,Calibration,Completed,2.4,16150000,Electrical Vendor,SYNTHETIC_VN_REALISTIC
MT00769,EQ00338,BLD022,2026-03-11,Preventive,Open,5.5,15150000,Plumbing Vendor,SYNTHETIC_VN_REALISTIC
MT00770,EQ00359,BLD024,2026-04-06,Preventive,In Progress,11.8,7600000,FM Team B,SYNTHETIC_VN_REALISTIC
MT00771,EQ00500,BLD032,2026-04-09,Corrective,Completed,3.1,6850000,FM Team A,SYNTHETIC_VN_REALISTIC
MT00772,EQ01294,BLD083,2026-06-18,Preventive,Completed,4.9,14300000,Plumbing Vendor,SYNTHETIC_VN_REALISTIC
MT00773,EQ01393,BLD088,2025-01-27,Calibration,In Progress,7.9,16500000,FM Team A,SYNTHETIC_VN_REALISTIC
MT00774,EQ00288,BLD019,2025-07-08,Calibration,In Progress,7.2,13800000,FM Team B,SYNTHETIC_VN_REALISTIC
MT00775,EQ00171,BLD012,2025-11-13,Cleaning,In Progress,5.7,16150000,FM Team A,SYNTHETIC_VN_REALISTIC
MT00776,EQ01183,BLD076,2026-05-22,Inspection,Open,2.0,19600000,FM Team A,SYNTHETIC_VN_REALISTIC
MT00777,EQ01560,BLD099,2026-07-24,Cleaning,Open,6.5,2550000,Plumbing Vendor,SYNTHETIC_VN_REALISTIC
MT00778,EQ00156,BLD011,2026-03-31,Cleaning,Completed,11.1,20950000,HVAC Vendor,SYNTHETIC_VN_REALISTIC
MT00779,EQ00358,BLD024,2026-02-28,Corrective,Completed,6.2,11200000,FM Team B,SYNTHETIC_VN_REALISTIC
MT00780,EQ01127,BLD073,2025-10-05,Cleaning,Completed,1.8,11200000,Electrical Vendor,SYNTHETIC_VN_REALISTIC
MT00781,EQ00494,BLD032,2025-11-01,Preventive,In Progress,3.6,17850000,FM Team B,SYNTHETIC_VN_REALISTIC
MT00782,EQ01035,BLD066,2025-05-16,Calibration,Completed,10.6,24550000,Plumbing Vendor,SYNTHETIC_VN_REALISTIC
MT00783,EQ00482,BLD031,2025-07-30,Preventive,Completed,4.2,9100000,Plumbing Vendor,SYNTHETIC_VN_REALISTIC
MT00784,EQ01162,BLD075,2026-07-31,Calibration,Completed,7.4,14000000,FM Team B,SYNTHETIC_VN_REALISTIC
MT00785,EQ00596,BLD038,2026-05-30,Cleaning,Completed,0.7,2000000,FM Team A,SYNTHETIC_VN_REALISTIC
MT00786,EQ00416,BLD028,2026-01-23,Cleaning,Completed,2.4,5150000,Electrical Vendor,SYNTHETIC_VN_REALISTIC
MT00787,EQ01654,BLD105,2025-04-30,Calibration,Completed,2.0,9300000,FM Team A,SYNTHETIC_VN_REALISTIC
MT00788,EQ00185,BLD013,2025-02-02,Cleaning,Completed,5.8,3850000,FM Team A,SYNTHETIC_VN_REALISTIC
MT00789,EQ00166,BLD012,2026-03-04,Cleaning,Completed,8.6,10350000,FM Team A,SYNTHETIC_VN_REALISTIC
MT00790,EQ01115,BLD071,2025-09-30,Calibration,Completed,6.3,5150000,HVAC Vendor,SYNTHETIC_VN_REALISTIC
MT00791,EQ00035,BLD003,2026-07-16,Cleaning,Completed,9.6,7550000,Electrical Vendor,SYNTHETIC_VN_REALISTIC
MT00792,EQ01671,BLD106,2026-01-09,Calibration,In Progress,0.2,7750000,Plumbing Vendor,SYNTHETIC_VN_REALISTIC
MT00793,EQ00594,BLD038,2026-02-20,Cleaning,Completed,3.4,1200000,Electrical Vendor,SYNTHETIC_VN_REALISTIC
MT00794,EQ00994,BLD063,2026-03-09,Inspection,Completed,4.4,21300000,HVAC Vendor,SYNTHETIC_VN_REALISTIC
MT00795,EQ01819,BLD115,2025-10-05,Preventive,In Progress,9.7,7800000,FM Team A,SYNTHETIC_VN_REALISTIC
MT00796,EQ00301,BLD020,2025-10-25,Corrective,Completed,6.2,11200000,Electrical Vendor,SYNTHETIC_VN_REALISTIC
MT00797,EQ01185,BLD076,2026-02-22,Inspection,Open,6.8,15300000,FM Team B,SYNTHETIC_VN_REALISTIC
MT00798,EQ00301,BLD020,2026-05-07,Calibration,Open,3.6,19650000,Electrical Vendor,SYNTHETIC_VN_REALISTIC
MT00799,EQ01137,BLD073,2025-10-25,Preventive,Completed,1.0,19900000,Plumbing Vendor,SYNTHETIC_VN_REALISTIC
MT00800,EQ01219,BLD078,2026-05-18,Inspection,In Progress,2.8,24550000,FM Team B,SYNTHETIC_VN_REALISTIC
MT00801,EQ00567,BLD037,2026-02-06,Calibration,Completed,8.4,22050000,FM Team B,SYNTHETIC_VN_REALISTIC
MT00802,EQ00080,BLD006,2025-09-17,Inspection,Completed,6.4,17250000,Electrical Vendor,SYNTHETIC_VN_REALISTIC
MT00803,EQ00483,BLD031,2025-08-01,Cleaning,Completed,2.7,16350000,HVAC Vendor,SYNTHETIC_VN_REALISTIC
MT00804,EQ01360,BLD087,2025-08-06,Inspection,Completed,10.9,17900000,FM Team A,SYNTHETIC_VN_REALISTIC
MT00805,EQ00007,BLD001,2026-04-18,Inspection,Completed,2.3,14400000,FM Team A,SYNTHETIC_VN_REALISTIC
MT00806,EQ01122,BLD072,2025-01-29,Inspection,Open,5.0,19000000,Plumbing Vendor,SYNTHETIC_VN_REALISTIC
MT00807,EQ01870,BLD117,2025-01-25,Preventive,Completed,6.0,950000,FM Team A,SYNTHETIC_VN_REALISTIC
MT00808,EQ00142,BLD010,2026-08-12,Corrective,Open,5.0,23750000,FM Team A,SYNTHETIC_VN_REALISTIC
MT00809,EQ00376,BLD025,2025-08-25,Corrective,Completed,1.5,2000000,HVAC Vendor,SYNTHETIC_VN_REALISTIC
MT00810,EQ01571,BLD099,2026-01-15,Cleaning,Completed,5.8,16250000,HVAC Vendor,SYNTHETIC_VN_REALISTIC
MT00811,EQ01847,BLD116,2026-08-16,Preventive,Completed,3.7,19150000,Electrical Vendor,SYNTHETIC_VN_REALISTIC
MT00812,EQ00663,BLD043,2025-02-24,Calibration,Completed,2.9,200000,FM Team B,SYNTHETIC_VN_REALISTIC
MT00813,EQ00298,BLD020,2026-01-19,Inspection,Open,8.8,15400000,HVAC Vendor,SYNTHETIC_VN_REALISTIC
MT00814,EQ00514,BLD033,2026-03-13,Preventive,Completed,0.6,8700000,Plumbing Vendor,SYNTHETIC_VN_REALISTIC
MT00815,EQ01695,BLD108,2026-01-11,Inspection,Completed,4.8,1050000,Plumbing Vendor,SYNTHETIC_VN_REALISTIC
MT00816,EQ00742,BLD048,2026-04-09,Inspection,Completed,0.3,3300000,Plumbing Vendor,SYNTHETIC_VN_REALISTIC
MT00817,EQ01890,BLD119,2025-07-15,Preventive,Completed,9.4,20850000,HVAC Vendor,SYNTHETIC_VN_REALISTIC
MT00818,EQ00680,BLD044,2025-01-03,Inspection,Open,6.2,17550000,FM Team B,SYNTHETIC_VN_REALISTIC
MT00819,EQ00405,BLD027,2026-02-07,Cleaning,In Progress,3.6,13700000,Electrical Vendor,SYNTHETIC_VN_REALISTIC
MT00820,EQ00258,BLD017,2025-03-03,Inspection,Open,0.7,21900000,FM Team B,SYNTHETIC_VN_REALISTIC
MT00821,EQ00254,BLD017,2025-01-08,Calibration,In Progress,9.7,12850000,Plumbing Vendor,SYNTHETIC_VN_REALISTIC
MT00822,EQ01228,BLD079,2025-02-24,Calibration,Completed,6.7,12750000,FM Team A,SYNTHETIC_VN_REALISTIC
MT00823,EQ01635,BLD104,2026-07-14,Corrective,Completed,10.6,8450000,Electrical Vendor,SYNTHETIC_VN_REALISTIC
MT00824,EQ01764,BLD112,2026-07-10,Cleaning,Completed,1.0,5200000,FM Team B,SYNTHETIC_VN_REALISTIC
MT00825,EQ00277,BLD018,2025-09-29,Calibration,Open,1.0,21100000,FM Team A,SYNTHETIC_VN_REALISTIC
MT00826,EQ01661,BLD105,2026-06-05,Cleaning,Completed,4.4,6850000,Electrical Vendor,SYNTHETIC_VN_REALISTIC
MT00827,EQ00732,BLD047,2025-09-17,Cleaning,Completed,10.4,24800000,FM Team A,SYNTHETIC_VN_REALISTIC
MT00828,EQ01768,BLD112,2025-02-16,Preventive,Completed,1.3,10200000,Plumbing Vendor,SYNTHETIC_VN_REALISTIC
MT00829,EQ00658,BLD043,2026-05-30,Cleaning,Completed,3.2,19800000,Electrical Vendor,SYNTHETIC_VN_REALISTIC
MT00830,EQ01579,BLD100,2026-06-27,Preventive,Open,0.4,21850000,FM Team A,SYNTHETIC_VN_REALISTIC
MT00831,EQ01643,BLD104,2026-07-27,Preventive,Completed,5.1,4250000,HVAC Vendor,SYNTHETIC_VN_REALISTIC
MT00832,EQ00004,BLD001,2025-03-19,Inspection,Completed,0.3,1400000,HVAC Vendor,SYNTHETIC_VN_REALISTIC
MT00833,EQ00660,BLD043,2025-11-30,Inspection,In Progress,4.5,5900000,HVAC Vendor,SYNTHETIC_VN_REALISTIC
MT00834,EQ01791,BLD113,2025-06-26,Inspection,In Progress,7.5,24550000,FM Team B,SYNTHETIC_VN_REALISTIC
MT00835,EQ01148,BLD074,2025-04-19,Preventive,Completed,7.3,20250000,FM Team A,SYNTHETIC_VN_REALISTIC
MT00836,EQ00955,BLD061,2026-07-18,Calibration,Open,1.6,10700000,FM Team B,SYNTHETIC_VN_REALISTIC
MT00837,EQ01802,BLD114,2025-01-02,Inspection,Completed,0.6,16300000,Plumbing Vendor,SYNTHETIC_VN_REALISTIC
MT00838,EQ00048,BLD003,2026-08-16,Preventive,Open,11.0,6000000,HVAC Vendor,SYNTHETIC_VN_REALISTIC
MT00839,EQ00913,BLD058,2025-05-28,Cleaning,Completed,7.5,6350000,FM Team A,SYNTHETIC_VN_REALISTIC
MT00840,EQ01196,BLD077,2026-05-02,Corrective,Completed,0.4,5850000,FM Team B,SYNTHETIC_VN_REALISTIC
MT00841,EQ00839,BLD054,2025-01-09,Calibration,Completed,5.9,5100000,FM Team A,SYNTHETIC_VN_REALISTIC
MT00842,EQ00225,BLD015,2025-01-01,Calibration,Completed,0.9,8700000,FM Team A,SYNTHETIC_VN_REALISTIC
MT00843,EQ01167,BLD075,2026-01-15,Calibration,Open,7.2,1700000,FM Team A,SYNTHETIC_VN_REALISTIC
MT00844,EQ00926,BLD059,2026-08-05,Cleaning,Completed,7.8,1950000,Plumbing Vendor,SYNTHETIC_VN_REALISTIC
MT00845,EQ00501,BLD032,2026-07-04,Corrective,Completed,10.5,17550000,HVAC Vendor,SYNTHETIC_VN_REALISTIC
MT00846,EQ01468,BLD093,2026-08-19,Corrective,Completed,4.9,21300000,Plumbing Vendor,SYNTHETIC_VN_REALISTIC
MT00847,EQ01350,BLD086,2026-02-25,Calibration,Open,6.4,250000,FM Team A,SYNTHETIC_VN_REALISTIC
MT00848,EQ01302,BLD083,2025-02-12,Cleaning,Completed,1.5,18250000,FM Team B,SYNTHETIC_VN_REALISTIC
MT00849,EQ00282,BLD019,2026-02-13,Inspection,Open,11.3,8050000,FM Team B,SYNTHETIC_VN_REALISTIC
MT00850,EQ00686,BLD044,2025-11-24,Preventive,Completed,9.1,6800000,Plumbing Vendor,SYNTHETIC_VN_REALISTIC
MT00851,EQ01085,BLD069,2026-03-26,Cleaning,Completed,5.3,22950000,Plumbing Vendor,SYNTHETIC_VN_REALISTIC
MT00852,EQ00785,BLD051,2026-07-09,Preventive,Open,7.7,12600000,FM Team A,SYNTHETIC_VN_REALISTIC
MT00853,EQ01550,BLD098,2025-06-02,Preventive,In Progress,0.2,24400000,Electrical Vendor,SYNTHETIC_VN_REALISTIC
MT00854,EQ00547,BLD036,2025-12-14,Cleaning,Completed,5.4,4600000,FM Team A,SYNTHETIC_VN_REALISTIC
MT00855,EQ00040,BLD003,2025-09-01,Inspection,In Progress,9.3,4050000,HVAC Vendor,SYNTHETIC_VN_REALISTIC
MT00856,EQ00181,BLD013,2025-08-06,Corrective,Completed,4.7,19450000,FM Team A,SYNTHETIC_VN_REALISTIC
MT00857,EQ00376,BLD025,2026-07-23,Preventive,Open,0.8,11050000,FM Team A,SYNTHETIC_VN_REALISTIC
MT00858,EQ01367,BLD087,2026-04-11,Calibration,Open,6.8,19950000,Plumbing Vendor,SYNTHETIC_VN_REALISTIC
MT00859,EQ01765,BLD112,2025-04-28,Inspection,Open,8.5,15000000,Electrical Vendor,SYNTHETIC_VN_REALISTIC
MT00860,EQ00705,BLD046,2026-04-08,Calibration,Open,0.9,22550000,HVAC Vendor,SYNTHETIC_VN_REALISTIC
MT00861,EQ00036,BLD003,2025-08-05,Calibration,In Progress,1.8,24100000,FM Team B,SYNTHETIC_VN_REALISTIC
MT00862,EQ00057,BLD004,2026-08-22,Calibration,Open,9.0,23550000,HVAC Vendor,SYNTHETIC_VN_REALISTIC
MT00863,EQ01089,BLD070,2025-10-13,Cleaning,Completed,11.2,8300000,FM Team A,SYNTHETIC_VN_REALISTIC
MT00864,EQ00246,BLD016,2025-05-30,Calibration,Open,4.5,18200000,FM Team B,SYNTHETIC_VN_REALISTIC
MT00865,EQ00036,BLD003,2025-07-25,Inspection,Completed,4.9,24900000,FM Team B,SYNTHETIC_VN_REALISTIC
MT00866,EQ01007,BLD064,2026-03-09,Calibration,Open,11.4,20100000,Electrical Vendor,SYNTHETIC_VN_REALISTIC
MT00867,EQ01414,BLD090,2025-09-27,Preventive,Completed,2.2,23500000,FM Team B,SYNTHETIC_VN_REALISTIC
MT00868,EQ00848,BLD055,2026-09-11,Preventive,Completed,10.2,11800000,FM Team B,SYNTHETIC_VN_REALISTIC
MT00869,EQ00562,BLD037,2025-08-04,Calibration,Open,6.4,17700000,HVAC Vendor,SYNTHETIC_VN_REALISTIC
MT00870,EQ00373,BLD024,2025-02-28,Cleaning,In Progress,2.5,1200000,HVAC Vendor,SYNTHETIC_VN_REALISTIC
MT00871,EQ00380,BLD025,2025-08-02,Calibration,Open,7.1,4200000,FM Team B,SYNTHETIC_VN_REALISTIC
MT00872,EQ00929,BLD059,2025-04-12,Calibration,In Progress,0.5,8450000,Plumbing Vendor,SYNTHETIC_VN_REALISTIC
MT00873,EQ01785,BLD113,2025-12-22,Inspection,Completed,9.4,15450000,FM Team B,SYNTHETIC_VN_REALISTIC
MT00874,EQ00800,BLD052,2025-12-19,Preventive,In Progress,8.6,23650000,FM Team B,SYNTHETIC_VN_REALISTIC
MT00875,EQ01245,BLD080,2026-05-14,Inspection,In Progress,10.5,13200000,FM Team A,SYNTHETIC_VN_REALISTIC
MT00876,EQ00633,BLD041,2025-02-10,Inspection,Open,8.1,9350000,Plumbing Vendor,SYNTHETIC_VN_REALISTIC
MT00877,EQ00312,BLD021,2026-05-24,Preventive,In Progress,0.4,1800000,Electrical Vendor,SYNTHETIC_VN_REALISTIC
MT00878,EQ01526,BLD097,2025-04-20,Calibration,Completed,4.8,18900000,HVAC Vendor,SYNTHETIC_VN_REALISTIC
MT00879,EQ00827,BLD053,2025-05-04,Cleaning,Completed,11.2,12100000,FM Team A,SYNTHETIC_VN_REALISTIC
MT00880,EQ00635,BLD041,2026-02-07,Calibration,Open,3.7,23950000,HVAC Vendor,SYNTHETIC_VN_REALISTIC
MT00881,EQ01784,BLD113,2025-12-08,Preventive,Completed,7.6,17850000,Electrical Vendor,SYNTHETIC_VN_REALISTIC
MT00882,EQ00119,BLD008,2025-12-15,Inspection,Completed,0.4,10850000,HVAC Vendor,SYNTHETIC_VN_REALISTIC
MT00883,EQ00094,BLD006,2026-02-22,Corrective,Completed,2.9,4850000,FM Team B,SYNTHETIC_VN_REALISTIC
MT00884,EQ01379,BLD088,2025-12-27,Inspection,Completed,0.3,4150000,FM Team A,SYNTHETIC_VN_REALISTIC
MT00885,EQ00639,BLD042,2026-05-15,Inspection,Completed,9.8,19050000,HVAC Vendor,SYNTHETIC_VN_REALISTIC
MT00886,EQ00070,BLD005,2026-08-23,Calibration,In Progress,7.7,13750000,Electrical Vendor,SYNTHETIC_VN_REALISTIC
MT00887,EQ00400,BLD026,2025-11-23,Inspection,Completed,1.8,9850000,Electrical Vendor,SYNTHETIC_VN_REALISTIC
MT00888,EQ00938,BLD060,2026-05-07,Preventive,Completed,9.6,12300000,FM Team A,SYNTHETIC_VN_REALISTIC
MT00889,EQ01854,BLD117,2025-01-29,Preventive,Open,11.1,21200000,HVAC Vendor,SYNTHETIC_VN_REALISTIC
MT00890,EQ01385,BLD088,2026-07-11,Preventive,Completed,11.9,23850000,Electrical Vendor,SYNTHETIC_VN_REALISTIC
MT00891,EQ01689,BLD107,2025-12-23,Corrective,Open,7.1,4400000,Plumbing Vendor,SYNTHETIC_VN_REALISTIC
MT00892,EQ00624,BLD041,2025-09-14,Calibration,Open,5.8,2750000,FM Team A,SYNTHETIC_VN_REALISTIC
MT00893,EQ01023,BLD065,2025-02-08,Corrective,Open,4.0,12750000,Plumbing Vendor,SYNTHETIC_VN_REALISTIC
MT00894,EQ01847,BLD116,2025-03-23,Preventive,Completed,4.8,23100000,FM Team B,SYNTHETIC_VN_REALISTIC
MT00895,EQ01249,BLD080,2026-02-21,Cleaning,Completed,8.0,5650000,FM Team B,SYNTHETIC_VN_REALISTIC
MT00896,EQ01747,BLD111,2026-04-19,Corrective,Open,4.1,4150000,HVAC Vendor,SYNTHETIC_VN_REALISTIC
MT00897,EQ00072,BLD005,2025-10-28,Preventive,Open,8.1,13150000,Plumbing Vendor,SYNTHETIC_VN_REALISTIC
MT00898,EQ00649,BLD042,2025-08-23,Inspection,Completed,9.0,20650000,HVAC Vendor,SYNTHETIC_VN_REALISTIC
MT00899,EQ00578,BLD037,2026-07-11,Calibration,Open,7.0,12100000,Plumbing Vendor,SYNTHETIC_VN_REALISTIC
MT00900,EQ01501,BLD096,2026-03-09,Corrective,In Progress,6.6,6950000,HVAC Vendor,SYNTHETIC_VN_REALISTIC
MT00901,EQ01208,BLD077,2026-04-28,Cleaning,In Progress,3.6,23450000,FM Team A,SYNTHETIC_VN_REALISTIC
MT00902,EQ01708,BLD108,2025-04-05,Preventive,Completed,5.3,18550000,FM Team B,SYNTHETIC_VN_REALISTIC
MT00903,EQ01615,BLD103,2025-02-14,Cleaning,Completed,5.8,24150000,FM Team B,SYNTHETIC_VN_REALISTIC
MT00904,EQ00275,BLD018,2025-03-21,Preventive,Open,2.9,8400000,FM Team B,SYNTHETIC_VN_REALISTIC
MT00905,EQ00646,BLD042,2025-07-10,Preventive,Completed,12.0,12300000,Electrical Vendor,SYNTHETIC_VN_REALISTIC
MT00906,EQ01177,BLD076,2025-10-07,Corrective,Open,0.4,300000,HVAC Vendor,SYNTHETIC_VN_REALISTIC
MT00907,EQ01529,BLD097,2025-02-28,Calibration,In Progress,6.7,3400000,FM Team A,SYNTHETIC_VN_REALISTIC
MT00908,EQ01797,BLD113,2025-06-07,Preventive,Open,6.2,19750000,Electrical Vendor,SYNTHETIC_VN_REALISTIC
MT00909,EQ00705,BLD046,2026-05-05,Inspection,Open,9.3,12700000,FM Team B,SYNTHETIC_VN_REALISTIC
MT00910,EQ00136,BLD010,2025-10-26,Calibration,Completed,1.6,13250000,FM Team B,SYNTHETIC_VN_REALISTIC
MT00911,EQ00761,BLD049,2025-08-21,Corrective,Completed,9.6,10650000,FM Team B,SYNTHETIC_VN_REALISTIC
MT00912,EQ00736,BLD047,2026-06-15,Corrective,In Progress,4.3,20900000,FM Team B,SYNTHETIC_VN_REALISTIC
MT00913,EQ00157,BLD011,2025-01-25,Calibration,Open,2.4,22650000,FM Team A,SYNTHETIC_VN_REALISTIC
MT00914,EQ00055,BLD004,2025-11-04,Cleaning,In Progress,6.5,10950000,FM Team B,SYNTHETIC_VN_REALISTIC
MT00915,EQ00378,BLD025,2025-03-07,Preventive,In Progress,10.3,8650000,Electrical Vendor,SYNTHETIC_VN_REALISTIC
MT00916,EQ01229,BLD079,2026-06-21,Cleaning,Completed,0.5,17600000,Electrical Vendor,SYNTHETIC_VN_REALISTIC
MT00917,EQ00402,BLD026,2026-02-20,Preventive,Completed,9.7,21900000,FM Team A,SYNTHETIC_VN_REALISTIC
MT00918,EQ01084,BLD069,2025-06-03,Inspection,Open,2.9,19000000,HVAC Vendor,SYNTHETIC_VN_REALISTIC
MT00919,EQ00152,BLD011,2026-08-26,Preventive,Completed,0.7,7150000,HVAC Vendor,SYNTHETIC_VN_REALISTIC
MT00920,EQ00241,BLD016,2026-06-22,Inspection,Completed,11.7,17800000,Plumbing Vendor,SYNTHETIC_VN_REALISTIC
MT00921,EQ01571,BLD099,2025-02-17,Preventive,Completed,10.5,19300000,FM Team A,SYNTHETIC_VN_REALISTIC
MT00922,EQ00800,BLD052,2025-02-02,Cleaning,In Progress,6.1,17000000,FM Team B,SYNTHETIC_VN_REALISTIC
MT00923,EQ00374,BLD025,2025-09-05,Corrective,In Progress,5.0,23300000,FM Team B,SYNTHETIC_VN_REALISTIC
MT00924,EQ00269,BLD018,2025-12-02,Inspection,Completed,1.3,10000000,FM Team B,SYNTHETIC_VN_REALISTIC
MT00925,EQ00056,BLD004,2026-04-04,Calibration,In Progress,1.0,1550000,FM Team B,SYNTHETIC_VN_REALISTIC
MT00926,EQ01479,BLD094,2026-07-27,Calibration,Open,11.6,23000000,Electrical Vendor,SYNTHETIC_VN_REALISTIC
MT00927,EQ00674,BLD043,2026-04-25,Cleaning,Completed,5.0,21850000,HVAC Vendor,SYNTHETIC_VN_REALISTIC
MT00928,EQ01889,BLD119,2025-08-30,Preventive,Completed,11.6,15400000,HVAC Vendor,SYNTHETIC_VN_REALISTIC
MT00929,EQ00880,BLD057,2025-06-04,Inspection,Open,6.3,14650000,FM Team B,SYNTHETIC_VN_REALISTIC
MT00930,EQ00914,BLD059,2025-10-22,Inspection,In Progress,6.9,19250000,HVAC Vendor,SYNTHETIC_VN_REALISTIC
MT00931,EQ00239,BLD016,2025-11-13,Cleaning,Open,11.9,2300000,HVAC Vendor,SYNTHETIC_VN_REALISTIC
MT00932,EQ00054,BLD004,2025-08-24,Inspection,Completed,2.3,9050000,Electrical Vendor,SYNTHETIC_VN_REALISTIC
MT00933,EQ01419,BLD090,2025-07-05,Preventive,Completed,2.5,18700000,Electrical Vendor,SYNTHETIC_VN_REALISTIC
MT00934,EQ00250,BLD016,2025-06-26,Inspection,In Progress,4.3,8150000,FM Team A,SYNTHETIC_VN_REALISTIC
MT00935,EQ01679,BLD107,2025-03-03,Calibration,In Progress,8.6,4900000,Electrical Vendor,SYNTHETIC_VN_REALISTIC
MT00936,EQ01862,BLD117,2026-03-19,Cleaning,Open,2.9,8400000,FM Team B,SYNTHETIC_VN_REALISTIC
MT00937,EQ01570,BLD099,2025-10-27,Cleaning,In Progress,8.1,24350000,Plumbing Vendor,SYNTHETIC_VN_REALISTIC
MT00938,EQ01132,BLD073,2025-04-11,Calibration,Completed,9.8,14850000,Electrical Vendor,SYNTHETIC_VN_REALISTIC
MT00939,EQ00512,BLD033,2025-03-22,Corrective,Completed,10.5,15500000,FM Team A,SYNTHETIC_VN_REALISTIC
MT00940,EQ01415,BLD090,2025-01-14,Cleaning,Completed,1.9,22700000,Plumbing Vendor,SYNTHETIC_VN_REALISTIC
MT00941,EQ01774,BLD112,2025-11-19,Inspection,In Progress,11.8,7500000,Electrical Vendor,SYNTHETIC_VN_REALISTIC
MT00942,EQ00480,BLD031,2026-07-03,Calibration,Completed,8.4,3850000,FM Team A,SYNTHETIC_VN_REALISTIC
MT00943,EQ00383,BLD025,2025-02-08,Inspection,Completed,7.1,19350000,Electrical Vendor,SYNTHETIC_VN_REALISTIC
MT00944,EQ00855,BLD055,2025-02-20,Preventive,Open,11.0,16650000,Electrical Vendor,SYNTHETIC_VN_REALISTIC
MT00945,EQ01880,BLD118,2025-07-20,Inspection,Completed,10.4,11600000,HVAC Vendor,SYNTHETIC_VN_REALISTIC
MT00946,EQ00734,BLD047,2025-03-14,Cleaning,Completed,5.1,450000,Electrical Vendor,SYNTHETIC_VN_REALISTIC
MT00947,EQ01376,BLD088,2025-08-09,Calibration,Completed,11.1,650000,Plumbing Vendor,SYNTHETIC_VN_REALISTIC
MT00948,EQ00517,BLD034,2026-02-07,Inspection,In Progress,11.3,18150000,HVAC Vendor,SYNTHETIC_VN_REALISTIC
MT00949,EQ01896,BLD119,2025-05-29,Corrective,Completed,3.1,11500000,FM Team A,SYNTHETIC_VN_REALISTIC
MT00950,EQ01812,BLD114,2026-07-24,Corrective,Completed,6.9,1550000,Plumbing Vendor,SYNTHETIC_VN_REALISTIC
MT00951,EQ00502,BLD032,2026-04-10,Corrective,Completed,9.2,15950000,Plumbing Vendor,SYNTHETIC_VN_REALISTIC
MT00952,EQ01475,BLD093,2026-05-03,Preventive,Completed,10.7,14350000,HVAC Vendor,SYNTHETIC_VN_REALISTIC
MT00953,EQ00888,BLD057,2026-02-21,Corrective,Completed,6.1,22650000,HVAC Vendor,SYNTHETIC_VN_REALISTIC
MT00954,EQ01687,BLD107,2026-08-02,Corrective,In Progress,0.1,15850000,HVAC Vendor,SYNTHETIC_VN_REALISTIC
MT00955,EQ01269,BLD081,2026-03-09,Inspection,In Progress,0.5,19600000,Electrical Vendor,SYNTHETIC_VN_REALISTIC
MT00956,EQ01201,BLD077,2026-03-09,Inspection,In Progress,2.4,16650000,HVAC Vendor,SYNTHETIC_VN_REALISTIC
MT00957,EQ00309,BLD021,2025-01-16,Inspection,Completed,1.8,10500000,FM Team A,SYNTHETIC_VN_REALISTIC
MT00958,EQ01408,BLD090,2025-09-04,Preventive,Completed,3.0,8300000,Electrical Vendor,SYNTHETIC_VN_REALISTIC
MT00959,EQ01799,BLD114,2026-09-05,Cleaning,Open,1.1,24350000,Plumbing Vendor,SYNTHETIC_VN_REALISTIC
MT00960,EQ01102,BLD071,2026-06-23,Calibration,Completed,10.8,17700000,FM Team B,SYNTHETIC_VN_REALISTIC
MT00961,EQ01895,BLD119,2025-05-16,Cleaning,Completed,10.0,9400000,Electrical Vendor,SYNTHETIC_VN_REALISTIC
MT00962,EQ01294,BLD083,2026-09-12,Corrective,Completed,2.5,6500000,FM Team A,SYNTHETIC_VN_REALISTIC
MT00963,EQ00633,BLD041,2026-04-08,Cleaning,Completed,6.4,23250000,HVAC Vendor,SYNTHETIC_VN_REALISTIC
MT00964,EQ00052,BLD004,2026-02-02,Cleaning,In Progress,2.3,11400000,Plumbing Vendor,SYNTHETIC_VN_REALISTIC
MT00965,EQ01392,BLD088,2025-04-26,Preventive,Completed,1.2,550000,Plumbing Vendor,SYNTHETIC_VN_REALISTIC
MT00966,EQ00277,BLD018,2026-04-20,Calibration,In Progress,10.2,8850000,FM Team A,SYNTHETIC_VN_REALISTIC
MT00967,EQ01411,BLD090,2025-11-21,Cleaning,In Progress,6.6,4750000,Electrical Vendor,SYNTHETIC_VN_REALISTIC
MT00968,EQ00614,BLD040,2025-02-22,Corrective,In Progress,2.9,1200000,Plumbing Vendor,SYNTHETIC_VN_REALISTIC
MT00969,EQ00718,BLD046,2025-12-31,Calibration,Completed,2.4,3400000,Electrical Vendor,SYNTHETIC_VN_REALISTIC
MT00970,EQ01413,BLD090,2026-07-02,Preventive,Open,1.1,22550000,Electrical Vendor,SYNTHETIC_VN_REALISTIC
MT00971,EQ00767,BLD049,2026-03-06,Preventive,Completed,1.8,21700000,Electrical Vendor,SYNTHETIC_VN_REALISTIC
MT00972,EQ00534,BLD034,2026-01-11,Calibration,Open,7.1,10750000,Electrical Vendor,SYNTHETIC_VN_REALISTIC
MT00973,EQ01867,BLD117,2026-02-24,Cleaning,Completed,1.8,18050000,FM Team A,SYNTHETIC_VN_REALISTIC
MT00974,EQ00866,BLD056,2025-03-31,Inspection,Open,6.7,10900000,Plumbing Vendor,SYNTHETIC_VN_REALISTIC
MT00975,EQ01025,BLD065,2026-06-01,Preventive,In Progress,1.5,2150000,FM Team B,SYNTHETIC_VN_REALISTIC
MT00976,EQ01704,BLD108,2026-05-18,Corrective,In Progress,3.6,11650000,FM Team A,SYNTHETIC_VN_REALISTIC
MT00977,EQ00073,BLD005,2026-01-18,Cleaning,Open,8.6,24150000,Plumbing Vendor,SYNTHETIC_VN_REALISTIC
MT00978,EQ01795,BLD113,2025-05-29,Inspection,Completed,4.7,23600000,Electrical Vendor,SYNTHETIC_VN_REALISTIC
MT00979,EQ00886,BLD057,2026-08-23,Cleaning,Completed,7.5,22600000,HVAC Vendor,SYNTHETIC_VN_REALISTIC
MT00980,EQ00497,BLD032,2025-01-03,Preventive,Completed,3.0,11950000,FM Team B,SYNTHETIC_VN_REALISTIC
MT00981,EQ00646,BLD042,2025-09-08,Preventive,Completed,2.3,8200000,HVAC Vendor,SYNTHETIC_VN_REALISTIC
MT00982,EQ01468,BLD093,2026-03-04,Calibration,Open,8.7,13650000,FM Team B,SYNTHETIC_VN_REALISTIC
MT00983,EQ01450,BLD092,2025-07-11,Inspection,In Progress,1.8,17400000,HVAC Vendor,SYNTHETIC_VN_REALISTIC
MT00984,EQ00374,BLD025,2025-03-28,Calibration,Completed,2.3,23300000,FM Team B,SYNTHETIC_VN_REALISTIC
MT00985,EQ01388,BLD088,2025-09-16,Corrective,Completed,4.9,14650000,FM Team B,SYNTHETIC_VN_REALISTIC
MT00986,EQ00497,BLD032,2025-11-13,Inspection,Completed,10.8,2050000,FM Team B,SYNTHETIC_VN_REALISTIC
MT00987,EQ00062,BLD005,2026-03-11,Cleaning,Completed,2.2,24900000,Plumbing Vendor,SYNTHETIC_VN_REALISTIC
MT00988,EQ00547,BLD036,2025-03-07,Cleaning,In Progress,8.7,22400000,Plumbing Vendor,SYNTHETIC_VN_REALISTIC
MT00989,EQ00661,BLD043,2025-02-23,Cleaning,In Progress,1.9,24450000,Plumbing Vendor,SYNTHETIC_VN_REALISTIC
MT00990,EQ00530,BLD034,2026-07-24,Preventive,Open,1.3,12150000,Plumbing Vendor,SYNTHETIC_VN_REALISTIC
MT00991,EQ01087,BLD069,2025-02-15,Cleaning,In Progress,10.1,21750000,FM Team A,SYNTHETIC_VN_REALISTIC
MT00992,EQ00997,BLD064,2025-07-03,Cleaning,In Progress,9.4,18700000,HVAC Vendor,SYNTHETIC_VN_REALISTIC
MT00993,EQ00637,BLD042,2026-08-02,Corrective,In Progress,5.2,13300000,Electrical Vendor,SYNTHETIC_VN_REALISTIC
MT00994,EQ01500,BLD095,2026-02-07,Inspection,In Progress,5.5,13800000,HVAC Vendor,SYNTHETIC_VN_REALISTIC
MT00995,EQ01776,BLD112,2026-03-21,Corrective,Open,3.1,4650000,Electrical Vendor,SYNTHETIC_VN_REALISTIC
MT00996,EQ00293,BLD019,2025-03-07,Calibration,Open,9.0,20100000,Plumbing Vendor,SYNTHETIC_VN_REALISTIC
MT00997,EQ00788,BLD051,2025-10-07,Inspection,Open,8.3,19400000,HVAC Vendor,SYNTHETIC_VN_REALISTIC
MT00998,EQ01910,BLD120,2026-08-13,Inspection,Completed,3.2,8800000,Electrical Vendor,SYNTHETIC_VN_REALISTIC
MT00999,EQ01891,BLD119,2025-08-12,Calibration,Open,4.0,2800000,FM Team B,SYNTHETIC_VN_REALISTIC
MT01000,EQ01015,BLD064,2026-02-04,Cleaning,Open,11.5,13750000,FM Team A,SYNTHETIC_VN_REALISTIC
MT01001,EQ00103,BLD007,2025-09-12,Cleaning,Completed,9.3,14900000,Plumbing Vendor,SYNTHETIC_VN_REALISTIC
MT01002,EQ01471,BLD093,2026-02-22,Cleaning,In Progress,6.0,22000000,HVAC Vendor,SYNTHETIC_VN_REALISTIC
MT01003,EQ00532,BLD034,2025-05-24,Inspection,Open,4.1,8950000,Plumbing Vendor,SYNTHETIC_VN_REALISTIC
MT01004,EQ01441,BLD092,2025-02-13,Cleaning,Completed,5.8,7500000,Plumbing Vendor,SYNTHETIC_VN_REALISTIC
MT01005,EQ01035,BLD066,2025-03-06,Calibration,Completed,2.5,4100000,Electrical Vendor,SYNTHETIC_VN_REALISTIC
MT01006,EQ01531,BLD097,2025-05-07,Calibration,Completed,2.2,24200000,Plumbing Vendor,SYNTHETIC_VN_REALISTIC
MT01007,EQ01197,BLD077,2025-10-08,Preventive,Completed,11.8,11600000,Electrical Vendor,SYNTHETIC_VN_REALISTIC
MT01008,EQ01364,BLD087,2025-08-22,Calibration,Completed,4.4,23450000,HVAC Vendor,SYNTHETIC_VN_REALISTIC
MT01009,EQ01692,BLD108,2025-03-25,Cleaning,Completed,8.9,18900000,HVAC Vendor,SYNTHETIC_VN_REALISTIC
MT01010,EQ01180,BLD076,2026-04-23,Inspection,Completed,11.8,3150000,Plumbing Vendor,SYNTHETIC_VN_REALISTIC
MT01011,EQ01129,BLD073,2026-01-25,Cleaning,Completed,8.2,17050000,Electrical Vendor,SYNTHETIC_VN_REALISTIC
MT01012,EQ01879,BLD118,2025-01-29,Calibration,In Progress,7.9,6350000,FM Team A,SYNTHETIC_VN_REALISTIC
MT01013,EQ01549,BLD098,2025-05-05,Preventive,Completed,10.1,9700000,FM Team A,SYNTHETIC_VN_REALISTIC
MT01014,EQ00186,BLD013,2025-04-19,Preventive,Completed,5.2,12300000,Electrical Vendor,SYNTHETIC_VN_REALISTIC
MT01015,EQ01328,BLD085,2026-02-15,Calibration,In Progress,7.4,8550000,HVAC Vendor,SYNTHETIC_VN_REALISTIC
MT01016,EQ00945,BLD060,2025-07-20,Inspection,In Progress,8.7,16550000,Plumbing Vendor,SYNTHETIC_VN_REALISTIC
MT01017,EQ01587,BLD100,2026-05-11,Preventive,Completed,6.7,9050000,Electrical Vendor,SYNTHETIC_VN_REALISTIC
MT01018,EQ00234,BLD016,2026-03-26,Calibration,Completed,8.4,8050000,Plumbing Vendor,SYNTHETIC_VN_REALISTIC
MT01019,EQ01154,BLD074,2025-06-24,Calibration,Completed,10.5,19500000,Electrical Vendor,SYNTHETIC_VN_REALISTIC
MT01020,EQ00760,BLD049,2025-12-31,Corrective,Completed,6.6,5850000,Plumbing Vendor,SYNTHETIC_VN_REALISTIC
MT01021,EQ00121,BLD008,2025-11-06,Corrective,Open,1.7,22150000,FM Team A,SYNTHETIC_VN_REALISTIC
MT01022,EQ01186,BLD076,2026-01-30,Cleaning,Completed,3.2,10100000,Electrical Vendor,SYNTHETIC_VN_REALISTIC
MT01023,EQ00781,BLD050,2025-07-03,Preventive,In Progress,9.3,22300000,FM Team A,SYNTHETIC_VN_REALISTIC
MT01024,EQ01699,BLD108,2025-02-17,Calibration,Completed,1.4,14000000,Plumbing Vendor,SYNTHETIC_VN_REALISTIC
MT01025,EQ00636,BLD041,2025-10-02,Inspection,Completed,9.9,13400000,FM Team B,SYNTHETIC_VN_REALISTIC
MT01026,EQ01735,BLD110,2026-02-27,Cleaning,Completed,5.8,9250000,Electrical Vendor,SYNTHETIC_VN_REALISTIC
MT01027,EQ00239,BLD016,2025-05-28,Cleaning,Completed,1.2,22650000,Electrical Vendor,SYNTHETIC_VN_REALISTIC
MT01028,EQ00933,BLD060,2025-02-03,Calibration,In Progress,7.8,23400000,FM Team B,SYNTHETIC_VN_REALISTIC
MT01029,EQ01785,BLD113,2025-06-21,Corrective,Completed,3.2,9800000,Electrical Vendor,SYNTHETIC_VN_REALISTIC
MT01030,EQ01464,BLD093,2026-08-13,Corrective,Completed,1.2,16650000,Plumbing Vendor,SYNTHETIC_VN_REALISTIC
MT01031,EQ00791,BLD051,2025-03-24,Preventive,Completed,7.8,12350000,HVAC Vendor,SYNTHETIC_VN_REALISTIC
MT01032,EQ01843,BLD116,2025-06-17,Calibration,Completed,6.2,9500000,FM Team A,SYNTHETIC_VN_REALISTIC
MT01033,EQ01402,BLD089,2026-06-07,Inspection,Completed,3.7,18900000,FM Team A,SYNTHETIC_VN_REALISTIC
MT01034,EQ01556,BLD099,2026-08-10,Cleaning,Open,1.0,3500000,Electrical Vendor,SYNTHETIC_VN_REALISTIC
MT01035,EQ01787,BLD113,2025-09-09,Calibration,Completed,7.8,17550000,HVAC Vendor,SYNTHETIC_VN_REALISTIC
MT01036,EQ00100,BLD007,2026-05-06,Calibration,Completed,11.0,11350000,Electrical Vendor,SYNTHETIC_VN_REALISTIC
MT01037,EQ01136,BLD073,2026-03-21,Corrective,Open,0.0,3250000,FM Team A,SYNTHETIC_VN_REALISTIC
MT01038,EQ00181,BLD013,2025-01-22,Cleaning,Completed,2.7,18500000,HVAC Vendor,SYNTHETIC_VN_REALISTIC
MT01039,EQ00792,BLD051,2026-08-28,Corrective,Completed,0.6,20600000,HVAC Vendor,SYNTHETIC_VN_REALISTIC
MT01040,EQ00139,BLD010,2025-06-24,Corrective,Open,8.8,6900000,FM Team B,SYNTHETIC_VN_REALISTIC
MT01041,EQ01527,BLD097,2026-08-22,Corrective,Completed,2.2,20100000,FM Team B,SYNTHETIC_VN_REALISTIC
MT01042,EQ00702,BLD045,2025-07-07,Preventive,Completed,3.8,19350000,FM Team B,SYNTHETIC_VN_REALISTIC
MT01043,EQ01367,BLD087,2025-01-17,Inspection,Completed,10.1,18850000,FM Team A,SYNTHETIC_VN_REALISTIC
MT01044,EQ01336,BLD086,2025-05-01,Corrective,Completed,5.7,3400000,HVAC Vendor,SYNTHETIC_VN_REALISTIC
MT01045,EQ00406,BLD027,2026-08-06,Preventive,Completed,10.3,14450000,Electrical Vendor,SYNTHETIC_VN_REALISTIC
MT01046,EQ00811,BLD053,2025-03-24,Inspection,In Progress,1.7,8550000,FM Team B,SYNTHETIC_VN_REALISTIC
MT01047,EQ00568,BLD037,2026-04-06,Inspection,Open,4.2,10250000,Plumbing Vendor,SYNTHETIC_VN_REALISTIC
MT01048,EQ01574,BLD100,2026-05-06,Inspection,Open,7.8,16700000,Electrical Vendor,SYNTHETIC_VN_REALISTIC
MT01049,EQ00990,BLD063,2026-04-02,Cleaning,Completed,5.3,21250000,FM Team B,SYNTHETIC_VN_REALISTIC
MT01050,EQ01545,BLD098,2025-10-15,Calibration,Completed,7.9,22650000,Electrical Vendor,SYNTHETIC_VN_REALISTIC
MT01051,EQ01407,BLD089,2025-07-01,Calibration,In Progress,6.7,15300000,HVAC Vendor,SYNTHETIC_VN_REALISTIC
MT01052,EQ00802,BLD052,2026-08-09,Cleaning,Completed,4.4,1100000,HVAC Vendor,SYNTHETIC_VN_REALISTIC
MT01053,EQ00714,BLD046,2025-11-28,Calibration,Completed,7.0,5250000,Electrical Vendor,SYNTHETIC_VN_REALISTIC
MT01054,EQ00930,BLD059,2026-04-05,Cleaning,Completed,2.5,8500000,FM Team B,SYNTHETIC_VN_REALISTIC
MT01055,EQ00486,BLD031,2026-07-21,Cleaning,Open,9.0,4300000,FM Team A,SYNTHETIC_VN_REALISTIC
MT01056,EQ01014,BLD064,2025-01-05,Preventive,In Progress,11.7,20150000,HVAC Vendor,SYNTHETIC_VN_REALISTIC
MT01057,EQ01912,BLD120,2026-02-24,Inspection,In Progress,6.1,7100000,HVAC Vendor,SYNTHETIC_VN_REALISTIC
MT01058,EQ01365,BLD087,2026-03-04,Cleaning,Completed,9.5,19400000,Electrical Vendor,SYNTHETIC_VN_REALISTIC
MT01059,EQ01262,BLD081,2025-11-18,Cleaning,In Progress,7.6,3600000,FM Team B,SYNTHETIC_VN_REALISTIC
MT01060,EQ00463,BLD030,2025-01-17,Calibration,Open,8.3,6700000,Electrical Vendor,SYNTHETIC_VN_REALISTIC
MT01061,EQ01717,BLD109,2025-09-04,Preventive,In Progress,5.1,7300000,HVAC Vendor,SYNTHETIC_VN_REALISTIC
MT01062,EQ00881,BLD057,2026-07-14,Inspection,Completed,1.5,17200000,FM Team A,SYNTHETIC_VN_REALISTIC
MT01063,EQ01291,BLD083,2025-05-16,Preventive,Completed,1.1,4350000,FM Team B,SYNTHETIC_VN_REALISTIC
MT01064,EQ00884,BLD057,2026-09-12,Corrective,In Progress,7.9,7550000,HVAC Vendor,SYNTHETIC_VN_REALISTIC
MT01065,EQ00439,BLD029,2025-02-18,Preventive,In Progress,9.4,11900000,Electrical Vendor,SYNTHETIC_VN_REALISTIC
MT01066,EQ01162,BLD075,2025-06-10,Inspection,Completed,11.7,14000000,Plumbing Vendor,SYNTHETIC_VN_REALISTIC
MT01067,EQ00074,BLD005,2026-03-31,Cleaning,In Progress,11.0,2950000,FM Team B,SYNTHETIC_VN_REALISTIC
MT01068,EQ00211,BLD014,2026-01-22,Calibration,Completed,2.9,4600000,Electrical Vendor,SYNTHETIC_VN_REALISTIC
MT01069,EQ00298,BLD020,2025-12-26,Preventive,Completed,0.1,9250000,Plumbing Vendor,SYNTHETIC_VN_REALISTIC
MT01070,EQ01476,BLD093,2025-11-09,Preventive,Completed,6.4,21950000,FM Team B,SYNTHETIC_VN_REALISTIC
MT01071,EQ01041,BLD066,2025-04-25,Calibration,Completed,6.5,19750000,Electrical Vendor,SYNTHETIC_VN_REALISTIC
MT01072,EQ01715,BLD109,2025-04-17,Preventive,Completed,0.7,9500000,Plumbing Vendor,SYNTHETIC_VN_REALISTIC
MT01073,EQ00279,BLD019,2025-01-08,Inspection,In Progress,4.6,12850000,FM Team B,SYNTHETIC_VN_REALISTIC
MT01074,EQ00589,BLD038,2025-12-11,Inspection,Completed,0.9,14100000,FM Team A,SYNTHETIC_VN_REALISTIC
MT01075,EQ01453,BLD092,2025-11-04,Inspection,Completed,8.9,24450000,Electrical Vendor,SYNTHETIC_VN_REALISTIC
MT01076,EQ00563,BLD037,2026-01-14,Preventive,In Progress,7.2,23150000,Plumbing Vendor,SYNTHETIC_VN_REALISTIC
MT01077,EQ00815,BLD053,2026-07-05,Corrective,Completed,6.6,5750000,Electrical Vendor,SYNTHETIC_VN_REALISTIC
MT01078,EQ00446,BLD029,2025-11-22,Cleaning,Completed,1.1,20300000,FM Team B,SYNTHETIC_VN_REALISTIC
MT01079,EQ00362,BLD024,2026-01-17,Cleaning,Completed,10.3,12300000,Plumbing Vendor,SYNTHETIC_VN_REALISTIC
MT01080,EQ00129,BLD009,2025-06-12,Corrective,In Progress,7.5,14000000,Electrical Vendor,SYNTHETIC_VN_REALISTIC
MT01081,EQ00783,BLD050,2025-08-15,Calibration,In Progress,2.6,14400000,HVAC Vendor,SYNTHETIC_VN_REALISTIC
MT01082,EQ01873,BLD118,2025-12-31,Preventive,Open,3.6,12800000,FM Team B,SYNTHETIC_VN_REALISTIC
MT01083,EQ00864,BLD056,2026-05-29,Cleaning,Open,5.3,24300000,FM Team A,SYNTHETIC_VN_REALISTIC
MT01084,EQ00725,BLD047,2025-03-31,Cleaning,Open,0.5,19400000,Plumbing Vendor,SYNTHETIC_VN_REALISTIC
MT01085,EQ00656,BLD043,2026-05-12,Preventive,Completed,11.6,8150000,FM Team A,SYNTHETIC_VN_REALISTIC
MT01086,EQ00942,BLD060,2025-12-02,Inspection,In Progress,11.3,17550000,Electrical Vendor,SYNTHETIC_VN_REALISTIC
MT01087,EQ01328,BLD085,2026-06-03,Calibration,Completed,2.8,2950000,FM Team B,SYNTHETIC_VN_REALISTIC
MT01088,EQ00054,BLD004,2025-09-24,Cleaning,Completed,5.2,4350000,HVAC Vendor,SYNTHETIC_VN_REALISTIC
MT01089,EQ01050,BLD067,2025-05-29,Preventive,Completed,0.7,19500000,Electrical Vendor,SYNTHETIC_VN_REALISTIC
MT01090,EQ00692,BLD044,2026-02-16,Inspection,Completed,1.6,4950000,FM Team A,SYNTHETIC_VN_REALISTIC
MT01091,EQ01678,BLD107,2026-07-27,Calibration,In Progress,4.8,20550000,Plumbing Vendor,SYNTHETIC_VN_REALISTIC
MT01092,EQ00226,BLD015,2026-01-12,Cleaning,Completed,0.7,850000,Electrical Vendor,SYNTHETIC_VN_REALISTIC
MT01093,EQ01788,BLD113,2026-04-09,Cleaning,Completed,10.1,6350000,Electrical Vendor,SYNTHETIC_VN_REALISTIC
MT01094,EQ01229,BLD079,2025-01-20,Corrective,Open,3.9,19900000,HVAC Vendor,SYNTHETIC_VN_REALISTIC
MT01095,EQ00428,BLD028,2025-06-23,Calibration,In Progress,2.2,17350000,FM Team A,SYNTHETIC_VN_REALISTIC
MT01096,EQ01854,BLD117,2026-02-04,Inspection,In Progress,10.9,5000000,HVAC Vendor,SYNTHETIC_VN_REALISTIC
MT01097,EQ01106,BLD071,2026-07-29,Inspection,Open,11.2,2000000,HVAC Vendor,SYNTHETIC_VN_REALISTIC
MT01098,EQ00494,BLD032,2025-10-04,Inspection,Completed,10.7,7250000,Electrical Vendor,SYNTHETIC_VN_REALISTIC
MT01099,EQ00784,BLD050,2025-01-30,Cleaning,Open,2.7,19500000,FM Team B,SYNTHETIC_VN_REALISTIC
MT01100,EQ01403,BLD089,2025-09-18,Corrective,Completed,7.0,3650000,FM Team B,SYNTHETIC_VN_REALISTIC
MT01101,EQ00516,BLD034,2026-01-15,Corrective,In Progress,7.6,9650000,Plumbing Vendor,SYNTHETIC_VN_REALISTIC
MT01102,EQ01899,BLD119,2026-01-22,Preventive,Completed,11.5,4700000,FM Team B,SYNTHETIC_VN_REALISTIC
MT01103,EQ00292,BLD019,2025-11-01,Inspection,Completed,6.1,7900000,Electrical Vendor,SYNTHETIC_VN_REALISTIC
MT01104,EQ00477,BLD030,2026-07-07,Preventive,Completed,9.6,11550000,FM Team B,SYNTHETIC_VN_REALISTIC
MT01105,EQ01687,BLD107,2025-10-11,Preventive,Completed,1.5,9200000,FM Team B,SYNTHETIC_VN_REALISTIC
MT01106,EQ00895,BLD058,2025-11-23,Preventive,Open,1.5,18150000,FM Team A,SYNTHETIC_VN_REALISTIC
MT01107,EQ01898,BLD119,2025-09-18,Inspection,Completed,1.9,22450000,HVAC Vendor,SYNTHETIC_VN_REALISTIC
MT01108,EQ00138,BLD010,2025-02-26,Preventive,Completed,1.8,21300000,HVAC Vendor,SYNTHETIC_VN_REALISTIC
MT01109,EQ01899,BLD119,2026-03-16,Inspection,Completed,11.4,2600000,Plumbing Vendor,SYNTHETIC_VN_REALISTIC
MT01110,EQ00638,BLD042,2025-07-28,Preventive,Completed,5.0,7900000,Electrical Vendor,SYNTHETIC_VN_REALISTIC
MT01111,EQ01775,BLD112,2025-11-05,Corrective,Completed,4.3,8750000,FM Team B,SYNTHETIC_VN_REALISTIC
MT01112,EQ01201,BLD077,2025-04-21,Corrective,Completed,4.5,2850000,FM Team A,SYNTHETIC_VN_REALISTIC
MT01113,EQ00526,BLD034,2026-02-05,Calibration,Open,3.2,11750000,HVAC Vendor,SYNTHETIC_VN_REALISTIC
MT01114,EQ00892,BLD057,2026-06-06,Cleaning,Completed,8.4,18100000,Electrical Vendor,SYNTHETIC_VN_REALISTIC
MT01115,EQ01779,BLD112,2025-09-05,Calibration,Completed,2.9,13100000,FM Team B,SYNTHETIC_VN_REALISTIC
MT01116,EQ01699,BLD108,2026-03-01,Cleaning,Completed,5.0,5300000,FM Team A,SYNTHETIC_VN_REALISTIC
MT01117,EQ01464,BLD093,2025-09-17,Inspection,In Progress,0.4,9450000,Electrical Vendor,SYNTHETIC_VN_REALISTIC
MT01118,EQ01325,BLD085,2026-07-19,Inspection,Completed,9.0,15900000,HVAC Vendor,SYNTHETIC_VN_REALISTIC
MT01119,EQ00810,BLD053,2026-04-10,Calibration,In Progress,1.3,18800000,FM Team A,SYNTHETIC_VN_REALISTIC
MT01120,EQ00587,BLD038,2025-08-22,Corrective,Completed,2.5,2150000,HVAC Vendor,SYNTHETIC_VN_REALISTIC
MT01121,EQ00304,BLD020,2025-03-29,Calibration,Completed,9.1,17100000,FM Team A,SYNTHETIC_VN_REALISTIC
MT01122,EQ01214,BLD078,2025-09-22,Calibration,Completed,6.0,1050000,FM Team B,SYNTHETIC_VN_REALISTIC
MT01123,EQ01276,BLD082,2025-06-13,Calibration,Open,5.4,10400000,HVAC Vendor,SYNTHETIC_VN_REALISTIC
MT01124,EQ00870,BLD056,2026-01-25,Cleaning,Completed,1.8,19100000,FM Team A,SYNTHETIC_VN_REALISTIC
MT01125,EQ00565,BLD037,2025-08-08,Preventive,Completed,6.1,18300000,Electrical Vendor,SYNTHETIC_VN_REALISTIC
MT01126,EQ00239,BLD016,2025-08-18,Calibration,In Progress,4.1,19700000,Plumbing Vendor,SYNTHETIC_VN_REALISTIC
MT01127,EQ01105,BLD071,2025-03-12,Corrective,Completed,9.8,17600000,Plumbing Vendor,SYNTHETIC_VN_REALISTIC
MT01128,EQ00829,BLD054,2026-06-27,Calibration,Open,3.5,20650000,Plumbing Vendor,SYNTHETIC_VN_REALISTIC
MT01129,EQ00242,BLD016,2025-02-14,Preventive,Completed,10.8,16050000,Plumbing Vendor,SYNTHETIC_VN_REALISTIC
MT01130,EQ01460,BLD093,2025-10-04,Cleaning,Open,10.7,15950000,FM Team A,SYNTHETIC_VN_REALISTIC
MT01131,EQ00316,BLD021,2026-07-24,Preventive,Completed,2.6,17150000,HVAC Vendor,SYNTHETIC_VN_REALISTIC
MT01132,EQ00936,BLD060,2026-02-11,Corrective,Completed,8.8,3950000,FM Team A,SYNTHETIC_VN_REALISTIC
MT01133,EQ01755,BLD111,2025-10-24,Preventive,In Progress,0.3,21400000,Electrical Vendor,SYNTHETIC_VN_REALISTIC
MT01134,EQ01081,BLD069,2025-10-27,Preventive,Completed,5.9,22650000,FM Team B,SYNTHETIC_VN_REALISTIC
MT01135,EQ01445,BLD092,2025-12-22,Corrective,Open,11.5,5100000,FM Team A,SYNTHETIC_VN_REALISTIC
MT01136,EQ00124,BLD008,2025-11-01,Calibration,Completed,5.5,18450000,FM Team B,SYNTHETIC_VN_REALISTIC
MT01137,EQ00694,BLD045,2025-01-01,Calibration,Completed,1.3,9800000,Plumbing Vendor,SYNTHETIC_VN_REALISTIC
MT01138,EQ01588,BLD100,2026-01-05,Inspection,Completed,2.0,1550000,FM Team B,SYNTHETIC_VN_REALISTIC
MT01139,EQ01507,BLD096,2025-06-19,Preventive,Completed,4.7,17650000,HVAC Vendor,SYNTHETIC_VN_REALISTIC
MT01140,EQ01675,BLD106,2025-04-05,Calibration,In Progress,2.3,1700000,FM Team A,SYNTHETIC_VN_REALISTIC
MT01141,EQ00503,BLD032,2026-01-31,Preventive,Completed,0.4,23300000,Electrical Vendor,SYNTHETIC_VN_REALISTIC
MT01142,EQ00245,BLD016,2026-07-22,Calibration,Open,8.8,23600000,FM Team A,SYNTHETIC_VN_REALISTIC
MT01143,EQ01658,BLD105,2026-02-28,Preventive,In Progress,7.5,1500000,HVAC Vendor,SYNTHETIC_VN_REALISTIC
MT01144,EQ01425,BLD091,2025-10-11,Preventive,Open,11.1,16300000,HVAC Vendor,SYNTHETIC_VN_REALISTIC
MT01145,EQ00557,BLD036,2026-08-22,Calibration,Open,3.6,11450000,FM Team B,SYNTHETIC_VN_REALISTIC
MT01146,EQ00667,BLD043,2026-05-15,Preventive,Open,2.0,22550000,Plumbing Vendor,SYNTHETIC_VN_REALISTIC
MT01147,EQ01714,BLD109,2025-08-03,Calibration,Open,7.8,2200000,Plumbing Vendor,SYNTHETIC_VN_REALISTIC
MT01148,EQ01763,BLD112,2025-04-03,Inspection,Completed,3.4,1150000,Electrical Vendor,SYNTHETIC_VN_REALISTIC
MT01149,EQ01109,BLD071,2026-09-08,Corrective,Completed,10.4,24300000,FM Team A,SYNTHETIC_VN_REALISTIC
MT01150,EQ00612,BLD039,2026-04-03,Preventive,Completed,2.3,4250000,Electrical Vendor,SYNTHETIC_VN_REALISTIC
MT01151,EQ00081,BLD006,2026-02-12,Corrective,Open,10.8,17550000,Plumbing Vendor,SYNTHETIC_VN_REALISTIC
MT01152,EQ01379,BLD088,2025-10-15,Inspection,In Progress,5.5,950000,Plumbing Vendor,SYNTHETIC_VN_REALISTIC
MT01153,EQ01184,BLD076,2025-07-18,Cleaning,Completed,8.2,10200000,Electrical Vendor,SYNTHETIC_VN_REALISTIC
MT01154,EQ00798,BLD052,2025-09-24,Calibration,Open,1.6,15700000,Plumbing Vendor,SYNTHETIC_VN_REALISTIC
MT01155,EQ01214,BLD078,2026-02-28,Inspection,Open,6.2,9000000,Electrical Vendor,SYNTHETIC_VN_REALISTIC
MT01156,EQ00542,BLD035,2026-05-14,Corrective,Completed,9.9,23200000,FM Team A,SYNTHETIC_VN_REALISTIC
MT01157,EQ00046,BLD003,2026-07-16,Corrective,Completed,11.1,23650000,FM Team A,SYNTHETIC_VN_REALISTIC
MT01158,EQ00855,BLD055,2025-09-13,Cleaning,Completed,10.6,15800000,FM Team B,SYNTHETIC_VN_REALISTIC
MT01159,EQ01296,BLD083,2026-05-25,Corrective,Completed,5.1,24150000,FM Team A,SYNTHETIC_VN_REALISTIC
MT01160,EQ00847,BLD055,2026-03-05,Preventive,In Progress,5.3,23050000,FM Team B,SYNTHETIC_VN_REALISTIC
MT01161,EQ01783,BLD113,2026-09-13,Cleaning,Completed,1.0,16200000,Electrical Vendor,SYNTHETIC_VN_REALISTIC
MT01162,EQ00047,BLD003,2025-02-10,Calibration,Completed,7.2,20300000,Electrical Vendor,SYNTHETIC_VN_REALISTIC
MT01163,EQ01710,BLD108,2026-05-28,Preventive,Completed,5.9,22450000,Electrical Vendor,SYNTHETIC_VN_REALISTIC
MT01164,EQ00821,BLD053,2025-06-27,Preventive,Completed,0.6,24100000,FM Team A,SYNTHETIC_VN_REALISTIC
MT01165,EQ01707,BLD108,2025-10-02,Corrective,Open,3.0,14350000,FM Team A,SYNTHETIC_VN_REALISTIC
MT01166,EQ01281,BLD082,2025-12-01,Preventive,In Progress,3.2,24450000,Electrical Vendor,SYNTHETIC_VN_REALISTIC
MT01167,EQ01257,BLD080,2025-12-20,Cleaning,Completed,6.7,11400000,FM Team A,SYNTHETIC_VN_REALISTIC
MT01168,EQ00574,BLD037,2026-01-09,Corrective,Completed,10.7,18700000,FM Team B,SYNTHETIC_VN_REALISTIC
MT01169,EQ01405,BLD089,2026-08-11,Preventive,Completed,11.4,8150000,HVAC Vendor,SYNTHETIC_VN_REALISTIC
MT01170,EQ00172,BLD012,2026-04-13,Calibration,Completed,7.8,18200000,FM Team B,SYNTHETIC_VN_REALISTIC
MT01171,EQ01032,BLD066,2025-07-24,Cleaning,Completed,7.8,23350000,HVAC Vendor,SYNTHETIC_VN_REALISTIC
MT01172,EQ01345,BLD086,2025-01-01,Inspection,In Progress,1.6,17700000,FM Team B,SYNTHETIC_VN_REALISTIC
MT01173,EQ01373,BLD087,2025-09-19,Preventive,Completed,9.0,17000000,FM Team B,SYNTHETIC_VN_REALISTIC
MT01174,EQ01701,BLD108,2025-01-15,Preventive,Completed,11.3,20350000,Plumbing Vendor,SYNTHETIC_VN_REALISTIC
MT01175,EQ01612,BLD102,2025-12-02,Cleaning,In Progress,5.0,5500000,FM Team A,SYNTHETIC_VN_REALISTIC
MT01176,EQ00777,BLD050,2025-01-21,Calibration,Open,5.2,10800000,FM Team A,SYNTHETIC_VN_REALISTIC
MT01177,EQ00718,BLD046,2026-07-04,Preventive,Completed,1.7,18950000,HVAC Vendor,SYNTHETIC_VN_REALISTIC
MT01178,EQ01871,BLD118,2025-06-03,Preventive,In Progress,8.2,3500000,HVAC Vendor,SYNTHETIC_VN_REALISTIC
MT01179,EQ00191,BLD014,2025-03-07,Calibration,Completed,8.4,14950000,FM Team A,SYNTHETIC_VN_REALISTIC
MT01180,EQ01592,BLD101,2026-09-07,Calibration,Completed,3.8,22500000,Electrical Vendor,SYNTHETIC_VN_REALISTIC
MT01181,EQ01820,BLD115,2025-05-03,Cleaning,Completed,7.3,12500000,Plumbing Vendor,SYNTHETIC_VN_REALISTIC
MT01182,EQ00970,BLD062,2025-08-24,Corrective,Completed,1.3,1250000,HVAC Vendor,SYNTHETIC_VN_REALISTIC
MT01183,EQ01195,BLD077,2026-04-17,Calibration,Completed,7.5,2950000,Plumbing Vendor,SYNTHETIC_VN_REALISTIC
MT01184,EQ01124,BLD072,2025-09-11,Inspection,Open,5.9,3000000,Electrical Vendor,SYNTHETIC_VN_REALISTIC
MT01185,EQ00334,BLD022,2026-03-20,Preventive,In Progress,10.1,18800000,HVAC Vendor,SYNTHETIC_VN_REALISTIC
MT01186,EQ00190,BLD013,2026-07-07,Cleaning,Completed,11.6,24200000,Electrical Vendor,SYNTHETIC_VN_REALISTIC
MT01187,EQ00367,BLD024,2025-08-02,Cleaning,Completed,11.2,21150000,FM Team A,SYNTHETIC_VN_REALISTIC
MT01188,EQ00195,BLD014,2025-08-26,Calibration,Completed,11.5,14650000,Plumbing Vendor,SYNTHETIC_VN_REALISTIC
MT01189,EQ00596,BLD038,2025-10-02,Calibration,Open,0.5,4600000,FM Team B,SYNTHETIC_VN_REALISTIC
MT01190,EQ01839,BLD116,2025-05-16,Corrective,Completed,6.0,24450000,HVAC Vendor,SYNTHETIC_VN_REALISTIC
MT01191,EQ01006,BLD064,2025-06-01,Cleaning,In Progress,10.7,23800000,Plumbing Vendor,SYNTHETIC_VN_REALISTIC
MT01192,EQ00986,BLD063,2026-07-30,Preventive,Completed,1.1,14350000,FM Team B,SYNTHETIC_VN_REALISTIC
MT01193,EQ00957,BLD061,2025-06-22,Calibration,Open,1.2,19100000,FM Team A,SYNTHETIC_VN_REALISTIC
MT01194,EQ01803,BLD114,2026-04-06,Corrective,Completed,10.5,14600000,Electrical Vendor,SYNTHETIC_VN_REALISTIC
MT01195,EQ00287,BLD019,2025-01-25,Inspection,Open,3.1,24300000,Plumbing Vendor,SYNTHETIC_VN_REALISTIC
MT01196,EQ00633,BLD041,2026-07-13,Corrective,Completed,10.3,2950000,Electrical Vendor,SYNTHETIC_VN_REALISTIC
MT01197,EQ01495,BLD095,2025-02-03,Corrective,Open,4.4,14150000,HVAC Vendor,SYNTHETIC_VN_REALISTIC
MT01198,EQ00427,BLD028,2025-03-11,Preventive,Completed,7.4,10850000,HVAC Vendor,SYNTHETIC_VN_REALISTIC
MT01199,EQ01796,BLD113,2025-04-09,Corrective,Completed,10.0,1700000,FM Team A,SYNTHETIC_VN_REALISTIC
MT01200,EQ00406,BLD027,2025-11-01,Preventive,Completed,6.2,23550000,Electrical Vendor,SYNTHETIC_VN_REALISTIC
MT01201,EQ00917,BLD059,2025-06-07,Calibration,Completed,2.4,17050000,FM Team A,SYNTHETIC_VN_REALISTIC
MT01202,EQ00178,BLD013,2025-11-11,Calibration,In Progress,1.0,16800000,Electrical Vendor,SYNTHETIC_VN_REALISTIC
MT01203,EQ01335,BLD085,2026-03-27,Inspection,Completed,6.5,21100000,HVAC Vendor,SYNTHETIC_VN_REALISTIC
MT01204,EQ01554,BLD099,2025-12-30,Calibration,Completed,4.2,6000000,FM Team A,SYNTHETIC_VN_REALISTIC
MT01205,EQ01071,BLD068,2025-05-17,Calibration,Completed,10.0,8650000,Plumbing Vendor,SYNTHETIC_VN_REALISTIC
MT01206,EQ00547,BLD036,2026-03-23,Corrective,Completed,7.5,9950000,Electrical Vendor,SYNTHETIC_VN_REALISTIC
MT01207,EQ00362,BLD024,2025-08-04,Cleaning,Completed,11.0,23800000,Electrical Vendor,SYNTHETIC_VN_REALISTIC
MT01208,EQ00277,BLD018,2026-02-19,Inspection,Completed,7.2,16450000,Plumbing Vendor,SYNTHETIC_VN_REALISTIC
MT01209,EQ01440,BLD092,2025-09-19,Calibration,In Progress,5.0,1850000,FM Team B,SYNTHETIC_VN_REALISTIC
MT01210,EQ00343,BLD022,2025-02-17,Cleaning,Completed,4.3,12700000,Plumbing Vendor,SYNTHETIC_VN_REALISTIC
MT01211,EQ00994,BLD063,2026-07-05,Preventive,Completed,11.4,15550000,FM Team A,SYNTHETIC_VN_REALISTIC
MT01212,EQ00773,BLD050,2025-01-17,Preventive,Open,9.0,23700000,FM Team A,SYNTHETIC_VN_REALISTIC
MT01213,EQ00216,BLD015,2026-05-30,Calibration,Completed,6.4,15050000,Plumbing Vendor,SYNTHETIC_VN_REALISTIC
MT01214,EQ00636,BLD041,2025-11-11,Cleaning,In Progress,3.0,8050000,HVAC Vendor,SYNTHETIC_VN_REALISTIC
MT01215,EQ00006,BLD001,2026-05-17,Cleaning,Completed,8.1,2350000,FM Team A,SYNTHETIC_VN_REALISTIC
MT01216,EQ01235,BLD079,2025-09-30,Corrective,Open,4.1,4100000,Plumbing Vendor,SYNTHETIC_VN_REALISTIC
MT01217,EQ00867,BLD056,2025-07-13,Calibration,Completed,9.8,1900000,HVAC Vendor,SYNTHETIC_VN_REALISTIC
MT01218,EQ00956,BLD061,2025-04-22,Cleaning,Completed,5.7,12900000,FM Team A,SYNTHETIC_VN_REALISTIC
MT01219,EQ01817,BLD114,2025-10-11,Inspection,Completed,9.7,15500000,Electrical Vendor,SYNTHETIC_VN_REALISTIC
MT01220,EQ00138,BLD010,2026-06-21,Corrective,Completed,5.4,10000000,FM Team B,SYNTHETIC_VN_REALISTIC
MT01221,EQ01624,BLD103,2026-09-10,Inspection,Completed,7.1,19900000,HVAC Vendor,SYNTHETIC_VN_REALISTIC
MT01222,EQ00488,BLD031,2026-04-29,Corrective,Completed,1.2,8550000,FM Team B,SYNTHETIC_VN_REALISTIC
MT01223,EQ00514,BLD033,2026-05-22,Inspection,Completed,6.7,4150000,HVAC Vendor,SYNTHETIC_VN_REALISTIC
MT01224,EQ00428,BLD028,2025-03-30,Preventive,In Progress,9.7,21100000,HVAC Vendor,SYNTHETIC_VN_REALISTIC
MT01225,EQ01592,BLD101,2025-03-04,Calibration,Completed,0.7,450000,FM Team A,SYNTHETIC_VN_REALISTIC
MT01226,EQ01881,BLD118,2025-11-19,Cleaning,Completed,8.6,17350000,FM Team A,SYNTHETIC_VN_REALISTIC
MT01227,EQ00784,BLD050,2025-11-14,Calibration,In Progress,3.8,11100000,Electrical Vendor,SYNTHETIC_VN_REALISTIC
MT01228,EQ00828,BLD054,2025-01-25,Calibration,Completed,11.8,14600000,HVAC Vendor,SYNTHETIC_VN_REALISTIC
MT01229,EQ00129,BLD009,2025-09-09,Preventive,Completed,11.9,2050000,Electrical Vendor,SYNTHETIC_VN_REALISTIC
MT01230,EQ00209,BLD014,2025-02-25,Cleaning,Open,11.1,14500000,FM Team B,SYNTHETIC_VN_REALISTIC
MT01231,EQ00292,BLD019,2026-07-20,Inspection,Open,4.2,2550000,FM Team A,SYNTHETIC_VN_REALISTIC
MT01232,EQ00269,BLD018,2025-07-25,Preventive,Completed,9.2,21400000,FM Team B,SYNTHETIC_VN_REALISTIC
MT01233,EQ00588,BLD038,2026-03-14,Preventive,Completed,3.5,11850000,FM Team A,SYNTHETIC_VN_REALISTIC
MT01234,EQ00485,BLD031,2025-06-18,Inspection,In Progress,8.1,23300000,FM Team B,SYNTHETIC_VN_REALISTIC
MT01235,EQ01097,BLD070,2025-01-01,Corrective,In Progress,6.8,3900000,Plumbing Vendor,SYNTHETIC_VN_REALISTIC
MT01236,EQ00030,BLD002,2025-04-23,Corrective,In Progress,9.3,7600000,Plumbing Vendor,SYNTHETIC_VN_REALISTIC
MT01237,EQ00903,BLD058,2026-06-17,Preventive,In Progress,11.9,23800000,Plumbing Vendor,SYNTHETIC_VN_REALISTIC
MT01238,EQ00071,BLD005,2025-01-15,Preventive,Completed,1.5,2950000,Electrical Vendor,SYNTHETIC_VN_REALISTIC
MT01239,EQ00190,BLD013,2025-05-20,Corrective,Completed,10.1,8700000,FM Team B,SYNTHETIC_VN_REALISTIC
MT01240,EQ01326,BLD085,2025-11-30,Corrective,Completed,3.0,17150000,Plumbing Vendor,SYNTHETIC_VN_REALISTIC
MT01241,EQ00418,BLD028,2026-03-24,Corrective,Completed,4.6,9400000,FM Team A,SYNTHETIC_VN_REALISTIC
MT01242,EQ01410,BLD090,2025-09-17,Calibration,Open,8.9,14850000,Plumbing Vendor,SYNTHETIC_VN_REALISTIC
MT01243,EQ01803,BLD114,2025-01-30,Calibration,Completed,5.8,9850000,FM Team A,SYNTHETIC_VN_REALISTIC
MT01244,EQ00019,BLD001,2026-04-03,Inspection,Completed,10.0,11050000,Plumbing Vendor,SYNTHETIC_VN_REALISTIC
MT01245,EQ01176,BLD076,2025-07-13,Corrective,Completed,6.7,10100000,FM Team A,SYNTHETIC_VN_REALISTIC
MT01246,EQ01798,BLD114,2025-06-08,Inspection,Open,5.4,14500000,Plumbing Vendor,SYNTHETIC_VN_REALISTIC
MT01247,EQ01456,BLD092,2025-09-23,Corrective,Completed,7.2,13350000,Plumbing Vendor,SYNTHETIC_VN_REALISTIC
MT01248,EQ00441,BLD029,2025-04-29,Calibration,Completed,4.9,19250000,Electrical Vendor,SYNTHETIC_VN_REALISTIC
MT01249,EQ00261,BLD017,2026-02-14,Calibration,Open,5.2,14600000,HVAC Vendor,SYNTHETIC_VN_REALISTIC
MT01250,EQ01909,BLD120,2026-08-27,Preventive,Completed,10.7,1350000,Plumbing Vendor,SYNTHETIC_VN_REALISTIC
MT01251,EQ00468,BLD030,2025-09-27,Preventive,Completed,3.4,11100000,FM Team B,SYNTHETIC_VN_REALISTIC
MT01252,EQ00047,BLD003,2026-08-23,Corrective,Completed,3.7,5450000,Electrical Vendor,SYNTHETIC_VN_REALISTIC
MT01253,EQ00775,BLD050,2025-12-11,Calibration,Completed,5.1,15300000,FM Team A,SYNTHETIC_VN_REALISTIC
MT01254,EQ00281,BLD019,2025-02-02,Inspection,Open,11.4,6800000,Electrical Vendor,SYNTHETIC_VN_REALISTIC
MT01255,EQ01677,BLD107,2026-08-16,Preventive,In Progress,10.3,19550000,FM Team B,SYNTHETIC_VN_REALISTIC
MT01256,EQ00839,BLD054,2026-05-22,Preventive,In Progress,5.1,9900000,Plumbing Vendor,SYNTHETIC_VN_REALISTIC
MT01257,EQ00208,BLD014,2026-08-22,Calibration,In Progress,6.8,21550000,Electrical Vendor,SYNTHETIC_VN_REALISTIC
MT01258,EQ01318,BLD084,2025-09-19,Cleaning,In Progress,10.8,12600000,Electrical Vendor,SYNTHETIC_VN_REALISTIC
MT01259,EQ00527,BLD034,2025-03-23,Preventive,Completed,4.1,20700000,FM Team A,SYNTHETIC_VN_REALISTIC
MT01260,EQ01645,BLD104,2025-05-30,Corrective,In Progress,2.2,12850000,Plumbing Vendor,SYNTHETIC_VN_REALISTIC
MT01261,EQ00084,BLD006,2026-03-02,Inspection,Completed,8.2,22350000,Plumbing Vendor,SYNTHETIC_VN_REALISTIC
MT01262,EQ00712,BLD046,2026-01-03,Calibration,Completed,3.7,16150000,FM Team B,SYNTHETIC_VN_REALISTIC
MT01263,EQ00139,BLD010,2026-05-24,Corrective,Completed,0.7,18700000,Electrical Vendor,SYNTHETIC_VN_REALISTIC
MT01264,EQ00783,BLD050,2025-01-15,Corrective,Completed,1.5,1500000,FM Team B,SYNTHETIC_VN_REALISTIC
MT01265,EQ00647,BLD042,2026-08-07,Preventive,Open,8.9,9700000,Plumbing Vendor,SYNTHETIC_VN_REALISTIC
MT01266,EQ00327,BLD021,2026-03-07,Calibration,In Progress,0.3,4100000,FM Team B,SYNTHETIC_VN_REALISTIC
MT01267,EQ00596,BLD038,2026-05-17,Preventive,Completed,8.6,1250000,FM Team B,SYNTHETIC_VN_REALISTIC
MT01268,EQ00238,BLD016,2026-05-02,Calibration,Completed,6.2,3250000,FM Team A,SYNTHETIC_VN_REALISTIC
MT01269,EQ00027,BLD002,2026-01-02,Corrective,Open,8.1,13450000,FM Team B,SYNTHETIC_VN_REALISTIC
MT01270,EQ00491,BLD031,2025-04-30,Inspection,In Progress,7.8,24650000,HVAC Vendor,SYNTHETIC_VN_REALISTIC
MT01271,EQ00132,BLD009,2025-03-18,Calibration,In Progress,11.9,9000000,HVAC Vendor,SYNTHETIC_VN_REALISTIC
MT01272,EQ00378,BLD025,2026-01-03,Calibration,Completed,5.6,5900000,Plumbing Vendor,SYNTHETIC_VN_REALISTIC
MT01273,EQ00859,BLD056,2026-02-07,Inspection,Open,7.5,1950000,Plumbing Vendor,SYNTHETIC_VN_REALISTIC
MT01274,EQ00689,BLD044,2025-08-08,Preventive,Open,0.0,23750000,Electrical Vendor,SYNTHETIC_VN_REALISTIC
MT01275,EQ01716,BLD109,2025-10-13,Calibration,Completed,0.9,850000,FM Team B,SYNTHETIC_VN_REALISTIC
MT01276,EQ01893,BLD119,2025-03-02,Inspection,Completed,2.3,13000000,HVAC Vendor,SYNTHETIC_VN_REALISTIC
MT01277,EQ01504,BLD096,2026-03-22,Corrective,Completed,9.2,6350000,Plumbing Vendor,SYNTHETIC_VN_REALISTIC
MT01278,EQ01461,BLD093,2026-05-04,Preventive,In Progress,1.4,18350000,Plumbing Vendor,SYNTHETIC_VN_REALISTIC
MT01279,EQ00501,BLD032,2025-12-28,Inspection,Completed,4.5,14350000,Electrical Vendor,SYNTHETIC_VN_REALISTIC
MT01280,EQ01293,BLD083,2026-01-30,Preventive,Completed,2.2,14300000,FM Team B,SYNTHETIC_VN_REALISTIC
MT01281,EQ00699,BLD045,2026-05-09,Cleaning,Completed,7.5,3250000,FM Team B,SYNTHETIC_VN_REALISTIC
MT01282,EQ01509,BLD096,2026-01-04,Calibration,Open,5.7,2400000,Plumbing Vendor,SYNTHETIC_VN_REALISTIC
MT01283,EQ00385,BLD025,2026-03-08,Cleaning,In Progress,1.2,750000,FM Team B,SYNTHETIC_VN_REALISTIC
MT01284,EQ00528,BLD034,2026-08-14,Calibration,In Progress,8.7,24600000,Electrical Vendor,SYNTHETIC_VN_REALISTIC
MT01285,EQ00927,BLD059,2025-10-17,Cleaning,Completed,1.6,3000000,FM Team A,SYNTHETIC_VN_REALISTIC
MT01286,EQ00213,BLD015,2025-12-13,Calibration,Completed,0.6,18100000,HVAC Vendor,SYNTHETIC_VN_REALISTIC
MT01287,EQ00306,BLD020,2025-02-15,Preventive,Completed,8.4,22300000,FM Team A,SYNTHETIC_VN_REALISTIC
MT01288,EQ01171,BLD075,2026-06-25,Cleaning,Completed,10.6,17750000,Plumbing Vendor,SYNTHETIC_VN_REALISTIC
MT01289,EQ00138,BLD010,2026-03-05,Preventive,Completed,0.5,23650000,FM Team A,SYNTHETIC_VN_REALISTIC
MT01290,EQ00516,BLD034,2025-11-29,Inspection,Completed,9.5,12400000,FM Team B,SYNTHETIC_VN_REALISTIC
MT01291,EQ01486,BLD094,2025-02-26,Cleaning,Completed,2.6,14600000,FM Team B,SYNTHETIC_VN_REALISTIC
MT01292,EQ00005,BLD001,2025-03-29,Inspection,Completed,7.4,13950000,HVAC Vendor,SYNTHETIC_VN_REALISTIC
MT01293,EQ00711,BLD046,2025-05-03,Preventive,In Progress,0.7,11600000,HVAC Vendor,SYNTHETIC_VN_REALISTIC
MT01294,EQ01779,BLD112,2025-12-02,Inspection,Completed,11.1,17150000,HVAC Vendor,SYNTHETIC_VN_REALISTIC
MT01295,EQ01851,BLD117,2025-01-07,Cleaning,Open,1.1,8900000,Plumbing Vendor,SYNTHETIC_VN_REALISTIC
MT01296,EQ00943,BLD060,2026-07-05,Preventive,Open,2.1,21500000,HVAC Vendor,SYNTHETIC_VN_REALISTIC
MT01297,EQ01800,BLD114,2025-10-16,Preventive,Completed,2.7,600000,Plumbing Vendor,SYNTHETIC_VN_REALISTIC
MT01298,EQ00560,BLD037,2026-04-14,Preventive,Completed,9.0,17400000,Plumbing Vendor,SYNTHETIC_VN_REALISTIC
MT01299,EQ01606,BLD102,2026-01-13,Corrective,In Progress,10.7,1700000,Electrical Vendor,SYNTHETIC_VN_REALISTIC
MT01300,EQ01731,BLD110,2026-01-02,Corrective,Completed,1.1,23950000,Plumbing Vendor,SYNTHETIC_VN_REALISTIC
MT01301,EQ01665,BLD106,2025-11-15,Calibration,Completed,3.3,12900000,FM Team B,SYNTHETIC_VN_REALISTIC
MT01302,EQ01240,BLD079,2025-07-08,Corrective,Completed,4.4,13600000,HVAC Vendor,SYNTHETIC_VN_REALISTIC
MT01303,EQ00706,BLD046,2026-05-21,Corrective,Completed,10.5,9100000,FM Team B,SYNTHETIC_VN_REALISTIC
MT01304,EQ00689,BLD044,2026-03-29,Inspection,Completed,1.0,12800000,FM Team A,SYNTHETIC_VN_REALISTIC
MT01305,EQ00489,BLD031,2026-04-25,Preventive,Completed,1.1,14750000,FM Team A,SYNTHETIC_VN_REALISTIC
MT01306,EQ00905,BLD058,2025-05-02,Corrective,In Progress,2.7,14050000,FM Team B,SYNTHETIC_VN_REALISTIC
MT01307,EQ01297,BLD083,2025-11-10,Calibration,Completed,5.1,10000000,Plumbing Vendor,SYNTHETIC_VN_REALISTIC
MT01308,EQ00910,BLD058,2026-02-06,Calibration,Completed,4.9,13600000,Plumbing Vendor,SYNTHETIC_VN_REALISTIC
MT01309,EQ01578,BLD100,2026-09-05,Corrective,Completed,11.7,11150000,HVAC Vendor,SYNTHETIC_VN_REALISTIC
MT01310,EQ01207,BLD077,2025-01-11,Cleaning,Completed,6.2,15550000,Electrical Vendor,SYNTHETIC_VN_REALISTIC
MT01311,EQ01076,BLD069,2025-08-25,Cleaning,Completed,0.3,2500000,Plumbing Vendor,SYNTHETIC_VN_REALISTIC
MT01312,EQ00089,BLD006,2025-05-05,Inspection,In Progress,11.5,9500000,Electrical Vendor,SYNTHETIC_VN_REALISTIC
MT01313,EQ01613,BLD103,2025-11-05,Corrective,In Progress,8.1,650000,Plumbing Vendor,SYNTHETIC_VN_REALISTIC
MT01314,EQ00159,BLD011,2025-12-02,Calibration,Completed,5.8,11400000,Electrical Vendor,SYNTHETIC_VN_REALISTIC
MT01315,EQ01380,BLD088,2025-05-13,Inspection,Completed,3.7,24900000,HVAC Vendor,SYNTHETIC_VN_REALISTIC
MT01316,EQ01061,BLD068,2026-05-25,Calibration,In Progress,0.6,10250000,Electrical Vendor,SYNTHETIC_VN_REALISTIC
MT01317,EQ00912,BLD058,2026-03-03,Inspection,Completed,1.8,22950000,Plumbing Vendor,SYNTHETIC_VN_REALISTIC
MT01318,EQ00060,BLD004,2025-06-04,Preventive,Completed,8.9,6500000,FM Team B,SYNTHETIC_VN_REALISTIC
MT01319,EQ00601,BLD039,2025-03-23,Preventive,Completed,4.1,5950000,Electrical Vendor,SYNTHETIC_VN_REALISTIC
MT01320,EQ00684,BLD044,2026-02-05,Cleaning,Completed,1.6,18550000,FM Team B,SYNTHETIC_VN_REALISTIC
MT01321,EQ01221,BLD079,2025-03-19,Inspection,In Progress,11.7,1650000,HVAC Vendor,SYNTHETIC_VN_REALISTIC
MT01322,EQ01380,BLD088,2026-03-17,Preventive,Open,4.2,6950000,FM Team A,SYNTHETIC_VN_REALISTIC
MT01323,EQ00748,BLD048,2025-03-28,Calibration,Completed,9.3,7150000,FM Team A,SYNTHETIC_VN_REALISTIC
MT01324,EQ00347,BLD022,2026-03-22,Preventive,Completed,10.5,15900000,Electrical Vendor,SYNTHETIC_VN_REALISTIC
MT01325,EQ01448,BLD092,2025-11-24,Inspection,Completed,4.5,2350000,Electrical Vendor,SYNTHETIC_VN_REALISTIC
MT01326,EQ00384,BLD025,2025-08-22,Preventive,In Progress,9.4,5050000,FM Team A,SYNTHETIC_VN_REALISTIC
MT01327,EQ01728,BLD110,2025-04-19,Preventive,In Progress,1.1,1800000,Plumbing Vendor,SYNTHETIC_VN_REALISTIC
MT01328,EQ00129,BLD009,2026-01-28,Corrective,In Progress,11.3,23700000,Plumbing Vendor,SYNTHETIC_VN_REALISTIC
MT01329,EQ01336,BLD086,2025-10-20,Preventive,Open,9.4,7000000,HVAC Vendor,SYNTHETIC_VN_REALISTIC
MT01330,EQ01162,BLD075,2025-08-23,Calibration,Completed,5.1,15650000,FM Team A,SYNTHETIC_VN_REALISTIC
MT01331,EQ00880,BLD057,2025-08-05,Cleaning,Completed,7.1,7500000,Electrical Vendor,SYNTHETIC_VN_REALISTIC
MT01332,EQ01035,BLD066,2026-04-15,Preventive,Completed,2.8,9150000,FM Team A,SYNTHETIC_VN_REALISTIC
MT01333,EQ01187,BLD076,2026-08-27,Calibration,Completed,0.7,800000,FM Team A,SYNTHETIC_VN_REALISTIC
MT01334,EQ01673,BLD106,2025-02-25,Corrective,Completed,4.4,17950000,HVAC Vendor,SYNTHETIC_VN_REALISTIC
MT01335,EQ00923,BLD059,2025-04-03,Calibration,Open,8.8,20250000,HVAC Vendor,SYNTHETIC_VN_REALISTIC
MT01336,EQ00486,BLD031,2025-05-05,Cleaning,Open,0.5,7900000,HVAC Vendor,SYNTHETIC_VN_REALISTIC
MT01337,EQ00662,BLD043,2026-04-05,Inspection,In Progress,10.3,3750000,FM Team A,SYNTHETIC_VN_REALISTIC
MT01338,EQ00976,BLD062,2026-08-28,Cleaning,Completed,11.9,3100000,Electrical Vendor,SYNTHETIC_VN_REALISTIC
MT01339,EQ01079,BLD069,2026-06-29,Calibration,Completed,11.8,14050000,Electrical Vendor,SYNTHETIC_VN_REALISTIC
MT01340,EQ00561,BLD037,2025-12-26,Calibration,In Progress,2.4,8500000,HVAC Vendor,SYNTHETIC_VN_REALISTIC
MT01341,EQ00612,BLD039,2025-02-24,Inspection,Completed,9.9,1550000,FM Team A,SYNTHETIC_VN_REALISTIC
MT01342,EQ01912,BLD120,2026-06-24,Inspection,Completed,6.5,1500000,HVAC Vendor,SYNTHETIC_VN_REALISTIC
MT01343,EQ01767,BLD112,2026-09-11,Preventive,Open,3.8,24000000,Electrical Vendor,SYNTHETIC_VN_REALISTIC
MT01344,EQ00065,BLD005,2025-02-01,Preventive,Completed,10.5,16500000,HVAC Vendor,SYNTHETIC_VN_REALISTIC
MT01345,EQ01565,BLD099,2025-09-06,Preventive,Completed,1.9,13800000,Plumbing Vendor,SYNTHETIC_VN_REALISTIC
MT01346,EQ01369,BLD087,2025-05-13,Calibration,Completed,6.5,23750000,FM Team B,SYNTHETIC_VN_REALISTIC
MT01347,EQ00215,BLD015,2025-03-19,Corrective,Completed,5.1,17900000,HVAC Vendor,SYNTHETIC_VN_REALISTIC
MT01348,EQ00110,BLD007,2025-07-04,Calibration,Completed,6.8,10300000,FM Team B,SYNTHETIC_VN_REALISTIC
MT01349,EQ00852,BLD055,2025-10-31,Corrective,In Progress,11.7,5000000,FM Team B,SYNTHETIC_VN_REALISTIC
MT01350,EQ01358,BLD087,2025-01-25,Corrective,Open,0.4,10350000,FM Team B,SYNTHETIC_VN_REALISTIC
MT01351,EQ00910,BLD058,2026-02-24,Calibration,Completed,11.4,6700000,FM Team B,SYNTHETIC_VN_REALISTIC
MT01352,EQ01740,BLD110,2026-01-23,Preventive,Completed,5.8,24650000,Electrical Vendor,SYNTHETIC_VN_REALISTIC
MT01353,EQ01305,BLD083,2025-05-23,Cleaning,Completed,2.8,5950000,FM Team B,SYNTHETIC_VN_REALISTIC
MT01354,EQ01826,BLD115,2026-01-25,Calibration,Completed,4.0,7300000,HVAC Vendor,SYNTHETIC_VN_REALISTIC
MT01355,EQ01522,BLD097,2026-05-10,Preventive,Completed,12.0,10100000,Electrical Vendor,SYNTHETIC_VN_REALISTIC
MT01356,EQ00589,BLD038,2025-06-20,Preventive,Completed,0.5,20700000,Plumbing Vendor,SYNTHETIC_VN_REALISTIC
MT01357,EQ01579,BLD100,2025-12-14,Preventive,Completed,0.9,1650000,HVAC Vendor,SYNTHETIC_VN_REALISTIC
MT01358,EQ01528,BLD097,2026-04-06,Calibration,Completed,9.6,12650000,HVAC Vendor,SYNTHETIC_VN_REALISTIC
MT01359,EQ00016,BLD001,2026-03-30,Preventive,Completed,10.5,1200000,HVAC Vendor,SYNTHETIC_VN_REALISTIC
MT01360,EQ01843,BLD116,2025-08-29,Inspection,Open,11.9,2600000,HVAC Vendor,SYNTHETIC_VN_REALISTIC
MT01361,EQ01492,BLD095,2026-04-09,Calibration,In Progress,8.7,3200000,FM Team B,SYNTHETIC_VN_REALISTIC
MT01362,EQ00342,BLD022,2025-02-26,Inspection,Completed,8.4,18850000,HVAC Vendor,SYNTHETIC_VN_REALISTIC
MT01363,EQ01473,BLD093,2025-05-21,Calibration,Completed,8.5,19800000,FM Team A,SYNTHETIC_VN_REALISTIC
MT01364,EQ01906,BLD120,2026-06-08,Calibration,Open,9.7,17550000,FM Team B,SYNTHETIC_VN_REALISTIC
MT01365,EQ00731,BLD047,2025-12-28,Cleaning,Completed,8.8,11450000,FM Team B,SYNTHETIC_VN_REALISTIC
MT01366,EQ01811,BLD114,2026-05-21,Cleaning,Completed,0.2,13300000,FM Team A,SYNTHETIC_VN_REALISTIC
MT01367,EQ00758,BLD049,2025-08-03,Corrective,Completed,9.1,13000000,FM Team B,SYNTHETIC_VN_REALISTIC
MT01368,EQ00097,BLD006,2026-06-13,Cleaning,Open,1.4,14250000,Electrical Vendor,SYNTHETIC_VN_REALISTIC
MT01369,EQ00826,BLD053,2025-07-07,Preventive,Completed,7.7,10600000,Electrical Vendor,SYNTHETIC_VN_REALISTIC
MT01370,EQ01413,BLD090,2026-04-03,Preventive,Open,9.4,23900000,FM Team A,SYNTHETIC_VN_REALISTIC
MT01371,EQ00211,BLD014,2025-03-19,Corrective,Completed,10.8,7500000,FM Team B,SYNTHETIC_VN_REALISTIC
MT01372,EQ00396,BLD026,2026-04-16,Corrective,Open,5.4,22950000,HVAC Vendor,SYNTHETIC_VN_REALISTIC
MT01373,EQ00100,BLD007,2026-05-30,Cleaning,Open,6.9,16700000,HVAC Vendor,SYNTHETIC_VN_REALISTIC
MT01374,EQ00926,BLD059,2026-07-14,Preventive,In Progress,7.9,1350000,Electrical Vendor,SYNTHETIC_VN_REALISTIC
MT01375,EQ00285,BLD019,2026-06-30,Corrective,Completed,9.8,9100000,Electrical Vendor,SYNTHETIC_VN_REALISTIC
MT01376,EQ01433,BLD091,2025-04-28,Preventive,Open,2.6,12000000,Electrical Vendor,SYNTHETIC_VN_REALISTIC
MT01377,EQ00522,BLD034,2026-09-01,Cleaning,Completed,2.4,23800000,FM Team A,SYNTHETIC_VN_REALISTIC
MT01378,EQ00328,BLD022,2026-06-17,Calibration,Completed,5.1,16000000,FM Team B,SYNTHETIC_VN_REALISTIC
MT01379,EQ00102,BLD007,2026-08-09,Cleaning,Completed,7.4,18000000,FM Team A,SYNTHETIC_VN_REALISTIC
MT01380,EQ01373,BLD087,2025-06-21,Preventive,Completed,8.2,19850000,Plumbing Vendor,SYNTHETIC_VN_REALISTIC
MT01381,EQ00184,BLD013,2026-01-24,Calibration,Completed,0.9,12300000,HVAC Vendor,SYNTHETIC_VN_REALISTIC
MT01382,EQ00608,BLD039,2026-01-11,Cleaning,Completed,6.8,18100000,HVAC Vendor,SYNTHETIC_VN_REALISTIC
MT01383,EQ00250,BLD016,2026-01-28,Preventive,Open,2.0,15050000,Electrical Vendor,SYNTHETIC_VN_REALISTIC
MT01384,EQ01290,BLD083,2026-03-10,Corrective,Completed,11.5,10900000,Electrical Vendor,SYNTHETIC_VN_REALISTIC
MT01385,EQ01292,BLD083,2025-07-28,Inspection,Completed,9.9,15150000,Electrical Vendor,SYNTHETIC_VN_REALISTIC
MT01386,EQ01270,BLD081,2026-06-06,Cleaning,Completed,1.2,9600000,FM Team A,SYNTHETIC_VN_REALISTIC
MT01387,EQ00516,BLD034,2025-09-13,Corrective,Completed,1.8,4800000,FM Team B,SYNTHETIC_VN_REALISTIC
MT01388,EQ01587,BLD100,2025-12-07,Calibration,In Progress,3.1,15050000,HVAC Vendor,SYNTHETIC_VN_REALISTIC
MT01389,EQ00067,BLD005,2025-12-16,Inspection,Open,11.7,15700000,FM Team A,SYNTHETIC_VN_REALISTIC
MT01390,EQ00922,BLD059,2025-05-25,Cleaning,Completed,0.3,15350000,Electrical Vendor,SYNTHETIC_VN_REALISTIC
MT01391,EQ00801,BLD052,2026-06-13,Calibration,Open,1.8,17100000,FM Team A,SYNTHETIC_VN_REALISTIC
MT01392,EQ01188,BLD077,2026-06-23,Cleaning,In Progress,5.4,11200000,Plumbing Vendor,SYNTHETIC_VN_REALISTIC
MT01393,EQ01749,BLD111,2026-07-23,Cleaning,In Progress,2.4,15000000,HVAC Vendor,SYNTHETIC_VN_REALISTIC
MT01394,EQ00771,BLD050,2025-10-23,Corrective,Completed,8.4,24900000,FM Team A,SYNTHETIC_VN_REALISTIC
MT01395,EQ00333,BLD022,2026-04-06,Calibration,In Progress,1.0,13250000,FM Team A,SYNTHETIC_VN_REALISTIC
MT01396,EQ00962,BLD061,2025-01-17,Inspection,Open,2.6,24950000,FM Team B,SYNTHETIC_VN_REALISTIC
MT01397,EQ00693,BLD044,2026-09-06,Cleaning,In Progress,3.0,8050000,Plumbing Vendor,SYNTHETIC_VN_REALISTIC
MT01398,EQ01702,BLD108,2026-07-25,Calibration,Completed,3.5,1100000,HVAC Vendor,SYNTHETIC_VN_REALISTIC
MT01399,EQ00599,BLD039,2025-11-22,Preventive,In Progress,5.9,16900000,Electrical Vendor,SYNTHETIC_VN_REALISTIC
MT01400,EQ00458,BLD030,2025-03-15,Preventive,Completed,1.1,300000,FM Team A,SYNTHETIC_VN_REALISTIC
MT01401,EQ01209,BLD078,2026-08-04,Calibration,Completed,2.2,6200000,Plumbing Vendor,SYNTHETIC_VN_REALISTIC
MT01402,EQ01869,BLD117,2025-04-21,Cleaning,In Progress,1.6,19150000,HVAC Vendor,SYNTHETIC_VN_REALISTIC
MT01403,EQ00322,BLD021,2026-05-21,Corrective,Completed,11.2,2900000,FM Team B,SYNTHETIC_VN_REALISTIC
MT01404,EQ01666,BLD106,2026-03-19,Corrective,Completed,2.9,9350000,Electrical Vendor,SYNTHETIC_VN_REALISTIC
MT01405,EQ01398,BLD089,2025-09-14,Cleaning,Completed,7.3,15550000,Plumbing Vendor,SYNTHETIC_VN_REALISTIC
MT01406,EQ01864,BLD117,2025-05-14,Cleaning,In Progress,11.6,6750000,HVAC Vendor,SYNTHETIC_VN_REALISTIC
MT01407,EQ00427,BLD028,2025-12-19,Preventive,In Progress,1.0,10350000,Electrical Vendor,SYNTHETIC_VN_REALISTIC
MT01408,EQ01626,BLD103,2025-11-22,Inspection,Open,3.6,22300000,FM Team B,SYNTHETIC_VN_REALISTIC
MT01409,EQ00117,BLD008,2026-03-30,Corrective,Completed,7.7,12100000,FM Team A,SYNTHETIC_VN_REALISTIC
MT01410,EQ00969,BLD062,2025-03-05,Corrective,Open,11.0,20050000,HVAC Vendor,SYNTHETIC_VN_REALISTIC
MT01411,EQ01742,BLD110,2026-03-12,Cleaning,Completed,0.2,22700000,FM Team B,SYNTHETIC_VN_REALISTIC
MT01412,EQ00209,BLD014,2025-10-21,Corrective,Completed,6.2,6800000,HVAC Vendor,SYNTHETIC_VN_REALISTIC
MT01413,EQ01712,BLD109,2026-09-02,Cleaning,Completed,9.1,24100000,Plumbing Vendor,SYNTHETIC_VN_REALISTIC
MT01414,EQ00322,BLD021,2025-09-25,Calibration,Completed,9.8,18500000,Electrical Vendor,SYNTHETIC_VN_REALISTIC
MT01415,EQ01025,BLD065,2025-07-03,Preventive,Open,11.2,14750000,Electrical Vendor,SYNTHETIC_VN_REALISTIC
MT01416,EQ01184,BLD076,2025-07-15,Calibration,Open,6.5,2950000,HVAC Vendor,SYNTHETIC_VN_REALISTIC
MT01417,EQ00582,BLD038,2025-05-18,Corrective,Completed,10.1,11250000,Electrical Vendor,SYNTHETIC_VN_REALISTIC
MT01418,EQ01081,BLD069,2025-03-26,Corrective,Open,8.3,9950000,HVAC Vendor,SYNTHETIC_VN_REALISTIC
MT01419,EQ01610,BLD102,2025-09-07,Preventive,Open,11.1,3550000,FM Team A,SYNTHETIC_VN_REALISTIC
MT01420,EQ01322,BLD084,2025-07-24,Inspection,Completed,0.6,4350000,Plumbing Vendor,SYNTHETIC_VN_REALISTIC
MT01421,EQ01181,BLD076,2026-06-23,Preventive,Completed,1.1,10650000,Electrical Vendor,SYNTHETIC_VN_REALISTIC
MT01422,EQ01207,BLD077,2025-02-27,Calibration,Open,8.7,2700000,FM Team B,SYNTHETIC_VN_REALISTIC
MT01423,EQ00225,BLD015,2026-06-11,Corrective,In Progress,5.4,7250000,FM Team B,SYNTHETIC_VN_REALISTIC
MT01424,EQ00935,BLD060,2025-01-02,Inspection,Completed,11.1,7500000,HVAC Vendor,SYNTHETIC_VN_REALISTIC
MT01425,EQ00830,BLD054,2026-02-16,Calibration,Open,1.6,17550000,FM Team A,SYNTHETIC_VN_REALISTIC
MT01426,EQ00237,BLD016,2025-10-20,Inspection,Completed,1.5,2350000,FM Team A,SYNTHETIC_VN_REALISTIC
MT01427,EQ00608,BLD039,2026-02-02,Corrective,Completed,5.2,8700000,FM Team B,SYNTHETIC_VN_REALISTIC
MT01428,EQ01509,BLD096,2025-08-13,Inspection,Completed,7.5,8200000,HVAC Vendor,SYNTHETIC_VN_REALISTIC
MT01429,EQ01117,BLD072,2025-08-10,Cleaning,In Progress,6.5,14900000,Plumbing Vendor,SYNTHETIC_VN_REALISTIC
MT01430,EQ01756,BLD111,2025-03-03,Calibration,Completed,3.7,6000000,Electrical Vendor,SYNTHETIC_VN_REALISTIC
MT01431,EQ01287,BLD082,2026-01-07,Corrective,Completed,10.1,23000000,HVAC Vendor,SYNTHETIC_VN_REALISTIC
MT01432,EQ00519,BLD034,2025-08-03,Corrective,Completed,7.8,11650000,FM Team B,SYNTHETIC_VN_REALISTIC
MT01433,EQ01310,BLD083,2025-10-19,Preventive,Open,8.2,8050000,FM Team A,SYNTHETIC_VN_REALISTIC
MT01434,EQ00061,BLD004,2025-06-02,Cleaning,In Progress,5.7,5150000,HVAC Vendor,SYNTHETIC_VN_REALISTIC
MT01435,EQ01267,BLD081,2025-02-17,Cleaning,Open,2.5,18450000,FM Team A,SYNTHETIC_VN_REALISTIC
MT01436,EQ00830,BLD054,2026-04-07,Calibration,Completed,11.6,19850000,FM Team A,SYNTHETIC_VN_REALISTIC
MT01437,EQ01115,BLD071,2025-10-13,Inspection,Open,7.1,17100000,Plumbing Vendor,SYNTHETIC_VN_REALISTIC
MT01438,EQ00139,BLD010,2026-04-13,Cleaning,Completed,10.3,16850000,Electrical Vendor,SYNTHETIC_VN_REALISTIC
MT01439,EQ01237,BLD079,2025-01-23,Calibration,Completed,6.5,18950000,FM Team A,SYNTHETIC_VN_REALISTIC
MT01440,EQ01589,BLD101,2026-03-03,Preventive,Completed,3.8,10950000,FM Team A,SYNTHETIC_VN_REALISTIC
MT01441,EQ01319,BLD084,2026-03-16,Preventive,Completed,5.2,20250000,Electrical Vendor,SYNTHETIC_VN_REALISTIC
MT01442,EQ00589,BLD038,2026-04-02,Preventive,Open,9.6,17500000,FM Team A,SYNTHETIC_VN_REALISTIC
MT01443,EQ00197,BLD014,2026-06-16,Preventive,Completed,9.1,14850000,FM Team A,SYNTHETIC_VN_REALISTIC
MT01444,EQ00315,BLD021,2026-07-09,Preventive,In Progress,3.8,12650000,FM Team B,SYNTHETIC_VN_REALISTIC
MT01445,EQ00060,BLD004,2025-09-14,Cleaning,Completed,9.9,12300000,Electrical Vendor,SYNTHETIC_VN_REALISTIC
MT01446,EQ01056,BLD068,2025-05-15,Cleaning,Completed,6.6,20400000,Electrical Vendor,SYNTHETIC_VN_REALISTIC
MT01447,EQ00813,BLD053,2026-01-30,Inspection,Completed,6.4,5100000,FM Team A,SYNTHETIC_VN_REALISTIC
MT01448,EQ01673,BLD106,2026-07-02,Corrective,Completed,0.0,17700000,Electrical Vendor,SYNTHETIC_VN_REALISTIC
MT01449,EQ01815,BLD114,2026-07-05,Inspection,Completed,7.9,11150000,FM Team A,SYNTHETIC_VN_REALISTIC
MT01450,EQ00627,BLD041,2025-03-21,Inspection,Completed,7.2,2550000,Plumbing Vendor,SYNTHETIC_VN_REALISTIC
MT01451,EQ01414,BLD090,2025-02-25,Cleaning,Completed,3.3,8700000,Plumbing Vendor,SYNTHETIC_VN_REALISTIC
MT01452,EQ01363,BLD087,2026-05-11,Inspection,Completed,6.6,10900000,Plumbing Vendor,SYNTHETIC_VN_REALISTIC
MT01453,EQ00552,BLD036,2025-06-09,Cleaning,In Progress,0.8,3900000,HVAC Vendor,SYNTHETIC_VN_REALISTIC
MT01454,EQ01040,BLD066,2026-01-14,Inspection,Completed,1.6,19700000,FM Team B,SYNTHETIC_VN_REALISTIC
MT01455,EQ00956,BLD061,2026-07-17,Cleaning,Completed,10.9,6400000,FM Team A,SYNTHETIC_VN_REALISTIC
MT01456,EQ01125,BLD072,2026-08-02,Inspection,Completed,4.0,13300000,FM Team B,SYNTHETIC_VN_REALISTIC
MT01457,EQ00056,BLD004,2026-03-15,Calibration,In Progress,7.6,9800000,FM Team A,SYNTHETIC_VN_REALISTIC
MT01458,EQ00672,BLD043,2025-09-18,Inspection,Completed,10.4,15700000,FM Team A,SYNTHETIC_VN_REALISTIC
MT01459,EQ01074,BLD068,2026-03-10,Preventive,Open,0.8,2850000,Electrical Vendor,SYNTHETIC_VN_REALISTIC
MT01460,EQ01799,BLD114,2026-04-17,Preventive,Completed,0.4,3050000,Electrical Vendor,SYNTHETIC_VN_REALISTIC
MT01461,EQ00758,BLD049,2025-10-25,Inspection,Completed,8.7,12800000,FM Team B,SYNTHETIC_VN_REALISTIC
MT01462,EQ00707,BLD046,2025-04-02,Calibration,Completed,6.3,13550000,FM Team B,SYNTHETIC_VN_REALISTIC
MT01463,EQ00814,BLD053,2025-05-30,Cleaning,Completed,9.8,22700000,FM Team A,SYNTHETIC_VN_REALISTIC
MT01464,EQ00167,BLD012,2025-05-15,Preventive,Completed,11.0,11400000,FM Team B,SYNTHETIC_VN_REALISTIC
MT01465,EQ00836,BLD054,2025-11-03,Inspection,In Progress,11.1,7850000,Electrical Vendor,SYNTHETIC_VN_REALISTIC
MT01466,EQ00294,BLD019,2025-11-01,Inspection,Completed,8.4,14050000,FM Team A,SYNTHETIC_VN_REALISTIC
MT01467,EQ00425,BLD028,2025-06-06,Cleaning,Open,4.0,16400000,FM Team A,SYNTHETIC_VN_REALISTIC
MT01468,EQ00213,BLD015,2025-03-07,Preventive,Completed,10.8,20500000,Plumbing Vendor,SYNTHETIC_VN_REALISTIC
MT01469,EQ01379,BLD088,2026-08-02,Corrective,In Progress,6.9,20750000,FM Team A,SYNTHETIC_VN_REALISTIC
MT01470,EQ01903,BLD119,2026-08-22,Inspection,Completed,0.3,1950000,FM Team B,SYNTHETIC_VN_REALISTIC
MT01471,EQ00654,BLD043,2025-08-02,Calibration,In Progress,2.0,16100000,Plumbing Vendor,SYNTHETIC_VN_REALISTIC
MT01472,EQ00652,BLD042,2025-03-13,Preventive,In Progress,9.1,1150000,FM Team A,SYNTHETIC_VN_REALISTIC
MT01473,EQ01530,BLD097,2026-08-14,Preventive,Open,5.6,7600000,FM Team B,SYNTHETIC_VN_REALISTIC
MT01474,EQ00343,BLD022,2026-06-01,Inspection,Completed,11.6,15550000,HVAC Vendor,SYNTHETIC_VN_REALISTIC
MT01475,EQ00617,BLD040,2026-04-27,Calibration,Completed,11.5,550000,FM Team A,SYNTHETIC_VN_REALISTIC
MT01476,EQ00470,BLD030,2026-04-02,Cleaning,Completed,10.5,9250000,FM Team A,SYNTHETIC_VN_REALISTIC
MT01477,EQ01017,BLD065,2025-05-12,Calibration,Completed,8.2,6000000,FM Team A,SYNTHETIC_VN_REALISTIC
MT01478,EQ00987,BLD063,2025-05-10,Corrective,Completed,4.3,18200000,FM Team A,SYNTHETIC_VN_REALISTIC
MT01479,EQ00334,BLD022,2025-01-07,Inspection,Completed,11.5,20550000,Electrical Vendor,SYNTHETIC_VN_REALISTIC
MT01480,EQ01589,BLD101,2025-05-02,Cleaning,In Progress,10.2,12000000,FM Team A,SYNTHETIC_VN_REALISTIC
MT01481,EQ00063,BLD005,2026-05-07,Corrective,Completed,3.4,22400000,FM Team B,SYNTHETIC_VN_REALISTIC
MT01482,EQ00889,BLD057,2026-06-25,Calibration,Completed,5.1,5850000,Plumbing Vendor,SYNTHETIC_VN_REALISTIC
MT01483,EQ00410,BLD027,2025-05-18,Inspection,In Progress,2.0,13500000,Plumbing Vendor,SYNTHETIC_VN_REALISTIC
MT01484,EQ01827,BLD115,2026-01-23,Corrective,Completed,4.1,14450000,HVAC Vendor,SYNTHETIC_VN_REALISTIC
MT01485,EQ01448,BLD092,2025-11-21,Calibration,Completed,7.2,22350000,Electrical Vendor,SYNTHETIC_VN_REALISTIC
MT01486,EQ01911,BLD120,2025-12-24,Preventive,Completed,7.1,4800000,Electrical Vendor,SYNTHETIC_VN_REALISTIC
MT01487,EQ01308,BLD083,2025-03-13,Inspection,Completed,6.5,20650000,HVAC Vendor,SYNTHETIC_VN_REALISTIC
MT01488,EQ01465,BLD093,2025-03-03,Preventive,In Progress,2.7,200000,FM Team B,SYNTHETIC_VN_REALISTIC
MT01489,EQ01660,BLD105,2026-02-02,Calibration,Completed,1.4,11550000,FM Team B,SYNTHETIC_VN_REALISTIC
MT01490,EQ00836,BLD054,2026-04-01,Cleaning,In Progress,2.4,3350000,FM Team B,SYNTHETIC_VN_REALISTIC
MT01491,EQ01905,BLD120,2025-12-21,Cleaning,Completed,2.1,23700000,FM Team B,SYNTHETIC_VN_REALISTIC
MT01492,EQ01381,BLD088,2025-09-13,Preventive,Completed,7.1,8000000,Electrical Vendor,SYNTHETIC_VN_REALISTIC
MT01493,EQ01567,BLD099,2025-03-24,Inspection,Open,5.6,9000000,Plumbing Vendor,SYNTHETIC_VN_REALISTIC
MT01494,EQ00380,BLD025,2025-10-02,Cleaning,Completed,1.0,8350000,Electrical Vendor,SYNTHETIC_VN_REALISTIC
MT01495,EQ01133,BLD073,2026-06-21,Preventive,Completed,5.3,23700000,Electrical Vendor,SYNTHETIC_VN_REALISTIC
MT01496,EQ00450,BLD029,2025-10-22,Preventive,In Progress,11.9,6650000,Plumbing Vendor,SYNTHETIC_VN_REALISTIC
MT01497,EQ00929,BLD059,2026-03-20,Corrective,Open,4.5,23100000,FM Team B,SYNTHETIC_VN_REALISTIC
MT01498,EQ01669,BLD106,2025-09-09,Calibration,In Progress,11.3,20650000,Electrical Vendor,SYNTHETIC_VN_REALISTIC
MT01499,EQ01356,BLD087,2025-03-23,Cleaning,Completed,11.7,5750000,Plumbing Vendor,SYNTHETIC_VN_REALISTIC
MT01500,EQ00717,BLD046,2025-05-22,Cleaning,Completed,7.8,3950000,Electrical Vendor,SYNTHETIC_VN_REALISTIC
MT01501,EQ00478,BLD031,2025-07-01,Corrective,Completed,7.9,12100000,FM Team A,SYNTHETIC_VN_REALISTIC
MT01502,EQ00490,BLD031,2025-03-08,Calibration,Completed,10.2,15900000,FM Team A,SYNTHETIC_VN_REALISTIC
MT01503,EQ00662,BLD043,2026-06-19,Preventive,Completed,5.4,10000000,Electrical Vendor,SYNTHETIC_VN_REALISTIC
MT01504,EQ00014,BLD001,2025-04-12,Inspection,Open,3.5,23350000,HVAC Vendor,SYNTHETIC_VN_REALISTIC
MT01505,EQ01891,BLD119,2025-10-06,Cleaning,Open,0.6,12900000,HVAC Vendor,SYNTHETIC_VN_REALISTIC
MT01506,EQ01371,BLD087,2025-04-10,Calibration,Completed,10.3,17650000,HVAC Vendor,SYNTHETIC_VN_REALISTIC
MT01507,EQ01125,BLD072,2025-09-26,Preventive,Completed,7.7,11100000,FM Team B,SYNTHETIC_VN_REALISTIC
MT01508,EQ00723,BLD047,2025-03-12,Cleaning,Open,10.4,18200000,Plumbing Vendor,SYNTHETIC_VN_REALISTIC
MT01509,EQ00674,BLD043,2025-05-14,Inspection,Completed,4.9,2100000,FM Team B,SYNTHETIC_VN_REALISTIC
MT01510,EQ01225,BLD079,2025-03-07,Preventive,Open,7.4,11550000,FM Team A,SYNTHETIC_VN_REALISTIC
MT01511,EQ01871,BLD118,2025-04-25,Inspection,In Progress,6.0,9600000,Plumbing Vendor,SYNTHETIC_VN_REALISTIC
MT01512,EQ00145,BLD010,2026-09-11,Preventive,Completed,1.4,20450000,HVAC Vendor,SYNTHETIC_VN_REALISTIC
MT01513,EQ00225,BLD015,2026-06-12,Preventive,Completed,2.1,3850000,FM Team B,SYNTHETIC_VN_REALISTIC
MT01514,EQ01130,BLD073,2025-04-28,Inspection,In Progress,1.9,250000,HVAC Vendor,SYNTHETIC_VN_REALISTIC
MT01515,EQ01062,BLD068,2026-07-06,Inspection,Completed,7.4,6150000,Plumbing Vendor,SYNTHETIC_VN_REALISTIC
MT01516,EQ01535,BLD097,2026-08-28,Cleaning,Open,6.5,8850000,Electrical Vendor,SYNTHETIC_VN_REALISTIC
MT01517,EQ01830,BLD115,2025-10-30,Inspection,Open,10.9,3950000,FM Team B,SYNTHETIC_VN_REALISTIC
MT01518,EQ01691,BLD108,2026-03-12,Calibration,In Progress,10.2,11900000,FM Team A,SYNTHETIC_VN_REALISTIC
MT01519,EQ00358,BLD024,2025-10-21,Preventive,Completed,3.1,15550000,HVAC Vendor,SYNTHETIC_VN_REALISTIC
MT01520,EQ01613,BLD103,2025-12-31,Preventive,Open,8.3,18500000,HVAC Vendor,SYNTHETIC_VN_REALISTIC
MT01521,EQ00202,BLD014,2026-07-19,Calibration,In Progress,7.0,4250000,Plumbing Vendor,SYNTHETIC_VN_REALISTIC
MT01522,EQ01496,BLD095,2025-06-03,Cleaning,Completed,10.1,6200000,Plumbing Vendor,SYNTHETIC_VN_REALISTIC
MT01523,EQ01015,BLD064,2025-01-14,Preventive,Completed,7.0,4150000,FM Team B,SYNTHETIC_VN_REALISTIC
MT01524,EQ01214,BLD078,2026-01-02,Cleaning,In Progress,4.9,13400000,Electrical Vendor,SYNTHETIC_VN_REALISTIC
MT01525,EQ01330,BLD085,2025-03-09,Cleaning,Open,8.6,3150000,FM Team B,SYNTHETIC_VN_REALISTIC
MT01526,EQ00463,BLD030,2026-04-17,Cleaning,Open,6.3,11600000,Electrical Vendor,SYNTHETIC_VN_REALISTIC
MT01527,EQ01322,BLD084,2025-04-16,Cleaning,Completed,0.1,19200000,FM Team B,SYNTHETIC_VN_REALISTIC
MT01528,EQ01745,BLD111,2025-11-16,Calibration,Completed,10.8,11650000,FM Team A,SYNTHETIC_VN_REALISTIC
MT01529,EQ01178,BLD076,2025-10-16,Corrective,In Progress,0.5,7950000,HVAC Vendor,SYNTHETIC_VN_REALISTIC
MT01530,EQ00936,BLD060,2025-01-22,Calibration,Completed,11.9,21800000,FM Team A,SYNTHETIC_VN_REALISTIC
MT01531,EQ01201,BLD077,2026-02-15,Cleaning,Completed,6.0,4100000,HVAC Vendor,SYNTHETIC_VN_REALISTIC
MT01532,EQ00953,BLD061,2025-02-03,Preventive,Completed,10.5,18350000,FM Team A,SYNTHETIC_VN_REALISTIC
MT01533,EQ01004,BLD064,2025-10-08,Inspection,Open,6.8,11600000,FM Team B,SYNTHETIC_VN_REALISTIC
MT01534,EQ00777,BLD050,2025-12-15,Corrective,In Progress,3.6,1200000,Plumbing Vendor,SYNTHETIC_VN_REALISTIC
MT01535,EQ00197,BLD014,2025-09-09,Cleaning,Open,8.3,9300000,Electrical Vendor,SYNTHETIC_VN_REALISTIC
MT01536,EQ01377,BLD088,2026-06-01,Calibration,In Progress,3.0,21600000,Electrical Vendor,SYNTHETIC_VN_REALISTIC
MT01537,EQ01679,BLD107,2026-03-30,Calibration,In Progress,5.1,24700000,HVAC Vendor,SYNTHETIC_VN_REALISTIC
MT01538,EQ00870,BLD056,2025-02-12,Preventive,Completed,2.5,9750000,HVAC Vendor,SYNTHETIC_VN_REALISTIC
MT01539,EQ01545,BLD098,2026-01-03,Inspection,Completed,3.7,14850000,Electrical Vendor,SYNTHETIC_VN_REALISTIC
MT01540,EQ01410,BLD090,2025-12-12,Inspection,Completed,11.2,8200000,Electrical Vendor,SYNTHETIC_VN_REALISTIC
MT01541,EQ00661,BLD043,2026-06-16,Preventive,Open,3.3,11400000,HVAC Vendor,SYNTHETIC_VN_REALISTIC
MT01542,EQ00789,BLD051,2026-09-06,Cleaning,Completed,2.5,16100000,Electrical Vendor,SYNTHETIC_VN_REALISTIC
MT01543,EQ01311,BLD083,2025-03-23,Calibration,Completed,1.8,14500000,Electrical Vendor,SYNTHETIC_VN_REALISTIC
MT01544,EQ00568,BLD037,2025-04-11,Preventive,Open,1.4,4550000,HVAC Vendor,SYNTHETIC_VN_REALISTIC
MT01545,EQ00388,BLD026,2026-01-24,Inspection,Completed,1.7,16900000,Plumbing Vendor,SYNTHETIC_VN_REALISTIC
MT01546,EQ01888,BLD119,2026-07-07,Corrective,Completed,11.5,7000000,Plumbing Vendor,SYNTHETIC_VN_REALISTIC
MT01547,EQ00649,BLD042,2025-10-10,Inspection,Completed,5.2,2300000,Plumbing Vendor,SYNTHETIC_VN_REALISTIC
MT01548,EQ00373,BLD024,2025-10-28,Cleaning,Completed,7.7,6700000,FM Team A,SYNTHETIC_VN_REALISTIC
MT01549,EQ00563,BLD037,2026-04-27,Inspection,Completed,5.5,14700000,FM Team B,SYNTHETIC_VN_REALISTIC
MT01550,EQ01161,BLD074,2025-02-15,Preventive,In Progress,10.1,4850000,Plumbing Vendor,SYNTHETIC_VN_REALISTIC
MT01551,EQ00294,BLD019,2025-09-12,Calibration,Completed,8.4,1650000,HVAC Vendor,SYNTHETIC_VN_REALISTIC
MT01552,EQ01648,BLD104,2026-07-19,Calibration,Open,10.1,15750000,FM Team A,SYNTHETIC_VN_REALISTIC
MT01553,EQ01522,BLD097,2025-08-09,Inspection,Completed,7.9,15100000,Plumbing Vendor,SYNTHETIC_VN_REALISTIC
MT01554,EQ01373,BLD087,2025-09-17,Preventive,In Progress,10.4,13450000,Electrical Vendor,SYNTHETIC_VN_REALISTIC
MT01555,EQ00970,BLD062,2026-07-17,Calibration,Completed,8.7,17200000,FM Team B,SYNTHETIC_VN_REALISTIC
MT01556,EQ01000,BLD064,2025-11-05,Corrective,Completed,11.0,15550000,HVAC Vendor,SYNTHETIC_VN_REALISTIC
MT01557,EQ00134,BLD009,2026-01-04,Calibration,Completed,4.6,1200000,FM Team B,SYNTHETIC_VN_REALISTIC
MT01558,EQ01163,BLD075,2025-05-09,Cleaning,Completed,0.1,11250000,Plumbing Vendor,SYNTHETIC_VN_REALISTIC
MT01559,EQ01323,BLD084,2025-11-14,Inspection,Completed,4.9,20650000,FM Team B,SYNTHETIC_VN_REALISTIC
MT01560,EQ00796,BLD051,2026-06-17,Preventive,Completed,9.8,24500000,Electrical Vendor,SYNTHETIC_VN_REALISTIC
MT01561,EQ01056,BLD068,2025-12-02,Preventive,Completed,2.8,13800000,FM Team A,SYNTHETIC_VN_REALISTIC
MT01562,EQ00183,BLD013,2025-01-31,Cleaning,In Progress,3.9,1000000,Electrical Vendor,SYNTHETIC_VN_REALISTIC
MT01563,EQ00397,BLD026,2026-07-03,Inspection,Completed,0.2,13850000,FM Team B,SYNTHETIC_VN_REALISTIC
MT01564,EQ01071,BLD068,2025-05-16,Cleaning,Completed,11.5,18750000,Electrical Vendor,SYNTHETIC_VN_REALISTIC
MT01565,EQ01874,BLD118,2025-04-25,Inspection,Open,4.8,1150000,FM Team B,SYNTHETIC_VN_REALISTIC
MT01566,EQ00611,BLD039,2025-02-17,Preventive,Completed,2.0,19100000,Electrical Vendor,SYNTHETIC_VN_REALISTIC
MT01567,EQ01015,BLD064,2026-02-05,Cleaning,In Progress,2.5,18200000,FM Team A,SYNTHETIC_VN_REALISTIC
MT01568,EQ01855,BLD117,2026-07-18,Corrective,Completed,4.0,24000000,FM Team A,SYNTHETIC_VN_REALISTIC
MT01569,EQ00163,BLD012,2026-02-24,Cleaning,Completed,8.8,12900000,HVAC Vendor,SYNTHETIC_VN_REALISTIC
MT01570,EQ01109,BLD071,2025-04-22,Inspection,Completed,0.4,9350000,HVAC Vendor,SYNTHETIC_VN_REALISTIC
MT01571,EQ00719,BLD046,2026-08-23,Cleaning,Completed,6.9,11500000,Electrical Vendor,SYNTHETIC_VN_REALISTIC
MT01572,EQ00543,BLD035,2026-08-14,Cleaning,Completed,4.6,18400000,HVAC Vendor,SYNTHETIC_VN_REALISTIC
MT01573,EQ00825,BLD053,2026-03-18,Cleaning,Completed,0.2,20850000,Plumbing Vendor,SYNTHETIC_VN_REALISTIC
MT01574,EQ01472,BLD093,2025-02-04,Inspection,Completed,9.7,14050000,FM Team B,SYNTHETIC_VN_REALISTIC
MT01575,EQ01008,BLD064,2025-07-28,Inspection,Completed,10.8,24200000,FM Team A,SYNTHETIC_VN_REALISTIC
MT01576,EQ01072,BLD068,2025-08-03,Corrective,Completed,1.6,15200000,FM Team A,SYNTHETIC_VN_REALISTIC
MT01577,EQ00547,BLD036,2025-07-21,Preventive,Completed,4.5,5850000,Electrical Vendor,SYNTHETIC_VN_REALISTIC
MT01578,EQ00365,BLD024,2025-01-13,Inspection,Open,3.8,3950000,HVAC Vendor,SYNTHETIC_VN_REALISTIC
MT01579,EQ00522,BLD034,2026-03-27,Preventive,Completed,7.9,3450000,FM Team B,SYNTHETIC_VN_REALISTIC
MT01580,EQ00811,BLD053,2025-07-11,Cleaning,In Progress,2.7,19850000,Plumbing Vendor,SYNTHETIC_VN_REALISTIC
MT01581,EQ00108,BLD007,2025-06-04,Calibration,Completed,9.3,15600000,HVAC Vendor,SYNTHETIC_VN_REALISTIC
MT01582,EQ00896,BLD058,2025-04-23,Inspection,Completed,8.7,14850000,Plumbing Vendor,SYNTHETIC_VN_REALISTIC
MT01583,EQ00748,BLD048,2025-04-07,Calibration,Completed,0.4,15700000,FM Team A,SYNTHETIC_VN_REALISTIC
MT01584,EQ01675,BLD106,2026-06-28,Corrective,In Progress,4.2,1050000,HVAC Vendor,SYNTHETIC_VN_REALISTIC
MT01585,EQ01064,BLD068,2026-04-06,Inspection,Completed,10.7,12450000,FM Team A,SYNTHETIC_VN_REALISTIC
MT01586,EQ00828,BLD054,2025-10-07,Inspection,Completed,6.2,21250000,FM Team B,SYNTHETIC_VN_REALISTIC
MT01587,EQ01142,BLD073,2025-06-10,Cleaning,In Progress,2.7,17650000,FM Team A,SYNTHETIC_VN_REALISTIC
MT01588,EQ00251,BLD016,2025-04-29,Preventive,Completed,10.3,13450000,Electrical Vendor,SYNTHETIC_VN_REALISTIC
MT01589,EQ00227,BLD015,2026-01-23,Corrective,Completed,2.2,600000,Electrical Vendor,SYNTHETIC_VN_REALISTIC
MT01590,EQ01575,BLD100,2025-12-19,Corrective,Open,5.8,12150000,FM Team A,SYNTHETIC_VN_REALISTIC
MT01591,EQ00234,BLD016,2025-01-23,Inspection,Open,9.7,14450000,HVAC Vendor,SYNTHETIC_VN_REALISTIC
MT01592,EQ01126,BLD072,2026-06-02,Preventive,In Progress,10.5,10050000,Electrical Vendor,SYNTHETIC_VN_REALISTIC
MT01593,EQ00534,BLD034,2025-06-05,Corrective,Completed,3.0,11450000,Plumbing Vendor,SYNTHETIC_VN_REALISTIC
MT01594,EQ00788,BLD051,2025-03-13,Cleaning,Completed,9.3,2250000,FM Team A,SYNTHETIC_VN_REALISTIC
MT01595,EQ01775,BLD112,2025-10-03,Calibration,In Progress,0.9,19300000,HVAC Vendor,SYNTHETIC_VN_REALISTIC
MT01596,EQ01774,BLD112,2025-10-25,Inspection,In Progress,4.2,850000,HVAC Vendor,SYNTHETIC_VN_REALISTIC
MT01597,EQ00265,BLD017,2026-06-30,Preventive,Open,7.5,3150000,HVAC Vendor,SYNTHETIC_VN_REALISTIC
MT01598,EQ01591,BLD101,2025-12-06,Cleaning,Completed,7.7,24600000,HVAC Vendor,SYNTHETIC_VN_REALISTIC
MT01599,EQ00634,BLD041,2025-11-17,Cleaning,Completed,6.3,3000000,Plumbing Vendor,SYNTHETIC_VN_REALISTIC
MT01600,EQ00585,BLD038,2025-02-17,Inspection,Open,2.0,20350000,HVAC Vendor,SYNTHETIC_VN_REALISTIC
MT01601,EQ01454,BLD092,2025-01-10,Calibration,Completed,3.9,14850000,FM Team B,SYNTHETIC_VN_REALISTIC
MT01602,EQ00919,BLD059,2026-05-04,Corrective,Completed,8.7,7300000,Plumbing Vendor,SYNTHETIC_VN_REALISTIC
MT01603,EQ00534,BLD034,2025-07-20,Corrective,Completed,6.8,8900000,FM Team B,SYNTHETIC_VN_REALISTIC
MT01604,EQ01588,BLD100,2025-03-05,Preventive,In Progress,10.0,10950000,HVAC Vendor,SYNTHETIC_VN_REALISTIC
MT01605,EQ01050,BLD067,2026-07-05,Corrective,Completed,6.7,4650000,FM Team B,SYNTHETIC_VN_REALISTIC
MT01606,EQ00672,BLD043,2025-04-08,Inspection,In Progress,10.9,17100000,Plumbing Vendor,SYNTHETIC_VN_REALISTIC
MT01607,EQ01569,BLD099,2025-05-28,Cleaning,Completed,11.5,6050000,Electrical Vendor,SYNTHETIC_VN_REALISTIC
MT01608,EQ01741,BLD110,2025-12-05,Corrective,Completed,3.7,6250000,HVAC Vendor,SYNTHETIC_VN_REALISTIC
MT01609,EQ01395,BLD089,2026-08-25,Inspection,In Progress,5.0,1450000,Electrical Vendor,SYNTHETIC_VN_REALISTIC
MT01610,EQ00878,BLD057,2026-08-03,Calibration,In Progress,1.0,12500000,FM Team B,SYNTHETIC_VN_REALISTIC
MT01611,EQ01025,BLD065,2026-06-23,Corrective,Completed,9.8,10450000,FM Team B,SYNTHETIC_VN_REALISTIC
MT01612,EQ00714,BLD046,2025-11-07,Preventive,Open,7.4,24900000,Electrical Vendor,SYNTHETIC_VN_REALISTIC
MT01613,EQ00717,BLD046,2025-03-23,Inspection,In Progress,4.8,24850000,HVAC Vendor,SYNTHETIC_VN_REALISTIC
MT01614,EQ01150,BLD074,2025-12-22,Inspection,In Progress,7.0,12500000,Electrical Vendor,SYNTHETIC_VN_REALISTIC
MT01615,EQ00318,BLD021,2025-04-04,Corrective,In Progress,5.8,12700000,FM Team B,SYNTHETIC_VN_REALISTIC
MT01616,EQ00643,BLD042,2025-02-17,Corrective,In Progress,0.5,4550000,Electrical Vendor,SYNTHETIC_VN_REALISTIC
MT01617,EQ01523,BLD097,2025-02-19,Inspection,Completed,10.4,1150000,FM Team A,SYNTHETIC_VN_REALISTIC
MT01618,EQ00974,BLD062,2025-10-12,Inspection,Completed,1.3,3750000,FM Team B,SYNTHETIC_VN_REALISTIC
MT01619,EQ00133,BLD009,2025-08-10,Preventive,In Progress,7.0,6900000,FM Team B,SYNTHETIC_VN_REALISTIC
MT01620,EQ00857,BLD056,2025-09-04,Cleaning,Completed,12.0,8950000,HVAC Vendor,SYNTHETIC_VN_REALISTIC
MT01621,EQ00970,BLD062,2026-01-24,Preventive,Completed,7.7,3900000,FM Team B,SYNTHETIC_VN_REALISTIC
MT01622,EQ01564,BLD099,2026-04-06,Calibration,Completed,5.7,3050000,FM Team A,SYNTHETIC_VN_REALISTIC
MT01623,EQ00291,BLD019,2025-02-17,Preventive,Completed,2.0,13600000,Plumbing Vendor,SYNTHETIC_VN_REALISTIC
MT01624,EQ00909,BLD058,2025-12-12,Corrective,Completed,7.9,24000000,FM Team B,SYNTHETIC_VN_REALISTIC
MT01625,EQ01047,BLD067,2025-05-02,Corrective,In Progress,8.9,14600000,FM Team B,SYNTHETIC_VN_REALISTIC
MT01626,EQ01891,BLD119,2025-12-08,Cleaning,Completed,5.7,15500000,Plumbing Vendor,SYNTHETIC_VN_REALISTIC
MT01627,EQ00223,BLD015,2025-11-21,Corrective,Open,10.4,21850000,Plumbing Vendor,SYNTHETIC_VN_REALISTIC
MT01628,EQ01068,BLD068,2026-05-25,Cleaning,Completed,11.9,9400000,FM Team A,SYNTHETIC_VN_REALISTIC
MT01629,EQ01626,BLD103,2026-01-18,Corrective,Completed,8.3,4050000,FM Team B,SYNTHETIC_VN_REALISTIC
MT01630,EQ00834,BLD054,2025-09-09,Cleaning,Open,8.2,9650000,FM Team A,SYNTHETIC_VN_REALISTIC
MT01631,EQ00595,BLD038,2026-03-08,Cleaning,In Progress,9.7,8100000,FM Team A,SYNTHETIC_VN_REALISTIC
MT01632,EQ01683,BLD107,2025-10-24,Cleaning,Completed,11.2,13550000,HVAC Vendor,SYNTHETIC_VN_REALISTIC
MT01633,EQ01708,BLD108,2025-08-01,Corrective,In Progress,6.5,20700000,Electrical Vendor,SYNTHETIC_VN_REALISTIC
MT01634,EQ00824,BLD053,2025-08-27,Calibration,Completed,11.1,19150000,Electrical Vendor,SYNTHETIC_VN_REALISTIC
MT01635,EQ00689,BLD044,2026-04-03,Cleaning,Open,9.6,2350000,FM Team A,SYNTHETIC_VN_REALISTIC
MT01636,EQ01491,BLD095,2025-10-29,Inspection,Open,3.5,16400000,Plumbing Vendor,SYNTHETIC_VN_REALISTIC
MT01637,EQ00176,BLD013,2026-01-31,Cleaning,Completed,0.3,11000000,FM Team A,SYNTHETIC_VN_REALISTIC
MT01638,EQ01586,BLD100,2025-01-13,Corrective,Completed,7.8,18250000,HVAC Vendor,SYNTHETIC_VN_REALISTIC
MT01639,EQ00933,BLD060,2026-02-05,Preventive,Completed,10.0,12250000,Electrical Vendor,SYNTHETIC_VN_REALISTIC
MT01640,EQ01406,BLD089,2026-02-15,Corrective,Open,10.2,10850000,Plumbing Vendor,SYNTHETIC_VN_REALISTIC
MT01641,EQ01234,BLD079,2025-12-01,Calibration,Completed,1.3,14600000,Electrical Vendor,SYNTHETIC_VN_REALISTIC
MT01642,EQ01669,BLD106,2026-04-23,Cleaning,Completed,2.3,23550000,FM Team A,SYNTHETIC_VN_REALISTIC
MT01643,EQ01255,BLD080,2025-07-08,Preventive,Completed,2.4,2150000,HVAC Vendor,SYNTHETIC_VN_REALISTIC
MT01644,EQ00387,BLD025,2025-09-06,Corrective,Open,2.7,5000000,Plumbing Vendor,SYNTHETIC_VN_REALISTIC
MT01645,EQ01622,BLD103,2025-12-10,Preventive,Open,8.6,14600000,Electrical Vendor,SYNTHETIC_VN_REALISTIC
MT01646,EQ00366,BLD024,2025-03-20,Cleaning,Completed,6.5,7750000,Plumbing Vendor,SYNTHETIC_VN_REALISTIC
MT01647,EQ01009,BLD064,2026-03-19,Cleaning,Open,10.9,1950000,HVAC Vendor,SYNTHETIC_VN_REALISTIC
MT01648,EQ01050,BLD067,2025-12-09,Cleaning,Completed,5.6,19800000,FM Team B,SYNTHETIC_VN_REALISTIC
MT01649,EQ01307,BLD083,2026-01-06,Preventive,Open,11.8,24150000,FM Team B,SYNTHETIC_VN_REALISTIC
MT01650,EQ00454,BLD029,2025-05-02,Inspection,Open,11.3,3700000,FM Team B,SYNTHETIC_VN_REALISTIC
MT01651,EQ01714,BLD109,2026-03-02,Preventive,Completed,4.8,12550000,FM Team B,SYNTHETIC_VN_REALISTIC
MT01652,EQ00250,BLD016,2025-03-04,Calibration,In Progress,2.5,20800000,Plumbing Vendor,SYNTHETIC_VN_REALISTIC
MT01653,EQ00094,BLD006,2026-03-23,Cleaning,Completed,1.5,19600000,HVAC Vendor,SYNTHETIC_VN_REALISTIC
MT01654,EQ00016,BLD001,2026-06-16,Inspection,Open,2.8,22150000,Electrical Vendor,SYNTHETIC_VN_REALISTIC
MT01655,EQ01618,BLD103,2025-11-01,Cleaning,In Progress,6.3,2750000,Electrical Vendor,SYNTHETIC_VN_REALISTIC
MT01656,EQ01816,BLD114,2025-08-09,Calibration,In Progress,4.9,9200000,FM Team A,SYNTHETIC_VN_REALISTIC
MT01657,EQ01869,BLD117,2025-05-19,Corrective,In Progress,5.3,10350000,Plumbing Vendor,SYNTHETIC_VN_REALISTIC
MT01658,EQ00862,BLD056,2026-02-02,Cleaning,Completed,7.6,22500000,Plumbing Vendor,SYNTHETIC_VN_REALISTIC
MT01659,EQ01895,BLD119,2025-02-11,Corrective,Completed,11.8,9000000,HVAC Vendor,SYNTHETIC_VN_REALISTIC
MT01660,EQ00175,BLD013,2025-07-31,Cleaning,Open,10.7,16650000,Electrical Vendor,SYNTHETIC_VN_REALISTIC
MT01661,EQ01462,BLD093,2025-08-12,Inspection,Completed,5.2,11700000,Electrical Vendor,SYNTHETIC_VN_REALISTIC
MT01662,EQ00765,BLD049,2026-07-25,Inspection,In Progress,7.5,11800000,Plumbing Vendor,SYNTHETIC_VN_REALISTIC
MT01663,EQ00155,BLD011,2025-06-27,Corrective,Completed,7.1,2550000,FM Team A,SYNTHETIC_VN_REALISTIC
MT01664,EQ01533,BLD097,2026-03-11,Calibration,Completed,3.6,13850000,HVAC Vendor,SYNTHETIC_VN_REALISTIC
MT01665,EQ00988,BLD063,2026-01-06,Corrective,Open,11.6,9700000,Plumbing Vendor,SYNTHETIC_VN_REALISTIC
MT01666,EQ01691,BLD108,2025-06-08,Cleaning,Completed,4.1,16950000,FM Team A,SYNTHETIC_VN_REALISTIC
MT01667,EQ00524,BLD034,2025-01-10,Cleaning,In Progress,11.2,24150000,Electrical Vendor,SYNTHETIC_VN_REALISTIC
MT01668,EQ00917,BLD059,2026-04-10,Corrective,Completed,6.0,12850000,FM Team A,SYNTHETIC_VN_REALISTIC
MT01669,EQ01691,BLD108,2025-02-08,Calibration,Completed,2.7,3900000,HVAC Vendor,SYNTHETIC_VN_REALISTIC
MT01670,EQ00077,BLD006,2026-02-21,Inspection,Completed,11.5,13450000,FM Team B,SYNTHETIC_VN_REALISTIC
MT01671,EQ00884,BLD057,2026-06-30,Preventive,Completed,9.2,10250000,Electrical Vendor,SYNTHETIC_VN_REALISTIC
MT01672,EQ01100,BLD070,2025-05-22,Calibration,Open,9.5,16450000,FM Team A,SYNTHETIC_VN_REALISTIC
MT01673,EQ01751,BLD111,2026-08-15,Corrective,Completed,11.5,22500000,FM Team A,SYNTHETIC_VN_REALISTIC
MT01674,EQ01906,BLD120,2025-01-17,Inspection,Completed,11.3,16200000,Plumbing Vendor,SYNTHETIC_VN_REALISTIC
MT01675,EQ00688,BLD044,2026-05-21,Calibration,Completed,6.6,13550000,FM Team A,SYNTHETIC_VN_REALISTIC
MT01676,EQ00161,BLD012,2025-07-07,Inspection,Completed,8.2,20500000,HVAC Vendor,SYNTHETIC_VN_REALISTIC
MT01677,EQ00040,BLD003,2026-01-15,Cleaning,In Progress,0.7,2700000,FM Team A,SYNTHETIC_VN_REALISTIC
MT01678,EQ01415,BLD090,2025-04-20,Preventive,In Progress,1.2,17250000,FM Team B,SYNTHETIC_VN_REALISTIC
MT01679,EQ00455,BLD029,2025-10-02,Inspection,Completed,8.3,5400000,Plumbing Vendor,SYNTHETIC_VN_REALISTIC
MT01680,EQ01639,BLD104,2026-08-18,Corrective,Completed,0.4,2900000,Plumbing Vendor,SYNTHETIC_VN_REALISTIC
MT01681,EQ01650,BLD105,2026-08-25,Cleaning,In Progress,5.0,11650000,FM Team A,SYNTHETIC_VN_REALISTIC
MT01682,EQ00123,BLD008,2025-01-26,Corrective,Completed,2.7,750000,Plumbing Vendor,SYNTHETIC_VN_REALISTIC
MT01683,EQ00108,BLD007,2025-08-13,Inspection,Completed,0.4,5500000,FM Team A,SYNTHETIC_VN_REALISTIC
MT01684,EQ00101,BLD007,2025-05-12,Inspection,Completed,9.1,18400000,Plumbing Vendor,SYNTHETIC_VN_REALISTIC
MT01685,EQ00665,BLD043,2026-03-02,Preventive,Completed,3.0,22400000,Electrical Vendor,SYNTHETIC_VN_REALISTIC
MT01686,EQ01119,BLD072,2025-05-18,Preventive,Completed,5.5,2150000,Electrical Vendor,SYNTHETIC_VN_REALISTIC
MT01687,EQ00996,BLD064,2025-06-14,Corrective,In Progress,11.2,21500000,FM Team B,SYNTHETIC_VN_REALISTIC
MT01688,EQ00744,BLD048,2026-03-04,Cleaning,Completed,11.8,7300000,Plumbing Vendor,SYNTHETIC_VN_REALISTIC
MT01689,EQ01831,BLD115,2025-10-03,Corrective,Open,5.1,1900000,HVAC Vendor,SYNTHETIC_VN_REALISTIC
MT01690,EQ00845,BLD055,2025-10-29,Corrective,Open,7.0,24700000,FM Team B,SYNTHETIC_VN_REALISTIC
MT01691,EQ00324,BLD021,2025-05-20,Inspection,Completed,1.5,9250000,Plumbing Vendor,SYNTHETIC_VN_REALISTIC
MT01692,EQ00654,BLD043,2025-09-13,Inspection,Completed,6.4,7300000,HVAC Vendor,SYNTHETIC_VN_REALISTIC
MT01693,EQ00493,BLD031,2025-06-24,Cleaning,Completed,8.5,18200000,FM Team B,SYNTHETIC_VN_REALISTIC
MT01694,EQ01507,BLD096,2025-04-16,Cleaning,In Progress,4.2,2150000,Plumbing Vendor,SYNTHETIC_VN_REALISTIC
MT01695,EQ01393,BLD088,2026-07-02,Preventive,Completed,2.9,11850000,FM Team B,SYNTHETIC_VN_REALISTIC
MT01696,EQ00367,BLD024,2025-08-16,Calibration,Completed,2.8,20050000,Electrical Vendor,SYNTHETIC_VN_REALISTIC
MT01697,EQ00949,BLD060,2026-03-09,Calibration,Completed,7.2,14950000,FM Team A,SYNTHETIC_VN_REALISTIC
MT01698,EQ00822,BLD053,2025-08-23,Inspection,Completed,8.0,16850000,HVAC Vendor,SYNTHETIC_VN_REALISTIC
MT01699,EQ00210,BLD014,2025-02-22,Corrective,Open,2.2,4800000,FM Team A,SYNTHETIC_VN_REALISTIC
MT01700,EQ01619,BLD103,2025-05-17,Corrective,Completed,0.0,600000,FM Team B,SYNTHETIC_VN_REALISTIC
MT01701,EQ00211,BLD014,2026-03-22,Preventive,Open,5.6,6900000,FM Team B,SYNTHETIC_VN_REALISTIC
MT01702,EQ00565,BLD037,2026-07-26,Preventive,Open,2.0,6850000,FM Team A,SYNTHETIC_VN_REALISTIC
MT01703,EQ01742,BLD110,2026-07-05,Corrective,Completed,8.9,1100000,FM Team A,SYNTHETIC_VN_REALISTIC
MT01704,EQ00051,BLD004,2025-04-08,Corrective,Completed,6.0,21350000,FM Team A,SYNTHETIC_VN_REALISTIC
MT01705,EQ00158,BLD011,2025-12-28,Corrective,In Progress,2.5,24650000,Electrical Vendor,SYNTHETIC_VN_REALISTIC
MT01706,EQ01094,BLD070,2026-03-01,Corrective,Completed,11.2,11650000,Plumbing Vendor,SYNTHETIC_VN_REALISTIC
MT01707,EQ01327,BLD085,2025-08-24,Inspection,Completed,5.8,6200000,Plumbing Vendor,SYNTHETIC_VN_REALISTIC
MT01708,EQ00266,BLD017,2026-01-21,Calibration,In Progress,5.6,21800000,HVAC Vendor,SYNTHETIC_VN_REALISTIC
MT01709,EQ01663,BLD105,2025-12-31,Corrective,Open,6.7,2250000,FM Team A,SYNTHETIC_VN_REALISTIC
MT01710,EQ01027,BLD065,2025-12-21,Cleaning,Open,2.5,7850000,Electrical Vendor,SYNTHETIC_VN_REALISTIC
MT01711,EQ01752,BLD111,2025-09-14,Cleaning,Completed,6.3,5600000,HVAC Vendor,SYNTHETIC_VN_REALISTIC
MT01712,EQ00301,BLD020,2026-05-21,Preventive,Completed,2.2,8800000,Plumbing Vendor,SYNTHETIC_VN_REALISTIC
MT01713,EQ00253,BLD017,2025-10-11,Corrective,Open,7.6,20900000,FM Team B,SYNTHETIC_VN_REALISTIC
MT01714,EQ01268,BLD081,2026-06-10,Calibration,Open,5.1,6700000,Electrical Vendor,SYNTHETIC_VN_REALISTIC
MT01715,EQ01244,BLD080,2025-08-19,Calibration,Open,4.7,400000,FM Team A,SYNTHETIC_VN_REALISTIC
MT01716,EQ00963,BLD061,2025-12-31,Inspection,In Progress,10.1,1550000,Plumbing Vendor,SYNTHETIC_VN_REALISTIC
MT01717,EQ00630,BLD041,2025-12-09,Corrective,Completed,1.4,17700000,Electrical Vendor,SYNTHETIC_VN_REALISTIC
MT01718,EQ01048,BLD067,2025-12-27,Preventive,In Progress,1.7,3550000,Electrical Vendor,SYNTHETIC_VN_REALISTIC
MT01719,EQ00705,BLD046,2025-10-28,Inspection,Completed,8.6,18400000,Electrical Vendor,SYNTHETIC_VN_REALISTIC
MT01720,EQ00603,BLD039,2025-10-17,Calibration,In Progress,11.6,8000000,Plumbing Vendor,SYNTHETIC_VN_REALISTIC
MT01721,EQ00824,BLD053,2025-01-23,Preventive,In Progress,9.5,13000000,Electrical Vendor,SYNTHETIC_VN_REALISTIC
MT01722,EQ01662,BLD105,2026-08-13,Cleaning,Completed,10.0,12800000,HVAC Vendor,SYNTHETIC_VN_REALISTIC
MT01723,EQ01867,BLD117,2025-05-07,Corrective,Completed,6.3,21950000,Electrical Vendor,SYNTHETIC_VN_REALISTIC
MT01724,EQ00948,BLD060,2025-04-03,Inspection,Completed,10.2,18400000,HVAC Vendor,SYNTHETIC_VN_REALISTIC
MT01725,EQ00437,BLD029,2026-06-21,Inspection,Completed,4.1,19100000,Plumbing Vendor,SYNTHETIC_VN_REALISTIC
MT01726,EQ00654,BLD043,2025-09-25,Calibration,Open,11.2,15100000,Plumbing Vendor,SYNTHETIC_VN_REALISTIC
MT01727,EQ00777,BLD050,2026-04-22,Cleaning,Completed,6.4,22650000,FM Team A,SYNTHETIC_VN_REALISTIC
MT01728,EQ00419,BLD028,2025-07-14,Corrective,Open,10.3,3300000,FM Team A,SYNTHETIC_VN_REALISTIC
MT01729,EQ00011,BLD001,2025-10-22,Corrective,In Progress,9.9,18200000,FM Team B,SYNTHETIC_VN_REALISTIC
MT01730,EQ00425,BLD028,2025-11-04,Calibration,Completed,7.1,24800000,FM Team A,SYNTHETIC_VN_REALISTIC
MT01731,EQ00626,BLD041,2025-02-08,Inspection,Completed,6.3,500000,FM Team B,SYNTHETIC_VN_REALISTIC
MT01732,EQ01188,BLD077,2025-01-14,Cleaning,Open,8.8,11950000,FM Team A,SYNTHETIC_VN_REALISTIC
MT01733,EQ00888,BLD057,2026-03-03,Corrective,Completed,3.0,13000000,FM Team B,SYNTHETIC_VN_REALISTIC
MT01734,EQ00249,BLD016,2025-10-20,Preventive,Completed,10.7,24400000,FM Team B,SYNTHETIC_VN_REALISTIC
MT01735,EQ00529,BLD034,2026-04-20,Calibration,Completed,3.1,3150000,Plumbing Vendor,SYNTHETIC_VN_REALISTIC
MT01736,EQ00007,BLD001,2025-01-23,Inspection,Completed,7.4,1700000,FM Team B,SYNTHETIC_VN_REALISTIC
MT01737,EQ00224,BLD015,2026-02-22,Preventive,Completed,3.9,11950000,FM Team B,SYNTHETIC_VN_REALISTIC
MT01738,EQ01673,BLD106,2025-08-07,Preventive,Completed,5.5,18100000,FM Team A,SYNTHETIC_VN_REALISTIC
MT01739,EQ01724,BLD110,2025-02-20,Corrective,Completed,10.1,8850000,Plumbing Vendor,SYNTHETIC_VN_REALISTIC
MT01740,EQ01115,BLD071,2025-07-27,Calibration,In Progress,5.7,12150000,Electrical Vendor,SYNTHETIC_VN_REALISTIC
MT01741,EQ01691,BLD108,2026-09-07,Preventive,Completed,11.5,18600000,HVAC Vendor,SYNTHETIC_VN_REALISTIC
MT01742,EQ00680,BLD044,2026-07-07,Cleaning,In Progress,8.7,3950000,Electrical Vendor,SYNTHETIC_VN_REALISTIC
MT01743,EQ00066,BLD005,2025-10-26,Corrective,Open,9.4,23900000,HVAC Vendor,SYNTHETIC_VN_REALISTIC
MT01744,EQ00175,BLD013,2025-07-17,Calibration,Completed,9.8,6450000,FM Team A,SYNTHETIC_VN_REALISTIC
MT01745,EQ00400,BLD026,2025-10-10,Cleaning,Completed,7.7,19300000,HVAC Vendor,SYNTHETIC_VN_REALISTIC
MT01746,EQ00614,BLD040,2026-04-01,Inspection,In Progress,7.8,15750000,FM Team A,SYNTHETIC_VN_REALISTIC
MT01747,EQ01750,BLD111,2026-05-30,Preventive,In Progress,11.9,5600000,FM Team A,SYNTHETIC_VN_REALISTIC
MT01748,EQ01413,BLD090,2026-08-13,Calibration,Completed,3.2,21000000,HVAC Vendor,SYNTHETIC_VN_REALISTIC
MT01749,EQ01438,BLD092,2025-02-21,Preventive,Completed,0.6,8700000,FM Team A,SYNTHETIC_VN_REALISTIC
MT01750,EQ00621,BLD040,2026-03-24,Corrective,Completed,5.2,350000,HVAC Vendor,SYNTHETIC_VN_REALISTIC
MT01751,EQ00068,BLD005,2025-03-05,Inspection,Completed,5.4,22300000,Electrical Vendor,SYNTHETIC_VN_REALISTIC
MT01752,EQ00624,BLD041,2025-11-03,Corrective,In Progress,5.8,2700000,FM Team B,SYNTHETIC_VN_REALISTIC
MT01753,EQ00944,BLD060,2025-01-31,Corrective,Completed,8.8,24800000,FM Team A,SYNTHETIC_VN_REALISTIC
MT01754,EQ01099,BLD070,2025-04-15,Preventive,Completed,0.6,7300000,HVAC Vendor,SYNTHETIC_VN_REALISTIC
MT01755,EQ01294,BLD083,2026-01-01,Preventive,Completed,8.4,19000000,Electrical Vendor,SYNTHETIC_VN_REALISTIC
MT01756,EQ00587,BLD038,2025-09-27,Corrective,Completed,5.8,16500000,HVAC Vendor,SYNTHETIC_VN_REALISTIC
MT01757,EQ00448,BLD029,2026-06-25,Corrective,Completed,2.1,5100000,HVAC Vendor,SYNTHETIC_VN_REALISTIC
MT01758,EQ01434,BLD091,2025-10-08,Corrective,In Progress,10.3,6050000,FM Team B,SYNTHETIC_VN_REALISTIC
MT01759,EQ01602,BLD102,2026-03-08,Calibration,In Progress,6.6,11550000,HVAC Vendor,SYNTHETIC_VN_REALISTIC
MT01760,EQ00894,BLD058,2025-07-19,Preventive,In Progress,2.1,9850000,FM Team A,SYNTHETIC_VN_REALISTIC
MT01761,EQ01444,BLD092,2025-06-20,Preventive,Open,8.2,2100000,Plumbing Vendor,SYNTHETIC_VN_REALISTIC
MT01762,EQ00764,BLD049,2025-12-24,Calibration,Completed,9.7,2550000,FM Team A,SYNTHETIC_VN_REALISTIC
MT01763,EQ01303,BLD083,2025-09-26,Inspection,Completed,7.2,23250000,FM Team A,SYNTHETIC_VN_REALISTIC
MT01764,EQ00362,BLD024,2026-09-01,Preventive,Open,6.7,17600000,HVAC Vendor,SYNTHETIC_VN_REALISTIC
MT01765,EQ00878,BLD057,2025-06-14,Calibration,Completed,4.5,4900000,Electrical Vendor,SYNTHETIC_VN_REALISTIC
MT01766,EQ00886,BLD057,2025-06-04,Calibration,Completed,3.4,8750000,HVAC Vendor,SYNTHETIC_VN_REALISTIC
MT01767,EQ01338,BLD086,2025-06-28,Corrective,Completed,7.8,7150000,FM Team A,SYNTHETIC_VN_REALISTIC
MT01768,EQ00817,BLD053,2026-07-12,Inspection,Completed,5.2,22950000,FM Team B,SYNTHETIC_VN_REALISTIC
MT01769,EQ00697,BLD045,2025-07-27,Cleaning,Completed,3.4,17850000,Plumbing Vendor,SYNTHETIC_VN_REALISTIC
MT01770,EQ00926,BLD059,2026-07-12,Cleaning,In Progress,9.1,22750000,FM Team A,SYNTHETIC_VN_REALISTIC
MT01771,EQ00513,BLD033,2025-06-05,Calibration,Completed,6.7,22450000,Electrical Vendor,SYNTHETIC_VN_REALISTIC
MT01772,EQ00089,BLD006,2025-10-28,Calibration,Open,4.7,1000000,FM Team B,SYNTHETIC_VN_REALISTIC
MT01773,EQ01796,BLD113,2026-05-27,Inspection,Completed,5.0,12150000,Electrical Vendor,SYNTHETIC_VN_REALISTIC
MT01774,EQ01226,BLD079,2025-08-06,Cleaning,Completed,0.3,15400000,HVAC Vendor,SYNTHETIC_VN_REALISTIC
MT01775,EQ00235,BLD016,2025-09-03,Inspection,Open,10.8,8950000,FM Team A,SYNTHETIC_VN_REALISTIC
MT01776,EQ00373,BLD024,2026-03-02,Inspection,Completed,7.9,18200000,Electrical Vendor,SYNTHETIC_VN_REALISTIC
MT01777,EQ00139,BLD010,2026-02-13,Preventive,Completed,3.7,12350000,Electrical Vendor,SYNTHETIC_VN_REALISTIC
MT01778,EQ00448,BLD029,2025-10-03,Cleaning,In Progress,2.9,15050000,Plumbing Vendor,SYNTHETIC_VN_REALISTIC
MT01779,EQ01838,BLD116,2026-03-05,Preventive,Completed,2.1,22250000,FM Team B,SYNTHETIC_VN_REALISTIC
MT01780,EQ00992,BLD063,2025-06-16,Calibration,Completed,11.4,24700000,Plumbing Vendor,SYNTHETIC_VN_REALISTIC
MT01781,EQ01643,BLD104,2025-05-12,Calibration,Open,9.4,7950000,Electrical Vendor,SYNTHETIC_VN_REALISTIC
MT01782,EQ01248,BLD080,2025-01-13,Calibration,In Progress,7.6,2850000,Plumbing Vendor,SYNTHETIC_VN_REALISTIC
MT01783,EQ00080,BLD006,2026-03-31,Calibration,In Progress,5.0,12300000,FM Team B,SYNTHETIC_VN_REALISTIC
MT01784,EQ01695,BLD108,2025-05-05,Corrective,In Progress,7.2,17850000,FM Team B,SYNTHETIC_VN_REALISTIC
MT01785,EQ00839,BLD054,2026-05-20,Corrective,Completed,11.0,14650000,FM Team A,SYNTHETIC_VN_REALISTIC
MT01786,EQ00834,BLD054,2026-05-05,Preventive,Completed,7.9,7850000,HVAC Vendor,SYNTHETIC_VN_REALISTIC
MT01787,EQ00197,BLD014,2026-06-08,Preventive,Completed,5.6,6950000,Electrical Vendor,SYNTHETIC_VN_REALISTIC
MT01788,EQ00213,BLD015,2026-09-10,Calibration,Open,7.3,3550000,FM Team B,SYNTHETIC_VN_REALISTIC
MT01789,EQ00588,BLD038,2025-12-16,Calibration,Open,4.2,1450000,Plumbing Vendor,SYNTHETIC_VN_REALISTIC
MT01790,EQ00787,BLD051,2025-08-01,Corrective,Open,10.3,4450000,FM Team A,SYNTHETIC_VN_REALISTIC
MT01791,EQ01655,BLD105,2026-04-03,Calibration,Completed,5.9,16450000,FM Team B,SYNTHETIC_VN_REALISTIC
MT01792,EQ00438,BLD029,2025-09-05,Calibration,Completed,10.9,19050000,HVAC Vendor,SYNTHETIC_VN_REALISTIC
MT01793,EQ00209,BLD014,2026-09-06,Calibration,Completed,4.7,18350000,FM Team B,SYNTHETIC_VN_REALISTIC
MT01794,EQ00113,BLD007,2025-01-12,Cleaning,Open,9.5,7150000,Electrical Vendor,SYNTHETIC_VN_REALISTIC
MT01795,EQ00934,BLD060,2025-04-15,Cleaning,Open,1.2,23250000,Electrical Vendor,SYNTHETIC_VN_REALISTIC
MT01796,EQ01549,BLD098,2025-07-31,Corrective,Completed,6.1,2200000,FM Team B,SYNTHETIC_VN_REALISTIC
MT01797,EQ00092,BLD006,2025-11-10,Calibration,Completed,10.0,13650000,HVAC Vendor,SYNTHETIC_VN_REALISTIC
MT01798,EQ01559,BLD099,2026-07-19,Inspection,In Progress,11.6,20950000,Plumbing Vendor,SYNTHETIC_VN_REALISTIC
MT01799,EQ00742,BLD048,2025-05-26,Corrective,Completed,5.7,21050000,FM Team A,SYNTHETIC_VN_REALISTIC
MT01800,EQ01319,BLD084,2026-08-05,Inspection,Open,0.8,13800000,Electrical Vendor,SYNTHETIC_VN_REALISTIC
MT01801,EQ00673,BLD043,2025-05-16,Preventive,Completed,10.9,24550000,Electrical Vendor,SYNTHETIC_VN_REALISTIC
MT01802,EQ01833,BLD115,2026-06-10,Corrective,In Progress,7.1,9600000,Plumbing Vendor,SYNTHETIC_VN_REALISTIC
MT01803,EQ01225,BLD079,2026-06-14,Inspection,Completed,3.2,8250000,Electrical Vendor,SYNTHETIC_VN_REALISTIC
MT01804,EQ00406,BLD027,2025-09-28,Calibration,Completed,0.0,7450000,FM Team B,SYNTHETIC_VN_REALISTIC
MT01805,EQ00837,BLD054,2026-01-23,Cleaning,Completed,7.1,3550000,HVAC Vendor,SYNTHETIC_VN_REALISTIC
MT01806,EQ00938,BLD060,2025-09-01,Cleaning,Completed,11.5,5500000,HVAC Vendor,SYNTHETIC_VN_REALISTIC
MT01807,EQ00926,BLD059,2025-09-23,Corrective,Completed,1.5,22450000,Electrical Vendor,SYNTHETIC_VN_REALISTIC
MT01808,EQ00452,BLD029,2025-05-23,Cleaning,In Progress,3.5,9400000,Electrical Vendor,SYNTHETIC_VN_REALISTIC
MT01809,EQ01732,BLD110,2026-04-04,Preventive,Completed,9.6,15600000,FM Team A,SYNTHETIC_VN_REALISTIC
MT01810,EQ00869,BLD056,2025-02-03,Cleaning,In Progress,5.5,12950000,HVAC Vendor,SYNTHETIC_VN_REALISTIC
MT01811,EQ00610,BLD039,2026-04-04,Calibration,Open,10.0,20100000,FM Team A,SYNTHETIC_VN_REALISTIC
MT01812,EQ01784,BLD113,2026-04-01,Calibration,Completed,5.8,21400000,FM Team A,SYNTHETIC_VN_REALISTIC
MT01813,EQ00828,BLD054,2026-02-06,Cleaning,Completed,9.1,3700000,HVAC Vendor,SYNTHETIC_VN_REALISTIC
MT01814,EQ00894,BLD058,2025-02-09,Calibration,Completed,7.8,10300000,Plumbing Vendor,SYNTHETIC_VN_REALISTIC
MT01815,EQ00265,BLD017,2025-08-07,Calibration,Completed,4.0,200000,Electrical Vendor,SYNTHETIC_VN_REALISTIC
MT01816,EQ01508,BLD096,2025-07-04,Cleaning,Completed,3.2,21850000,Electrical Vendor,SYNTHETIC_VN_REALISTIC
MT01817,EQ00296,BLD019,2026-01-03,Cleaning,Completed,5.0,21850000,Plumbing Vendor,SYNTHETIC_VN_REALISTIC
MT01818,EQ00252,BLD016,2025-06-26,Corrective,In Progress,7.8,5800000,FM Team A,SYNTHETIC_VN_REALISTIC
MT01819,EQ01663,BLD105,2025-03-20,Corrective,Completed,3.1,18650000,Electrical Vendor,SYNTHETIC_VN_REALISTIC
MT01820,EQ01702,BLD108,2026-04-23,Calibration,Completed,3.3,3350000,FM Team B,SYNTHETIC_VN_REALISTIC
MT01821,EQ00402,BLD026,2025-09-26,Inspection,Completed,2.5,12800000,Plumbing Vendor,SYNTHETIC_VN_REALISTIC
MT01822,EQ00265,BLD017,2026-07-13,Preventive,Completed,6.2,12850000,Plumbing Vendor,SYNTHETIC_VN_REALISTIC
MT01823,EQ01240,BLD079,2026-08-06,Calibration,Open,10.2,17500000,FM Team B,SYNTHETIC_VN_REALISTIC
MT01824,EQ01785,BLD113,2026-01-19,Cleaning,In Progress,7.0,3000000,FM Team A,SYNTHETIC_VN_REALISTIC
MT01825,EQ00283,BLD019,2026-02-21,Calibration,Completed,7.8,2700000,Electrical Vendor,SYNTHETIC_VN_REALISTIC
MT01826,EQ01818,BLD115,2026-06-01,Cleaning,Open,5.8,23200000,FM Team A,SYNTHETIC_VN_REALISTIC
MT01827,EQ00987,BLD063,2026-03-08,Preventive,Completed,2.9,22450000,HVAC Vendor,SYNTHETIC_VN_REALISTIC
MT01828,EQ00676,BLD044,2026-04-01,Corrective,Completed,9.0,10450000,FM Team B,SYNTHETIC_VN_REALISTIC
MT01829,EQ00585,BLD038,2025-12-02,Preventive,Completed,9.3,8200000,Electrical Vendor,SYNTHETIC_VN_REALISTIC
MT01830,EQ00903,BLD058,2025-02-25,Corrective,Open,3.3,5850000,HVAC Vendor,SYNTHETIC_VN_REALISTIC
MT01831,EQ00491,BLD031,2025-07-19,Preventive,Completed,5.5,19250000,Electrical Vendor,SYNTHETIC_VN_REALISTIC
MT01832,EQ01050,BLD067,2026-02-11,Inspection,In Progress,6.6,3550000,FM Team A,SYNTHETIC_VN_REALISTIC
MT01833,EQ00636,BLD041,2025-07-12,Inspection,Completed,0.8,9500000,Electrical Vendor,SYNTHETIC_VN_REALISTIC
MT01834,EQ00584,BLD038,2025-03-21,Preventive,In Progress,5.1,5550000,Electrical Vendor,SYNTHETIC_VN_REALISTIC
MT01835,EQ00609,BLD039,2026-03-28,Corrective,Open,10.4,22000000,FM Team A,SYNTHETIC_VN_REALISTIC
MT01836,EQ00754,BLD048,2025-09-14,Cleaning,Completed,9.3,7200000,Plumbing Vendor,SYNTHETIC_VN_REALISTIC
MT01837,EQ00512,BLD033,2026-05-28,Cleaning,Open,10.4,6550000,FM Team B,SYNTHETIC_VN_REALISTIC
MT01838,EQ00487,BLD031,2025-01-23,Calibration,Completed,7.3,2750000,FM Team A,SYNTHETIC_VN_REALISTIC
MT01839,EQ01730,BLD110,2025-06-12,Calibration,Completed,7.1,2600000,HVAC Vendor,SYNTHETIC_VN_REALISTIC
MT01840,EQ01494,BLD095,2025-12-17,Inspection,Completed,1.0,12650000,Plumbing Vendor,SYNTHETIC_VN_REALISTIC
MT01841,EQ00650,BLD042,2025-05-24,Calibration,Completed,7.0,7950000,FM Team A,SYNTHETIC_VN_REALISTIC
MT01842,EQ00539,BLD035,2025-08-11,Cleaning,Completed,6.1,13650000,FM Team A,SYNTHETIC_VN_REALISTIC
MT01843,EQ00633,BLD041,2026-02-10,Inspection,Completed,10.0,6700000,HVAC Vendor,SYNTHETIC_VN_REALISTIC
MT01844,EQ00204,BLD014,2025-04-28,Calibration,Completed,11.7,21650000,Plumbing Vendor,SYNTHETIC_VN_REALISTIC
MT01845,EQ00061,BLD004,2025-04-27,Corrective,Open,2.2,2300000,HVAC Vendor,SYNTHETIC_VN_REALISTIC
MT01846,EQ00751,BLD048,2025-05-15,Preventive,Completed,3.3,10350000,FM Team A,SYNTHETIC_VN_REALISTIC
MT01847,EQ01851,BLD117,2026-03-14,Inspection,In Progress,7.9,1800000,FM Team B,SYNTHETIC_VN_REALISTIC
MT01848,EQ01841,BLD116,2026-07-05,Corrective,Open,4.3,12150000,HVAC Vendor,SYNTHETIC_VN_REALISTIC
MT01849,EQ01581,BLD100,2025-07-22,Inspection,Completed,3.5,15750000,FM Team A,SYNTHETIC_VN_REALISTIC
MT01850,EQ00331,BLD022,2026-05-21,Inspection,Completed,4.7,16650000,FM Team B,SYNTHETIC_VN_REALISTIC
MT01851,EQ00310,BLD021,2025-08-14,Corrective,Completed,9.7,15550000,FM Team A,SYNTHETIC_VN_REALISTIC
MT01852,EQ00708,BLD046,2025-01-11,Corrective,In Progress,9.6,14950000,HVAC Vendor,SYNTHETIC_VN_REALISTIC
MT01853,EQ01782,BLD113,2025-11-23,Preventive,Completed,3.1,18750000,HVAC Vendor,SYNTHETIC_VN_REALISTIC
MT01854,EQ00772,BLD050,2026-01-26,Corrective,Open,4.2,3900000,HVAC Vendor,SYNTHETIC_VN_REALISTIC
MT01855,EQ01898,BLD119,2025-08-05,Inspection,In Progress,0.5,24000000,FM Team B,SYNTHETIC_VN_REALISTIC
MT01856,EQ00511,BLD033,2025-01-25,Calibration,Open,8.6,13550000,Electrical Vendor,SYNTHETIC_VN_REALISTIC
MT01857,EQ01306,BLD083,2025-06-12,Preventive,Completed,7.1,17350000,FM Team B,SYNTHETIC_VN_REALISTIC
MT01858,EQ01417,BLD090,2026-07-11,Cleaning,Completed,10.5,950000,Electrical Vendor,SYNTHETIC_VN_REALISTIC
MT01859,EQ00394,BLD026,2026-04-18,Inspection,Completed,9.9,7350000,Plumbing Vendor,SYNTHETIC_VN_REALISTIC
MT01860,EQ01757,BLD111,2026-08-20,Preventive,In Progress,5.2,21650000,Electrical Vendor,SYNTHETIC_VN_REALISTIC
MT01861,EQ01314,BLD084,2025-02-28,Corrective,In Progress,11.4,12300000,HVAC Vendor,SYNTHETIC_VN_REALISTIC
MT01862,EQ01359,BLD087,2025-06-18,Preventive,Completed,8.1,11900000,FM Team B,SYNTHETIC_VN_REALISTIC
MT01863,EQ01169,BLD075,2026-02-24,Calibration,Open,8.0,19950000,FM Team A,SYNTHETIC_VN_REALISTIC
MT01864,EQ01101,BLD071,2025-07-11,Calibration,Completed,6.4,7700000,FM Team B,SYNTHETIC_VN_REALISTIC
MT01865,EQ01073,BLD068,2026-01-06,Preventive,Completed,2.1,4750000,FM Team B,SYNTHETIC_VN_REALISTIC
MT01866,EQ01797,BLD113,2026-06-04,Preventive,In Progress,0.6,8700000,FM Team B,SYNTHETIC_VN_REALISTIC
MT01867,EQ00913,BLD058,2026-02-26,Preventive,Open,10.8,8000000,FM Team A,SYNTHETIC_VN_REALISTIC
MT01868,EQ01562,BLD099,2025-10-17,Inspection,Completed,11.9,11900000,Plumbing Vendor,SYNTHETIC_VN_REALISTIC
MT01869,EQ01447,BLD092,2025-04-16,Inspection,In Progress,6.4,12750000,FM Team A,SYNTHETIC_VN_REALISTIC
MT01870,EQ00315,BLD021,2026-06-04,Preventive,Completed,3.1,1650000,FM Team A,SYNTHETIC_VN_REALISTIC
MT01871,EQ00753,BLD048,2026-02-21,Preventive,Completed,10.6,5150000,Plumbing Vendor,SYNTHETIC_VN_REALISTIC
MT01872,EQ01838,BLD116,2026-06-06,Calibration,Open,4.1,8750000,FM Team B,SYNTHETIC_VN_REALISTIC
MT01873,EQ00797,BLD052,2026-08-25,Inspection,Completed,2.7,4600000,Plumbing Vendor,SYNTHETIC_VN_REALISTIC
MT01874,EQ01666,BLD106,2026-08-26,Inspection,In Progress,4.9,12600000,FM Team B,SYNTHETIC_VN_REALISTIC
MT01875,EQ01669,BLD106,2025-03-11,Cleaning,Completed,1.3,15650000,Plumbing Vendor,SYNTHETIC_VN_REALISTIC
MT01876,EQ00477,BLD030,2025-11-27,Inspection,Completed,2.9,1250000,HVAC Vendor,SYNTHETIC_VN_REALISTIC
MT01877,EQ00153,BLD011,2025-05-03,Inspection,Completed,10.5,22600000,FM Team A,SYNTHETIC_VN_REALISTIC
MT01878,EQ00237,BLD016,2026-04-27,Inspection,Open,8.5,4950000,Electrical Vendor,SYNTHETIC_VN_REALISTIC
MT01879,EQ00894,BLD058,2025-05-08,Inspection,Completed,5.9,14750000,Electrical Vendor,SYNTHETIC_VN_REALISTIC
MT01880,EQ00254,BLD017,2026-05-05,Inspection,Open,1.8,10850000,FM Team A,SYNTHETIC_VN_REALISTIC
MT01881,EQ01530,BLD097,2025-01-02,Preventive,Open,6.8,7800000,Plumbing Vendor,SYNTHETIC_VN_REALISTIC
MT01882,EQ00576,BLD037,2025-12-05,Corrective,In Progress,1.1,8400000,FM Team A,SYNTHETIC_VN_REALISTIC
MT01883,EQ00561,BLD037,2025-07-20,Inspection,Open,4.0,9900000,Plumbing Vendor,SYNTHETIC_VN_REALISTIC
MT01884,EQ00952,BLD061,2026-06-25,Cleaning,Open,3.3,22200000,FM Team B,SYNTHETIC_VN_REALISTIC
MT01885,EQ01562,BLD099,2026-03-10,Corrective,Completed,2.0,2100000,FM Team A,SYNTHETIC_VN_REALISTIC
MT01886,EQ01863,BLD117,2025-05-13,Cleaning,In Progress,7.2,11350000,FM Team A,SYNTHETIC_VN_REALISTIC
MT01887,EQ01200,BLD077,2025-11-28,Cleaning,Completed,4.3,14850000,HVAC Vendor,SYNTHETIC_VN_REALISTIC
MT01888,EQ00033,BLD002,2025-02-24,Corrective,Completed,10.4,22350000,HVAC Vendor,SYNTHETIC_VN_REALISTIC
MT01889,EQ01829,BLD115,2026-09-09,Cleaning,In Progress,4.7,18500000,FM Team A,SYNTHETIC_VN_REALISTIC
MT01890,EQ01077,BLD069,2025-06-02,Corrective,Open,10.6,2950000,Electrical Vendor,SYNTHETIC_VN_REALISTIC
MT01891,EQ00477,BLD030,2025-06-13,Cleaning,Completed,9.2,7400000,FM Team B,SYNTHETIC_VN_REALISTIC
MT01892,EQ00034,BLD003,2026-01-05,Preventive,In Progress,4.2,7600000,FM Team A,SYNTHETIC_VN_REALISTIC
MT01893,EQ01126,BLD072,2026-06-29,Cleaning,Completed,9.6,21450000,FM Team A,SYNTHETIC_VN_REALISTIC
MT01894,EQ00280,BLD019,2025-04-25,Calibration,Completed,2.0,15200000,Plumbing Vendor,SYNTHETIC_VN_REALISTIC
MT01895,EQ01100,BLD070,2026-05-12,Preventive,Completed,10.1,21750000,FM Team A,SYNTHETIC_VN_REALISTIC
MT01896,EQ00979,BLD062,2025-10-20,Corrective,Completed,10.7,3350000,Plumbing Vendor,SYNTHETIC_VN_REALISTIC
MT01897,EQ00774,BLD050,2025-11-21,Preventive,In Progress,8.4,24800000,Electrical Vendor,SYNTHETIC_VN_REALISTIC
MT01898,EQ00858,BLD056,2025-05-02,Calibration,Completed,0.5,22250000,HVAC Vendor,SYNTHETIC_VN_REALISTIC
MT01899,EQ01714,BLD109,2025-05-06,Corrective,Open,11.7,15250000,HVAC Vendor,SYNTHETIC_VN_REALISTIC
MT01900,EQ00807,BLD053,2026-09-08,Cleaning,Completed,9.0,7450000,Electrical Vendor,SYNTHETIC_VN_REALISTIC
MT01901,EQ01175,BLD076,2026-04-02,Preventive,Completed,10.8,22050000,Electrical Vendor,SYNTHETIC_VN_REALISTIC
MT01902,EQ00696,BLD045,2026-04-19,Preventive,Completed,6.8,24950000,FM Team B,SYNTHETIC_VN_REALISTIC
MT01903,EQ00991,BLD063,2025-03-14,Preventive,In Progress,11.6,24200000,FM Team B,SYNTHETIC_VN_REALISTIC
MT01904,EQ01785,BLD113,2026-07-08,Cleaning,Completed,5.2,20250000,FM Team A,SYNTHETIC_VN_REALISTIC
MT01905,EQ00216,BLD015,2026-06-27,Calibration,Completed,6.1,18400000,Plumbing Vendor,SYNTHETIC_VN_REALISTIC
MT01906,EQ00549,BLD036,2025-09-18,Corrective,Completed,8.2,7450000,Plumbing Vendor,SYNTHETIC_VN_REALISTIC
MT01907,EQ00846,BLD055,2025-10-06,Corrective,Open,8.6,11000000,Plumbing Vendor,SYNTHETIC_VN_REALISTIC
MT01908,EQ01737,BLD110,2026-02-26,Preventive,Completed,2.1,7700000,FM Team A,SYNTHETIC_VN_REALISTIC
MT01909,EQ00316,BLD021,2025-01-18,Cleaning,In Progress,6.4,8200000,Plumbing Vendor,SYNTHETIC_VN_REALISTIC
MT01910,EQ01521,BLD097,2026-08-14,Preventive,Completed,3.9,5300000,HVAC Vendor,SYNTHETIC_VN_REALISTIC
MT01911,EQ01797,BLD113,2025-06-23,Inspection,Completed,10.6,2950000,FM Team A,SYNTHETIC_VN_REALISTIC
MT01912,EQ00053,BLD004,2025-12-27,Preventive,Open,11.1,7100000,FM Team A,SYNTHETIC_VN_REALISTIC
MT01913,EQ00584,BLD038,2025-03-31,Cleaning,Completed,1.8,2050000,FM Team B,SYNTHETIC_VN_REALISTIC
MT01914,EQ00738,BLD047,2026-02-09,Calibration,In Progress,8.4,6200000,FM Team A,SYNTHETIC_VN_REALISTIC
MT01915,EQ01140,BLD073,2025-09-05,Cleaning,Completed,3.0,17600000,HVAC Vendor,SYNTHETIC_VN_REALISTIC
MT01916,EQ01735,BLD110,2026-04-14,Inspection,Open,7.0,5600000,Plumbing Vendor,SYNTHETIC_VN_REALISTIC
MT01917,EQ00686,BLD044,2025-04-24,Corrective,Open,10.2,11300000,Electrical Vendor,SYNTHETIC_VN_REALISTIC
MT01918,EQ00093,BLD006,2026-03-22,Cleaning,Completed,5.8,15100000,Plumbing Vendor,SYNTHETIC_VN_REALISTIC
MT01919,EQ01017,BLD065,2025-10-02,Inspection,Completed,10.6,23900000,Electrical Vendor,SYNTHETIC_VN_REALISTIC
MT01920,EQ00830,BLD054,2026-02-17,Calibration,Open,11.4,5650000,Plumbing Vendor,SYNTHETIC_VN_REALISTIC
MT01921,EQ00969,BLD062,2025-05-12,Calibration,Completed,9.9,4650000,FM Team B,SYNTHETIC_VN_REALISTIC
MT01922,EQ01551,BLD098,2025-07-25,Calibration,Completed,8.2,20350000,HVAC Vendor,SYNTHETIC_VN_REALISTIC
MT01923,EQ00745,BLD048,2025-05-26,Preventive,Completed,6.5,13500000,HVAC Vendor,SYNTHETIC_VN_REALISTIC
MT01924,EQ01204,BLD077,2025-02-08,Preventive,Completed,5.2,17400000,Electrical Vendor,SYNTHETIC_VN_REALISTIC
MT01925,EQ00491,BLD031,2025-07-15,Calibration,Completed,0.7,13450000,Electrical Vendor,SYNTHETIC_VN_REALISTIC
MT01926,EQ00059,BLD004,2025-12-17,Inspection,Completed,10.5,6500000,Electrical Vendor,SYNTHETIC_VN_REALISTIC
MT01927,EQ01701,BLD108,2026-01-20,Cleaning,In Progress,10.7,20000000,Electrical Vendor,SYNTHETIC_VN_REALISTIC
MT01928,EQ00941,BLD060,2025-06-17,Inspection,Completed,8.2,21950000,Plumbing Vendor,SYNTHETIC_VN_REALISTIC
MT01929,EQ00805,BLD052,2026-01-29,Corrective,Completed,8.0,4400000,FM Team B,SYNTHETIC_VN_REALISTIC
MT01930,EQ00837,BLD054,2025-03-01,Calibration,Open,9.4,8400000,FM Team A,SYNTHETIC_VN_REALISTIC
MT01931,EQ00929,BLD059,2025-11-17,Calibration,In Progress,1.8,21900000,FM Team B,SYNTHETIC_VN_REALISTIC
MT01932,EQ00110,BLD007,2025-04-21,Preventive,Completed,0.3,12250000,Electrical Vendor,SYNTHETIC_VN_REALISTIC
MT01933,EQ01545,BLD098,2025-11-05,Corrective,Completed,10.7,16300000,Plumbing Vendor,SYNTHETIC_VN_REALISTIC
MT01934,EQ00388,BLD026,2026-03-09,Calibration,Completed,5.2,20900000,Plumbing Vendor,SYNTHETIC_VN_REALISTIC
MT01935,EQ00493,BLD031,2025-02-15,Inspection,Completed,4.7,4450000,HVAC Vendor,SYNTHETIC_VN_REALISTIC
MT01936,EQ00090,BLD006,2025-03-09,Cleaning,Completed,8.4,21500000,Electrical Vendor,SYNTHETIC_VN_REALISTIC
MT01937,EQ01894,BLD119,2026-03-15,Corrective,In Progress,10.1,19400000,Electrical Vendor,SYNTHETIC_VN_REALISTIC
MT01938,EQ00282,BLD019,2026-04-06,Calibration,Completed,1.6,1800000,FM Team A,SYNTHETIC_VN_REALISTIC
MT01939,EQ00398,BLD026,2026-03-14,Preventive,Completed,11.2,500000,Plumbing Vendor,SYNTHETIC_VN_REALISTIC
MT01940,EQ00342,BLD022,2026-03-28,Corrective,Completed,1.4,14300000,Electrical Vendor,SYNTHETIC_VN_REALISTIC
MT01941,EQ00927,BLD059,2025-02-16,Calibration,Completed,5.8,18850000,Electrical Vendor,SYNTHETIC_VN_REALISTIC
MT01942,EQ01288,BLD082,2026-01-14,Preventive,In Progress,0.5,10250000,HVAC Vendor,SYNTHETIC_VN_REALISTIC
MT01943,EQ01155,BLD074,2026-01-27,Inspection,In Progress,9.4,8100000,FM Team B,SYNTHETIC_VN_REALISTIC
MT01944,EQ00616,BLD040,2025-08-17,Cleaning,Completed,11.8,2000000,FM Team A,SYNTHETIC_VN_REALISTIC
MT01945,EQ01129,BLD073,2025-09-29,Preventive,Open,9.1,15950000,FM Team A,SYNTHETIC_VN_REALISTIC
MT01946,EQ01014,BLD064,2025-03-31,Cleaning,Completed,0.8,13200000,HVAC Vendor,SYNTHETIC_VN_REALISTIC
MT01947,EQ01692,BLD108,2025-05-30,Corrective,Completed,5.3,23300000,HVAC Vendor,SYNTHETIC_VN_REALISTIC
MT01948,EQ01122,BLD072,2025-11-11,Cleaning,Open,2.7,18850000,FM Team A,SYNTHETIC_VN_REALISTIC
MT01949,EQ00692,BLD044,2025-03-25,Cleaning,Open,6.1,23650000,Plumbing Vendor,SYNTHETIC_VN_REALISTIC
MT01950,EQ00932,BLD060,2025-06-01,Inspection,Completed,6.7,20250000,Plumbing Vendor,SYNTHETIC_VN_REALISTIC
MT01951,EQ01246,BLD080,2025-10-31,Cleaning,In Progress,2.7,16600000,Plumbing Vendor,SYNTHETIC_VN_REALISTIC
MT01952,EQ00352,BLD023,2025-08-31,Inspection,Completed,5.3,16300000,Electrical Vendor,SYNTHETIC_VN_REALISTIC
MT01953,EQ01224,BLD079,2025-09-20,Cleaning,Completed,10.3,19200000,FM Team A,SYNTHETIC_VN_REALISTIC
MT01954,EQ01714,BLD109,2025-04-03,Inspection,Completed,2.0,8850000,Electrical Vendor,SYNTHETIC_VN_REALISTIC
MT01955,EQ00117,BLD008,2025-06-15,Calibration,Completed,5.5,11000000,FM Team B,SYNTHETIC_VN_REALISTIC
MT01956,EQ01597,BLD101,2025-04-25,Inspection,Completed,8.6,14950000,HVAC Vendor,SYNTHETIC_VN_REALISTIC
MT01957,EQ01673,BLD106,2026-07-25,Cleaning,Open,8.6,20600000,FM Team A,SYNTHETIC_VN_REALISTIC
MT01958,EQ01129,BLD073,2026-01-30,Cleaning,Open,2.5,19250000,HVAC Vendor,SYNTHETIC_VN_REALISTIC
MT01959,EQ00697,BLD045,2025-03-26,Calibration,Completed,5.4,21700000,Plumbing Vendor,SYNTHETIC_VN_REALISTIC
MT01960,EQ01104,BLD071,2026-04-28,Calibration,Completed,2.7,12650000,HVAC Vendor,SYNTHETIC_VN_REALISTIC
MT01961,EQ01668,BLD106,2025-07-22,Preventive,In Progress,9.1,3600000,FM Team A,SYNTHETIC_VN_REALISTIC
MT01962,EQ00487,BLD031,2026-01-14,Preventive,Open,5.6,6200000,Electrical Vendor,SYNTHETIC_VN_REALISTIC
MT01963,EQ00983,BLD063,2025-12-05,Cleaning,Completed,0.5,9150000,Electrical Vendor,SYNTHETIC_VN_REALISTIC
MT01964,EQ00289,BLD019,2025-06-06,Calibration,Completed,11.2,19700000,Electrical Vendor,SYNTHETIC_VN_REALISTIC
MT01965,EQ01909,BLD120,2026-08-26,Cleaning,Completed,9.5,19200000,Electrical Vendor,SYNTHETIC_VN_REALISTIC
MT01966,EQ01189,BLD077,2026-09-08,Inspection,Completed,2.5,8700000,HVAC Vendor,SYNTHETIC_VN_REALISTIC
MT01967,EQ00261,BLD017,2025-05-03,Cleaning,Completed,0.6,11350000,FM Team A,SYNTHETIC_VN_REALISTIC
MT01968,EQ01532,BLD097,2025-02-25,Preventive,Completed,6.2,5600000,FM Team A,SYNTHETIC_VN_REALISTIC
MT01969,EQ01471,BLD093,2026-04-19,Calibration,Completed,8.5,3400000,FM Team A,SYNTHETIC_VN_REALISTIC
MT01970,EQ00217,BLD015,2026-03-20,Inspection,In Progress,1.0,19800000,FM Team B,SYNTHETIC_VN_REALISTIC
MT01971,EQ00276,BLD018,2025-12-01,Preventive,Completed,7.2,7650000,FM Team B,SYNTHETIC_VN_REALISTIC
MT01972,EQ01621,BLD103,2026-01-30,Cleaning,Completed,4.5,8400000,Plumbing Vendor,SYNTHETIC_VN_REALISTIC
MT01973,EQ01286,BLD082,2025-12-24,Corrective,Completed,9.3,21050000,HVAC Vendor,SYNTHETIC_VN_REALISTIC
MT01974,EQ00763,BLD049,2025-12-23,Inspection,Completed,1.1,19250000,FM Team B,SYNTHETIC_VN_REALISTIC
MT01975,EQ01400,BLD089,2026-03-05,Inspection,Completed,0.5,2600000,Plumbing Vendor,SYNTHETIC_VN_REALISTIC
MT01976,EQ01228,BLD079,2025-01-07,Preventive,Completed,2.1,6350000,Plumbing Vendor,SYNTHETIC_VN_REALISTIC
MT01977,EQ01339,BLD086,2025-06-16,Corrective,Open,7.1,400000,Plumbing Vendor,SYNTHETIC_VN_REALISTIC
MT01978,EQ00327,BLD021,2025-08-14,Preventive,Completed,4.1,12700000,HVAC Vendor,SYNTHETIC_VN_REALISTIC
MT01979,EQ00283,BLD019,2025-01-07,Corrective,Completed,5.9,18450000,FM Team B,SYNTHETIC_VN_REALISTIC
MT01980,EQ01027,BLD065,2025-12-19,Cleaning,In Progress,3.6,20650000,HVAC Vendor,SYNTHETIC_VN_REALISTIC
MT01981,EQ00035,BLD003,2026-01-30,Preventive,Open,9.4,8600000,FM Team B,SYNTHETIC_VN_REALISTIC
MT01982,EQ01575,BLD100,2025-07-20,Cleaning,In Progress,4.9,14650000,HVAC Vendor,SYNTHETIC_VN_REALISTIC
MT01983,EQ01097,BLD070,2026-08-21,Inspection,Completed,8.5,19500000,FM Team B,SYNTHETIC_VN_REALISTIC
MT01984,EQ00799,BLD052,2025-12-09,Preventive,Open,3.7,9750000,FM Team A,SYNTHETIC_VN_REALISTIC
MT01985,EQ00773,BLD050,2025-11-01,Calibration,Completed,8.9,7100000,Electrical Vendor,SYNTHETIC_VN_REALISTIC
MT01986,EQ00853,BLD055,2025-02-21,Calibration,In Progress,1.6,5750000,Electrical Vendor,SYNTHETIC_VN_REALISTIC
MT01987,EQ01733,BLD110,2025-11-26,Corrective,Completed,9.7,1450000,HVAC Vendor,SYNTHETIC_VN_REALISTIC
MT01988,EQ01388,BLD088,2026-01-30,Cleaning,Completed,8.3,5400000,Plumbing Vendor,SYNTHETIC_VN_REALISTIC
MT01989,EQ01624,BLD103,2025-01-27,Cleaning,Completed,6.0,11300000,Plumbing Vendor,SYNTHETIC_VN_REALISTIC
MT01990,EQ01370,BLD087,2026-05-10,Calibration,Open,11.7,8300000,FM Team A,SYNTHETIC_VN_REALISTIC
MT01991,EQ00838,BLD054,2025-07-12,Calibration,Completed,3.6,11100000,FM Team A,SYNTHETIC_VN_REALISTIC
MT01992,EQ00711,BLD046,2025-10-12,Calibration,In Progress,1.4,23900000,Plumbing Vendor,SYNTHETIC_VN_REALISTIC
MT01993,EQ01139,BLD073,2026-09-02,Calibration,Completed,0.1,2700000,Plumbing Vendor,SYNTHETIC_VN_REALISTIC
MT01994,EQ01694,BLD108,2025-06-28,Preventive,Completed,1.5,14450000,Electrical Vendor,SYNTHETIC_VN_REALISTIC
MT01995,EQ01465,BLD093,2025-08-10,Calibration,Completed,9.7,12050000,FM Team B,SYNTHETIC_VN_REALISTIC
MT01996,EQ00935,BLD060,2026-07-12,Calibration,Completed,11.1,7550000,Plumbing Vendor,SYNTHETIC_VN_REALISTIC
MT01997,EQ01542,BLD098,2025-09-08,Calibration,Completed,8.2,18200000,FM Team A,SYNTHETIC_VN_REALISTIC
MT01998,EQ01001,BLD064,2025-06-26,Corrective,Completed,6.0,11750000,HVAC Vendor,SYNTHETIC_VN_REALISTIC
MT01999,EQ00955,BLD061,2025-06-04,Cleaning,Completed,0.6,14150000,FM Team B,SYNTHETIC_VN_REALISTIC
MT02000,EQ00733,BLD047,2025-01-28,Inspection,In Progress,5.3,10250000,FM Team A,SYNTHETIC_VN_REALISTIC
MT02001,EQ01837,BLD115,2026-03-26,Cleaning,Completed,3.8,6400000,Plumbing Vendor,SYNTHETIC_VN_REALISTIC
MT02002,EQ01577,BLD100,2025-01-26,Corrective,In Progress,11.7,11850000,FM Team B,SYNTHETIC_VN_REALISTIC
MT02003,EQ00988,BLD063,2025-02-28,Calibration,Completed,0.6,18850000,FM Team A,SYNTHETIC_VN_REALISTIC
MT02004,EQ01774,BLD112,2025-05-24,Cleaning,Completed,6.4,5950000,HVAC Vendor,SYNTHETIC_VN_REALISTIC
MT02005,EQ00483,BLD031,2026-03-25,Preventive,Completed,5.8,21900000,FM Team B,SYNTHETIC_VN_REALISTIC
MT02006,EQ00400,BLD026,2025-08-26,Inspection,Completed,3.7,8400000,Plumbing Vendor,SYNTHETIC_VN_REALISTIC
MT02007,EQ01282,BLD082,2025-05-14,Preventive,Completed,0.2,350000,FM Team B,SYNTHETIC_VN_REALISTIC
MT02008,EQ01111,BLD071,2026-03-08,Cleaning,Completed,3.9,9500000,FM Team B,SYNTHETIC_VN_REALISTIC
MT02009,EQ01769,BLD112,2025-03-14,Calibration,Completed,11.5,9250000,Electrical Vendor,SYNTHETIC_VN_REALISTIC
MT02010,EQ01233,BLD079,2025-05-16,Cleaning,In Progress,11.5,12600000,FM Team A,SYNTHETIC_VN_REALISTIC
MT02011,EQ00928,BLD059,2026-08-05,Preventive,In Progress,2.2,12500000,Plumbing Vendor,SYNTHETIC_VN_REALISTIC
MT02012,EQ00170,BLD012,2025-10-30,Calibration,Completed,4.1,9500000,Plumbing Vendor,SYNTHETIC_VN_REALISTIC
MT02013,EQ01761,BLD111,2026-05-16,Cleaning,Completed,6.0,8850000,Plumbing Vendor,SYNTHETIC_VN_REALISTIC
MT02014,EQ00085,BLD006,2026-07-04,Calibration,Completed,10.6,2600000,Electrical Vendor,SYNTHETIC_VN_REALISTIC
MT02015,EQ00543,BLD035,2025-10-18,Corrective,In Progress,8.1,16300000,HVAC Vendor,SYNTHETIC_VN_REALISTIC
MT02016,EQ00344,BLD022,2025-01-27,Inspection,Completed,0.1,21100000,HVAC Vendor,SYNTHETIC_VN_REALISTIC
MT02017,EQ01815,BLD114,2026-01-10,Inspection,In Progress,1.6,5050000,FM Team B,SYNTHETIC_VN_REALISTIC
MT02018,EQ00625,BLD041,2026-08-09,Corrective,Completed,0.6,12550000,Plumbing Vendor,SYNTHETIC_VN_REALISTIC
MT02019,EQ00313,BLD021,2025-09-02,Cleaning,In Progress,0.5,14950000,Electrical Vendor,SYNTHETIC_VN_REALISTIC
MT02020,EQ01910,BLD120,2026-01-21,Corrective,In Progress,10.7,20450000,Electrical Vendor,SYNTHETIC_VN_REALISTIC
MT02021,EQ01888,BLD119,2025-09-11,Inspection,Completed,8.0,11200000,FM Team A,SYNTHETIC_VN_REALISTIC
MT02022,EQ00752,BLD048,2026-06-05,Preventive,Completed,1.0,20600000,FM Team A,SYNTHETIC_VN_REALISTIC
MT02023,EQ00860,BLD056,2025-05-16,Inspection,Completed,4.9,12850000,Plumbing Vendor,SYNTHETIC_VN_REALISTIC
MT02024,EQ00959,BLD061,2025-01-28,Preventive,In Progress,5.7,9250000,HVAC Vendor,SYNTHETIC_VN_REALISTIC
MT02025,EQ01285,BLD082,2026-02-23,Calibration,Completed,3.7,7950000,HVAC Vendor,SYNTHETIC_VN_REALISTIC
MT02026,EQ01146,BLD074,2025-08-10,Corrective,Open,2.8,17300000,HVAC Vendor,SYNTHETIC_VN_REALISTIC
MT02027,EQ00373,BLD024,2026-04-13,Cleaning,In Progress,2.7,19100000,Plumbing Vendor,SYNTHETIC_VN_REALISTIC
MT02028,EQ00447,BLD029,2026-07-06,Cleaning,Completed,4.8,5200000,Electrical Vendor,SYNTHETIC_VN_REALISTIC
MT02029,EQ00604,BLD039,2025-10-12,Corrective,Completed,2.3,23350000,HVAC Vendor,SYNTHETIC_VN_REALISTIC
MT02030,EQ01862,BLD117,2026-02-22,Preventive,Completed,5.6,19700000,FM Team A,SYNTHETIC_VN_REALISTIC
MT02031,EQ01133,BLD073,2026-01-14,Corrective,In Progress,8.2,20100000,Plumbing Vendor,SYNTHETIC_VN_REALISTIC
MT02032,EQ01783,BLD113,2025-09-17,Inspection,Open,11.6,10900000,FM Team B,SYNTHETIC_VN_REALISTIC
MT02033,EQ00982,BLD063,2025-08-15,Preventive,In Progress,0.0,15950000,Plumbing Vendor,SYNTHETIC_VN_REALISTIC
MT02034,EQ00620,BLD040,2025-02-12,Inspection,Completed,2.7,4750000,Electrical Vendor,SYNTHETIC_VN_REALISTIC
MT02035,EQ00989,BLD063,2026-03-12,Corrective,Open,2.0,3650000,HVAC Vendor,SYNTHETIC_VN_REALISTIC
MT02036,EQ00205,BLD014,2026-07-05,Preventive,Completed,5.9,9750000,FM Team A,SYNTHETIC_VN_REALISTIC
MT02037,EQ00985,BLD063,2026-03-22,Calibration,Completed,7.7,11900000,Plumbing Vendor,SYNTHETIC_VN_REALISTIC
MT02038,EQ00474,BLD030,2025-07-22,Preventive,Completed,1.5,5700000,FM Team A,SYNTHETIC_VN_REALISTIC
MT02039,EQ01906,BLD120,2025-05-03,Preventive,Completed,4.4,16650000,HVAC Vendor,SYNTHETIC_VN_REALISTIC
MT02040,EQ00534,BLD034,2025-08-01,Cleaning,Completed,10.7,21400000,FM Team B,SYNTHETIC_VN_REALISTIC
MT02041,EQ00305,BLD020,2025-08-24,Corrective,Open,7.4,17850000,HVAC Vendor,SYNTHETIC_VN_REALISTIC
MT02042,EQ00270,BLD018,2025-10-27,Inspection,Open,11.7,21150000,FM Team B,SYNTHETIC_VN_REALISTIC
MT02043,EQ00020,BLD001,2025-12-04,Cleaning,In Progress,5.1,19600000,Plumbing Vendor,SYNTHETIC_VN_REALISTIC
MT02044,EQ01453,BLD092,2025-04-26,Cleaning,Completed,4.7,5150000,FM Team A,SYNTHETIC_VN_REALISTIC
MT02045,EQ01040,BLD066,2026-02-18,Cleaning,Completed,4.8,16000000,Electrical Vendor,SYNTHETIC_VN_REALISTIC
MT02046,EQ01317,BLD084,2025-07-13,Cleaning,Open,8.6,6700000,FM Team B,SYNTHETIC_VN_REALISTIC
MT02047,EQ00859,BLD056,2025-09-17,Calibration,Completed,10.2,16600000,FM Team A,SYNTHETIC_VN_REALISTIC
MT02048,EQ01287,BLD082,2025-02-20,Inspection,Completed,5.4,8650000,FM Team B,SYNTHETIC_VN_REALISTIC
MT02049,EQ00061,BLD004,2026-05-01,Corrective,In Progress,10.8,17450000,HVAC Vendor,SYNTHETIC_VN_REALISTIC
MT02050,EQ01869,BLD117,2026-04-22,Preventive,In Progress,2.1,5500000,HVAC Vendor,SYNTHETIC_VN_REALISTIC
MT02051,EQ01455,BLD092,2026-05-25,Cleaning,Completed,2.8,19050000,HVAC Vendor,SYNTHETIC_VN_REALISTIC
MT02052,EQ00957,BLD061,2026-03-25,Corrective,Open,5.0,11550000,Plumbing Vendor,SYNTHETIC_VN_REALISTIC
MT02053,EQ00773,BLD050,2025-01-17,Preventive,Open,9.1,4950000,Plumbing Vendor,SYNTHETIC_VN_REALISTIC
MT02054,EQ00352,BLD023,2026-07-21,Corrective,In Progress,8.5,21750000,Plumbing Vendor,SYNTHETIC_VN_REALISTIC
MT02055,EQ00388,BLD026,2025-03-30,Cleaning,Completed,6.2,24800000,FM Team A,SYNTHETIC_VN_REALISTIC
MT02056,EQ01920,BLD120,2026-08-01,Cleaning,Completed,1.8,9900000,HVAC Vendor,SYNTHETIC_VN_REALISTIC
MT02057,EQ01329,BLD085,2026-07-17,Calibration,In Progress,10.7,15500000,Electrical Vendor,SYNTHETIC_VN_REALISTIC
MT02058,EQ00582,BLD038,2026-08-24,Preventive,Completed,8.0,22350000,HVAC Vendor,SYNTHETIC_VN_REALISTIC
MT02059,EQ00089,BLD006,2026-02-20,Calibration,In Progress,2.9,11250000,Electrical Vendor,SYNTHETIC_VN_REALISTIC
MT02060,EQ01390,BLD088,2026-01-19,Cleaning,Open,3.2,14950000,HVAC Vendor,SYNTHETIC_VN_REALISTIC
MT02061,EQ01422,BLD091,2025-04-07,Preventive,In Progress,10.0,22550000,Plumbing Vendor,SYNTHETIC_VN_REALISTIC
MT02062,EQ00592,BLD038,2026-06-16,Inspection,Completed,3.9,9550000,HVAC Vendor,SYNTHETIC_VN_REALISTIC
MT02063,EQ00914,BLD059,2026-06-08,Corrective,Completed,11.4,22100000,FM Team A,SYNTHETIC_VN_REALISTIC
MT02064,EQ01678,BLD107,2025-08-17,Cleaning,In Progress,7.7,2300000,FM Team A,SYNTHETIC_VN_REALISTIC
MT02065,EQ00500,BLD032,2025-01-20,Calibration,Completed,10.0,8250000,FM Team B,SYNTHETIC_VN_REALISTIC
MT02066,EQ00121,BLD008,2025-09-15,Cleaning,In Progress,7.1,3950000,FM Team B,SYNTHETIC_VN_REALISTIC
MT02067,EQ01545,BLD098,2026-03-14,Inspection,Completed,8.1,3100000,HVAC Vendor,SYNTHETIC_VN_REALISTIC
MT02068,EQ01050,BLD067,2025-02-26,Inspection,Completed,8.5,8900000,Plumbing Vendor,SYNTHETIC_VN_REALISTIC
MT02069,EQ01150,BLD074,2026-05-16,Calibration,Completed,10.5,14550000,Plumbing Vendor,SYNTHETIC_VN_REALISTIC
MT02070,EQ00885,BLD057,2025-03-06,Calibration,Open,8.9,6450000,FM Team A,SYNTHETIC_VN_REALISTIC
MT02071,EQ01229,BLD079,2026-01-19,Corrective,Completed,3.5,22400000,Plumbing Vendor,SYNTHETIC_VN_REALISTIC
MT02072,EQ01599,BLD101,2025-12-02,Corrective,Completed,3.9,3800000,FM Team A,SYNTHETIC_VN_REALISTIC
MT02073,EQ01429,BLD091,2025-08-06,Calibration,Completed,0.7,7500000,FM Team B,SYNTHETIC_VN_REALISTIC
MT02074,EQ00439,BLD029,2025-06-13,Cleaning,Completed,9.3,19600000,FM Team A,SYNTHETIC_VN_REALISTIC
MT02075,EQ00610,BLD039,2026-06-12,Corrective,Completed,10.3,14900000,HVAC Vendor,SYNTHETIC_VN_REALISTIC
MT02076,EQ01010,BLD064,2025-02-13,Corrective,In Progress,0.9,16200000,HVAC Vendor,SYNTHETIC_VN_REALISTIC
MT02077,EQ00814,BLD053,2026-07-03,Inspection,In Progress,5.2,1600000,Electrical Vendor,SYNTHETIC_VN_REALISTIC
MT02078,EQ01550,BLD098,2025-03-20,Cleaning,Completed,3.3,13800000,FM Team B,SYNTHETIC_VN_REALISTIC
MT02079,EQ01663,BLD105,2025-06-12,Inspection,In Progress,10.9,20400000,HVAC Vendor,SYNTHETIC_VN_REALISTIC
MT02080,EQ00220,BLD015,2025-06-03,Cleaning,Completed,1.1,14300000,Plumbing Vendor,SYNTHETIC_VN_REALISTIC
MT02081,EQ01311,BLD083,2025-08-02,Calibration,In Progress,11.5,7700000,Electrical Vendor,SYNTHETIC_VN_REALISTIC
MT02082,EQ01392,BLD088,2025-01-08,Calibration,Completed,9.1,24950000,FM Team B,SYNTHETIC_VN_REALISTIC
MT02083,EQ01543,BLD098,2025-12-10,Preventive,In Progress,8.5,5050000,Plumbing Vendor,SYNTHETIC_VN_REALISTIC
MT02084,EQ01493,BLD095,2026-07-06,Preventive,In Progress,8.6,20450000,Plumbing Vendor,SYNTHETIC_VN_REALISTIC
MT02085,EQ01137,BLD073,2026-05-28,Cleaning,Completed,5.9,24300000,Electrical Vendor,SYNTHETIC_VN_REALISTIC
MT02086,EQ01163,BLD075,2025-05-01,Calibration,Open,3.2,23250000,Electrical Vendor,SYNTHETIC_VN_REALISTIC
MT02087,EQ01550,BLD098,2025-07-11,Corrective,Completed,8.2,21550000,Electrical Vendor,SYNTHETIC_VN_REALISTIC
MT02088,EQ01877,BLD118,2026-04-13,Corrective,Completed,9.6,16100000,FM Team A,SYNTHETIC_VN_REALISTIC
MT02089,EQ00604,BLD039,2026-03-15,Calibration,In Progress,2.0,8650000,Plumbing Vendor,SYNTHETIC_VN_REALISTIC
MT02090,EQ00596,BLD038,2026-01-03,Preventive,Completed,11.9,13150000,FM Team A,SYNTHETIC_VN_REALISTIC
MT02091,EQ01333,BLD085,2025-03-07,Corrective,Open,1.8,1050000,HVAC Vendor,SYNTHETIC_VN_REALISTIC
MT02092,EQ00786,BLD051,2025-09-24,Corrective,Completed,3.8,8850000,Plumbing Vendor,SYNTHETIC_VN_REALISTIC
MT02093,EQ01240,BLD079,2026-01-26,Corrective,Completed,8.1,22150000,FM Team B,SYNTHETIC_VN_REALISTIC
MT02094,EQ00748,BLD048,2025-07-02,Cleaning,Open,2.4,19750000,Plumbing Vendor,SYNTHETIC_VN_REALISTIC
MT02095,EQ00721,BLD046,2025-07-08,Preventive,Completed,11.7,20750000,Plumbing Vendor,SYNTHETIC_VN_REALISTIC
MT02096,EQ00339,BLD022,2025-04-26,Calibration,Open,9.6,2600000,Plumbing Vendor,SYNTHETIC_VN_REALISTIC
MT02097,EQ00864,BLD056,2026-06-10,Calibration,Completed,7.2,4700000,Plumbing Vendor,SYNTHETIC_VN_REALISTIC
MT02098,EQ01669,BLD106,2026-04-18,Inspection,Completed,7.6,4900000,Plumbing Vendor,SYNTHETIC_VN_REALISTIC
MT02099,EQ01154,BLD074,2026-08-13,Calibration,Completed,5.6,16700000,Electrical Vendor,SYNTHETIC_VN_REALISTIC
MT02100,EQ00813,BLD053,2025-10-12,Corrective,Completed,3.2,9950000,HVAC Vendor,SYNTHETIC_VN_REALISTIC
MT02101,EQ00671,BLD043,2025-03-10,Preventive,In Progress,11.8,4950000,FM Team A,SYNTHETIC_VN_REALISTIC
MT02102,EQ01101,BLD071,2025-10-11,Calibration,Completed,12.0,17300000,HVAC Vendor,SYNTHETIC_VN_REALISTIC
MT02103,EQ01124,BLD072,2025-04-09,Corrective,Completed,0.9,18400000,FM Team A,SYNTHETIC_VN_REALISTIC
MT02104,EQ01111,BLD071,2026-05-14,Preventive,Open,8.9,4800000,FM Team A,SYNTHETIC_VN_REALISTIC
MT02105,EQ01127,BLD073,2025-09-02,Cleaning,Completed,1.7,9700000,Plumbing Vendor,SYNTHETIC_VN_REALISTIC
MT02106,EQ00501,BLD032,2026-02-03,Cleaning,Open,5.9,22750000,Electrical Vendor,SYNTHETIC_VN_REALISTIC
MT02107,EQ01322,BLD084,2025-06-26,Calibration,Completed,0.1,20050000,Plumbing Vendor,SYNTHETIC_VN_REALISTIC
MT02108,EQ00364,BLD024,2026-02-05,Inspection,Open,8.6,1050000,Plumbing Vendor,SYNTHETIC_VN_REALISTIC
MT02109,EQ00407,BLD027,2025-08-28,Corrective,In Progress,1.2,6700000,HVAC Vendor,SYNTHETIC_VN_REALISTIC
MT02110,EQ00145,BLD010,2025-05-24,Cleaning,Completed,4.4,15850000,HVAC Vendor,SYNTHETIC_VN_REALISTIC
MT02111,EQ00767,BLD049,2026-07-12,Inspection,Completed,0.5,23750000,FM Team B,SYNTHETIC_VN_REALISTIC
MT02112,EQ00254,BLD017,2025-02-04,Corrective,Completed,9.9,22350000,Electrical Vendor,SYNTHETIC_VN_REALISTIC
MT02113,EQ01047,BLD067,2026-03-17,Cleaning,Open,4.2,9850000,Plumbing Vendor,SYNTHETIC_VN_REALISTIC
MT02114,EQ01118,BLD072,2026-03-08,Corrective,Completed,7.2,16200000,HVAC Vendor,SYNTHETIC_VN_REALISTIC
MT02115,EQ00667,BLD043,2026-08-08,Preventive,In Progress,3.2,18650000,FM Team A,SYNTHETIC_VN_REALISTIC
MT02116,EQ01848,BLD116,2026-08-08,Calibration,Completed,10.0,14200000,FM Team B,SYNTHETIC_VN_REALISTIC
MT02117,EQ00630,BLD041,2026-01-19,Inspection,Completed,8.2,15150000,FM Team A,SYNTHETIC_VN_REALISTIC
MT02118,EQ01503,BLD096,2025-01-23,Calibration,Completed,11.5,20700000,FM Team A,SYNTHETIC_VN_REALISTIC
MT02119,EQ01883,BLD119,2026-09-01,Preventive,Completed,11.0,9300000,Electrical Vendor,SYNTHETIC_VN_REALISTIC
MT02120,EQ01549,BLD098,2025-12-06,Inspection,In Progress,3.2,2650000,Plumbing Vendor,SYNTHETIC_VN_REALISTIC
MT02121,EQ01073,BLD068,2025-09-03,Preventive,Completed,0.6,12750000,Plumbing Vendor,SYNTHETIC_VN_REALISTIC
MT02122,EQ00437,BLD029,2025-12-16,Corrective,In Progress,3.8,23850000,HVAC Vendor,SYNTHETIC_VN_REALISTIC
MT02123,EQ00168,BLD012,2026-05-18,Cleaning,Completed,9.2,5050000,FM Team B,SYNTHETIC_VN_REALISTIC
MT02124,EQ00077,BLD006,2025-06-10,Corrective,Completed,6.1,3750000,FM Team A,SYNTHETIC_VN_REALISTIC
MT02125,EQ01321,BLD084,2025-01-29,Corrective,In Progress,9.9,7500000,FM Team A,SYNTHETIC_VN_REALISTIC
MT02126,EQ00370,BLD024,2025-01-30,Inspection,Completed,2.8,20700000,Electrical Vendor,SYNTHETIC_VN_REALISTIC
MT02127,EQ01097,BLD070,2026-04-16,Corrective,Completed,7.6,1900000,FM Team A,SYNTHETIC_VN_REALISTIC
MT02128,EQ01061,BLD068,2025-07-06,Calibration,Open,9.5,23950000,FM Team B,SYNTHETIC_VN_REALISTIC
MT02129,EQ00577,BLD037,2025-01-03,Preventive,Completed,10.1,19050000,Plumbing Vendor,SYNTHETIC_VN_REALISTIC
MT02130,EQ01440,BLD092,2026-03-23,Inspection,Open,4.4,17750000,Electrical Vendor,SYNTHETIC_VN_REALISTIC
MT02131,EQ00158,BLD011,2025-04-26,Corrective,Completed,7.2,8550000,HVAC Vendor,SYNTHETIC_VN_REALISTIC
MT02132,EQ01614,BLD103,2025-08-09,Corrective,Completed,6.3,24450000,HVAC Vendor,SYNTHETIC_VN_REALISTIC
MT02133,EQ00590,BLD038,2026-08-01,Preventive,Completed,6.0,6450000,Plumbing Vendor,SYNTHETIC_VN_REALISTIC
MT02134,EQ01052,BLD067,2026-02-24,Inspection,In Progress,3.9,13350000,HVAC Vendor,SYNTHETIC_VN_REALISTIC
MT02135,EQ00792,BLD051,2026-09-02,Calibration,Open,2.2,20700000,Electrical Vendor,SYNTHETIC_VN_REALISTIC
MT02136,EQ00449,BLD029,2025-07-21,Cleaning,In Progress,8.6,6900000,Electrical Vendor,SYNTHETIC_VN_REALISTIC
MT02137,EQ01854,BLD117,2025-06-30,Cleaning,Completed,5.3,16000000,FM Team B,SYNTHETIC_VN_REALISTIC
MT02138,EQ01090,BLD070,2025-02-24,Cleaning,Completed,1.6,21600000,Electrical Vendor,SYNTHETIC_VN_REALISTIC
MT02139,EQ00541,BLD035,2025-05-17,Corrective,In Progress,10.9,16200000,Plumbing Vendor,SYNTHETIC_VN_REALISTIC
MT02140,EQ00415,BLD028,2026-08-21,Cleaning,Completed,10.0,18000000,Electrical Vendor,SYNTHETIC_VN_REALISTIC
MT02141,EQ01308,BLD083,2026-08-08,Cleaning,Completed,2.8,1400000,Electrical Vendor,SYNTHETIC_VN_REALISTIC
MT02142,EQ01648,BLD104,2025-12-24,Preventive,Completed,3.2,9050000,Plumbing Vendor,SYNTHETIC_VN_REALISTIC
MT02143,EQ01629,BLD103,2025-02-09,Preventive,In Progress,3.5,16900000,HVAC Vendor,SYNTHETIC_VN_REALISTIC
MT02144,EQ01618,BLD103,2025-04-28,Preventive,Completed,7.2,12300000,Electrical Vendor,SYNTHETIC_VN_REALISTIC
MT02145,EQ00836,BLD054,2026-06-17,Cleaning,Open,8.1,1350000,FM Team A,SYNTHETIC_VN_REALISTIC
MT02146,EQ00513,BLD033,2025-03-14,Corrective,Completed,2.9,18600000,FM Team B,SYNTHETIC_VN_REALISTIC
MT02147,EQ00071,BLD005,2025-01-20,Corrective,Completed,6.2,850000,FM Team B,SYNTHETIC_VN_REALISTIC
MT02148,EQ00087,BLD006,2025-08-28,Inspection,Completed,3.3,17500000,HVAC Vendor,SYNTHETIC_VN_REALISTIC
MT02149,EQ00124,BLD008,2026-01-16,Preventive,Completed,11.1,13450000,FM Team B,SYNTHETIC_VN_REALISTIC
MT02150,EQ00426,BLD028,2025-11-03,Preventive,Completed,3.4,5100000,HVAC Vendor,SYNTHETIC_VN_REALISTIC
MT02151,EQ00723,BLD047,2026-04-12,Preventive,Open,9.9,18000000,FM Team A,SYNTHETIC_VN_REALISTIC
MT02152,EQ01170,BLD075,2026-07-24,Inspection,Completed,1.3,300000,FM Team A,SYNTHETIC_VN_REALISTIC
MT02153,EQ00363,BLD024,2025-10-11,Preventive,Open,3.3,11900000,Plumbing Vendor,SYNTHETIC_VN_REALISTIC
MT02154,EQ00469,BLD030,2026-06-16,Corrective,In Progress,9.8,17750000,FM Team B,SYNTHETIC_VN_REALISTIC
MT02155,EQ01679,BLD107,2026-08-07,Corrective,In Progress,6.4,22450000,HVAC Vendor,SYNTHETIC_VN_REALISTIC
MT02156,EQ01157,BLD074,2026-05-08,Calibration,Completed,10.4,16950000,FM Team A,SYNTHETIC_VN_REALISTIC
MT02157,EQ00447,BLD029,2025-07-11,Preventive,In Progress,4.7,10850000,Electrical Vendor,SYNTHETIC_VN_REALISTIC
MT02158,EQ01246,BLD080,2026-03-24,Calibration,In Progress,9.6,16000000,Plumbing Vendor,SYNTHETIC_VN_REALISTIC
MT02159,EQ01912,BLD120,2025-02-04,Calibration,Completed,8.8,15650000,FM Team B,SYNTHETIC_VN_REALISTIC
MT02160,EQ00668,BLD043,2025-12-08,Corrective,Open,11.5,1150000,HVAC Vendor,SYNTHETIC_VN_REALISTIC
MT02161,EQ01335,BLD085,2025-05-12,Cleaning,Completed,9.0,20950000,Electrical Vendor,SYNTHETIC_VN_REALISTIC
MT02162,EQ01079,BLD069,2025-11-15,Corrective,Completed,6.0,24000000,Electrical Vendor,SYNTHETIC_VN_REALISTIC
MT02163,EQ01429,BLD091,2025-04-25,Calibration,Completed,7.5,3050000,Electrical Vendor,SYNTHETIC_VN_REALISTIC
MT02164,EQ01470,BLD093,2025-11-02,Corrective,In Progress,10.2,2550000,Plumbing Vendor,SYNTHETIC_VN_REALISTIC
MT02165,EQ01161,BLD074,2025-11-12,Corrective,Completed,7.5,6200000,Electrical Vendor,SYNTHETIC_VN_REALISTIC
MT02166,EQ00550,BLD036,2025-12-24,Preventive,Completed,6.5,10450000,HVAC Vendor,SYNTHETIC_VN_REALISTIC
MT02167,EQ00473,BLD030,2025-12-23,Preventive,Completed,7.1,6050000,HVAC Vendor,SYNTHETIC_VN_REALISTIC
MT02168,EQ00054,BLD004,2026-04-18,Cleaning,Completed,8.7,1500000,FM Team B,SYNTHETIC_VN_REALISTIC
MT02169,EQ01892,BLD119,2025-03-16,Preventive,Completed,9.1,16550000,Electrical Vendor,SYNTHETIC_VN_REALISTIC
MT02170,EQ01376,BLD088,2026-03-18,Calibration,Completed,4.5,7250000,Plumbing Vendor,SYNTHETIC_VN_REALISTIC
MT02171,EQ00773,BLD050,2025-10-28,Corrective,Completed,7.4,19000000,FM Team B,SYNTHETIC_VN_REALISTIC
MT02172,EQ00332,BLD022,2025-03-05,Inspection,Completed,0.5,21350000,FM Team B,SYNTHETIC_VN_REALISTIC
MT02173,EQ00859,BLD056,2026-09-13,Calibration,Completed,8.2,24350000,FM Team B,SYNTHETIC_VN_REALISTIC
MT02174,EQ00209,BLD014,2025-08-29,Calibration,Completed,10.8,19250000,FM Team A,SYNTHETIC_VN_REALISTIC
MT02175,EQ00463,BLD030,2026-05-24,Cleaning,In Progress,11.4,24600000,FM Team B,SYNTHETIC_VN_REALISTIC
MT02176,EQ01852,BLD117,2025-07-27,Cleaning,In Progress,4.6,14700000,HVAC Vendor,SYNTHETIC_VN_REALISTIC
MT02177,EQ01337,BLD086,2026-06-12,Calibration,In Progress,7.2,19700000,Plumbing Vendor,SYNTHETIC_VN_REALISTIC
MT02178,EQ01748,BLD111,2025-11-03,Inspection,Open,8.9,12600000,FM Team A,SYNTHETIC_VN_REALISTIC
MT02179,EQ00630,BLD041,2025-12-16,Cleaning,In Progress,6.1,19200000,FM Team B,SYNTHETIC_VN_REALISTIC
MT02180,EQ01826,BLD115,2025-04-04,Corrective,Completed,9.1,15650000,Plumbing Vendor,SYNTHETIC_VN_REALISTIC
MT02181,EQ01247,BLD080,2026-07-20,Preventive,Completed,8.7,14000000,HVAC Vendor,SYNTHETIC_VN_REALISTIC
MT02182,EQ01700,BLD108,2025-01-06,Preventive,In Progress,1.5,10700000,FM Team B,SYNTHETIC_VN_REALISTIC
MT02183,EQ00355,BLD023,2025-04-20,Preventive,Completed,8.9,22750000,FM Team A,SYNTHETIC_VN_REALISTIC
MT02184,EQ00508,BLD033,2026-01-02,Cleaning,Completed,5.4,10450000,HVAC Vendor,SYNTHETIC_VN_REALISTIC
MT02185,EQ01542,BLD098,2025-02-08,Calibration,Completed,3.0,5550000,Electrical Vendor,SYNTHETIC_VN_REALISTIC
MT02186,EQ01812,BLD114,2025-07-26,Cleaning,Completed,3.8,10300000,Electrical Vendor,SYNTHETIC_VN_REALISTIC
MT02187,EQ00789,BLD051,2025-05-14,Cleaning,Completed,5.5,8300000,Electrical Vendor,SYNTHETIC_VN_REALISTIC
MT02188,EQ00118,BLD008,2026-07-16,Inspection,Open,10.8,8150000,Electrical Vendor,SYNTHETIC_VN_REALISTIC
MT02189,EQ01083,BLD069,2026-08-20,Corrective,Open,1.6,5200000,FM Team A,SYNTHETIC_VN_REALISTIC
MT02190,EQ01783,BLD113,2025-03-02,Corrective,Open,2.1,6550000,Plumbing Vendor,SYNTHETIC_VN_REALISTIC
MT02191,EQ00015,BLD001,2026-02-26,Corrective,Completed,1.6,1250000,HVAC Vendor,SYNTHETIC_VN_REALISTIC
MT02192,EQ01465,BLD093,2026-02-03,Preventive,Open,4.2,15200000,HVAC Vendor,SYNTHETIC_VN_REALISTIC
MT02193,EQ00849,BLD055,2025-07-06,Cleaning,Completed,1.4,16800000,Plumbing Vendor,SYNTHETIC_VN_REALISTIC
MT02194,EQ00805,BLD052,2025-09-05,Cleaning,Completed,7.8,22650000,Plumbing Vendor,SYNTHETIC_VN_REALISTIC
MT02195,EQ00532,BLD034,2025-10-02,Preventive,Open,1.4,12250000,FM Team B,SYNTHETIC_VN_REALISTIC
MT02196,EQ00932,BLD060,2026-02-16,Preventive,Completed,8.1,17950000,FM Team A,SYNTHETIC_VN_REALISTIC
MT02197,EQ01625,BLD103,2025-01-10,Preventive,Open,6.6,8400000,FM Team A,SYNTHETIC_VN_REALISTIC
MT02198,EQ00297,BLD019,2025-12-06,Corrective,Completed,1.0,10550000,Electrical Vendor,SYNTHETIC_VN_REALISTIC
MT02199,EQ01536,BLD097,2025-01-21,Inspection,Open,1.9,19400000,HVAC Vendor,SYNTHETIC_VN_REALISTIC
MT02200,EQ00643,BLD042,2026-03-01,Calibration,Completed,1.0,23400000,HVAC Vendor,SYNTHETIC_VN_REALISTIC
MT02201,EQ00850,BLD055,2025-11-10,Inspection,Completed,4.2,23950000,Plumbing Vendor,SYNTHETIC_VN_REALISTIC
MT02202,EQ01630,BLD103,2025-12-07,Corrective,Completed,6.2,8700000,Electrical Vendor,SYNTHETIC_VN_REALISTIC
MT02203,EQ00871,BLD056,2025-12-06,Preventive,Completed,9.2,16000000,Electrical Vendor,SYNTHETIC_VN_REALISTIC
MT02204,EQ00145,BLD010,2025-04-13,Cleaning,In Progress,0.1,6500000,HVAC Vendor,SYNTHETIC_VN_REALISTIC
MT02205,EQ01445,BLD092,2025-03-10,Inspection,Completed,11.7,19450000,FM Team B,SYNTHETIC_VN_REALISTIC
MT02206,EQ01088,BLD069,2025-05-21,Corrective,Open,11.9,17800000,HVAC Vendor,SYNTHETIC_VN_REALISTIC
MT02207,EQ01789,BLD113,2026-06-06,Preventive,In Progress,5.4,7000000,HVAC Vendor,SYNTHETIC_VN_REALISTIC
MT02208,EQ01713,BLD109,2025-08-20,Corrective,Completed,1.6,1850000,Plumbing Vendor,SYNTHETIC_VN_REALISTIC
MT02209,EQ00123,BLD008,2026-05-02,Preventive,Completed,2.3,18250000,Electrical Vendor,SYNTHETIC_VN_REALISTIC
MT02210,EQ00185,BLD013,2025-07-30,Preventive,Completed,11.7,10600000,Plumbing Vendor,SYNTHETIC_VN_REALISTIC
MT02211,EQ00248,BLD016,2025-12-08,Preventive,In Progress,5.8,12750000,Plumbing Vendor,SYNTHETIC_VN_REALISTIC
MT02212,EQ01920,BLD120,2025-06-21,Cleaning,Completed,5.2,5350000,HVAC Vendor,SYNTHETIC_VN_REALISTIC
MT02213,EQ01110,BLD071,2025-09-12,Cleaning,In Progress,7.4,21050000,FM Team B,SYNTHETIC_VN_REALISTIC
MT02214,EQ00488,BLD031,2025-11-14,Calibration,Completed,5.4,17450000,FM Team B,SYNTHETIC_VN_REALISTIC
MT02215,EQ00976,BLD062,2026-03-16,Corrective,Open,9.9,1300000,Electrical Vendor,SYNTHETIC_VN_REALISTIC
MT02216,EQ00696,BLD045,2025-08-08,Preventive,In Progress,5.8,7850000,Electrical Vendor,SYNTHETIC_VN_REALISTIC
MT02217,EQ01031,BLD065,2025-10-08,Calibration,Completed,5.8,15750000,Electrical Vendor,SYNTHETIC_VN_REALISTIC
MT02218,EQ00734,BLD047,2025-04-26,Preventive,Completed,5.9,3600000,FM Team A,SYNTHETIC_VN_REALISTIC
MT02219,EQ00515,BLD033,2025-03-22,Calibration,Completed,1.2,17950000,FM Team B,SYNTHETIC_VN_REALISTIC
MT02220,EQ00028,BLD002,2025-02-02,Cleaning,Completed,3.5,1100000,HVAC Vendor,SYNTHETIC_VN_REALISTIC
MT02221,EQ01568,BLD099,2026-01-30,Inspection,Completed,5.1,17450000,Electrical Vendor,SYNTHETIC_VN_REALISTIC
MT02222,EQ01274,BLD082,2025-09-02,Corrective,Completed,1.3,24600000,HVAC Vendor,SYNTHETIC_VN_REALISTIC
MT02223,EQ00054,BLD004,2026-01-28,Calibration,Open,1.9,15900000,Plumbing Vendor,SYNTHETIC_VN_REALISTIC
MT02224,EQ01869,BLD117,2025-05-31,Cleaning,In Progress,0.6,7750000,FM Team A,SYNTHETIC_VN_REALISTIC
MT02225,EQ00835,BLD054,2026-06-27,Corrective,In Progress,10.2,22500000,FM Team A,SYNTHETIC_VN_REALISTIC
MT02226,EQ00880,BLD057,2026-03-24,Calibration,Completed,6.7,16700000,FM Team B,SYNTHETIC_VN_REALISTIC
MT02227,EQ01159,BLD074,2025-03-21,Inspection,Completed,7.7,23600000,FM Team B,SYNTHETIC_VN_REALISTIC
MT02228,EQ00656,BLD043,2025-10-27,Calibration,In Progress,0.1,4400000,FM Team B,SYNTHETIC_VN_REALISTIC
MT02229,EQ01431,BLD091,2025-03-14,Cleaning,Completed,6.7,2050000,Electrical Vendor,SYNTHETIC_VN_REALISTIC
MT02230,EQ00399,BLD026,2025-03-05,Corrective,Open,6.0,18250000,FM Team A,SYNTHETIC_VN_REALISTIC
MT02231,EQ01699,BLD108,2025-02-25,Preventive,In Progress,1.6,24350000,Plumbing Vendor,SYNTHETIC_VN_REALISTIC
MT02232,EQ01444,BLD092,2025-02-02,Inspection,Open,2.8,19900000,FM Team B,SYNTHETIC_VN_REALISTIC
MT02233,EQ00941,BLD060,2025-05-21,Corrective,Open,11.4,15200000,HVAC Vendor,SYNTHETIC_VN_REALISTIC
MT02234,EQ00763,BLD049,2025-01-28,Inspection,In Progress,11.2,12550000,HVAC Vendor,SYNTHETIC_VN_REALISTIC
MT02235,EQ00111,BLD007,2025-10-17,Cleaning,Completed,8.7,12000000,Plumbing Vendor,SYNTHETIC_VN_REALISTIC
MT02236,EQ00485,BLD031,2025-08-23,Inspection,Completed,7.5,250000,FM Team B,SYNTHETIC_VN_REALISTIC
MT02237,EQ00786,BLD051,2026-08-29,Corrective,In Progress,8.8,8600000,Plumbing Vendor,SYNTHETIC_VN_REALISTIC
MT02238,EQ00076,BLD005,2026-04-06,Calibration,Open,7.2,23350000,FM Team A,SYNTHETIC_VN_REALISTIC
MT02239,EQ01366,BLD087,2025-01-22,Inspection,Completed,2.8,24650000,FM Team A,SYNTHETIC_VN_REALISTIC
MT02240,EQ00507,BLD033,2025-01-30,Corrective,Completed,6.7,24800000,HVAC Vendor,SYNTHETIC_VN_REALISTIC
MT02241,EQ00214,BLD015,2025-10-14,Preventive,Completed,6.3,7450000,HVAC Vendor,SYNTHETIC_VN_REALISTIC
MT02242,EQ00266,BLD017,2026-08-18,Corrective,Completed,6.6,7500000,FM Team B,SYNTHETIC_VN_REALISTIC
MT02243,EQ00417,BLD028,2026-04-11,Cleaning,Completed,1.5,20600000,FM Team A,SYNTHETIC_VN_REALISTIC
MT02244,EQ01875,BLD118,2026-04-18,Calibration,Open,8.0,11250000,FM Team A,SYNTHETIC_VN_REALISTIC
MT02245,EQ01734,BLD110,2025-09-30,Corrective,In Progress,10.7,24300000,Electrical Vendor,SYNTHETIC_VN_REALISTIC
MT02246,EQ00929,BLD059,2026-06-19,Inspection,Open,0.9,23400000,Plumbing Vendor,SYNTHETIC_VN_REALISTIC
MT02247,EQ01337,BLD086,2025-01-03,Preventive,Open,1.3,24800000,Plumbing Vendor,SYNTHETIC_VN_REALISTIC
MT02248,EQ01149,BLD074,2025-09-07,Inspection,Completed,8.4,17150000,Electrical Vendor,SYNTHETIC_VN_REALISTIC
MT02249,EQ00744,BLD048,2026-07-25,Calibration,Completed,2.9,7850000,FM Team B,SYNTHETIC_VN_REALISTIC
MT02250,EQ01037,BLD066,2026-06-20,Cleaning,Completed,11.8,6600000,HVAC Vendor,SYNTHETIC_VN_REALISTIC
MT02251,EQ01458,BLD093,2026-06-02,Corrective,In Progress,2.7,10750000,HVAC Vendor,SYNTHETIC_VN_REALISTIC
MT02252,EQ00322,BLD021,2026-08-18,Cleaning,Completed,5.8,21400000,FM Team B,SYNTHETIC_VN_REALISTIC
MT02253,EQ00663,BLD043,2025-04-28,Cleaning,Open,3.8,20650000,HVAC Vendor,SYNTHETIC_VN_REALISTIC
MT02254,EQ01894,BLD119,2026-05-31,Inspection,Completed,7.5,250000,FM Team B,SYNTHETIC_VN_REALISTIC
MT02255,EQ01108,BLD071,2026-07-02,Preventive,In Progress,6.0,6650000,Plumbing Vendor,SYNTHETIC_VN_REALISTIC
MT02256,EQ01264,BLD081,2025-04-04,Corrective,Open,8.3,22150000,FM Team A,SYNTHETIC_VN_REALISTIC
MT02257,EQ00800,BLD052,2025-06-11,Corrective,Completed,0.1,10800000,Plumbing Vendor,SYNTHETIC_VN_REALISTIC
MT02258,EQ00810,BLD053,2026-01-10,Calibration,Completed,2.0,18550000,FM Team B,SYNTHETIC_VN_REALISTIC
MT02259,EQ00636,BLD041,2025-04-01,Cleaning,Open,7.5,1000000,FM Team B,SYNTHETIC_VN_REALISTIC
MT02260,EQ01389,BLD088,2025-12-04,Inspection,Completed,10.0,13800000,Electrical Vendor,SYNTHETIC_VN_REALISTIC
MT02261,EQ01180,BLD076,2026-06-29,Calibration,Open,8.8,1400000,FM Team A,SYNTHETIC_VN_REALISTIC
MT02262,EQ01309,BLD083,2025-05-20,Calibration,Completed,8.9,3050000,Electrical Vendor,SYNTHETIC_VN_REALISTIC
MT02263,EQ00326,BLD021,2026-08-08,Preventive,Completed,9.9,5800000,Electrical Vendor,SYNTHETIC_VN_REALISTIC
MT02264,EQ00154,BLD011,2025-01-02,Corrective,Open,4.0,15000000,HVAC Vendor,SYNTHETIC_VN_REALISTIC
MT02265,EQ00256,BLD017,2025-09-09,Preventive,Open,2.2,10150000,FM Team A,SYNTHETIC_VN_REALISTIC
MT02266,EQ01116,BLD072,2025-01-15,Corrective,Completed,1.0,1750000,FM Team A,SYNTHETIC_VN_REALISTIC
MT02267,EQ01389,BLD088,2026-01-31,Corrective,Completed,6.3,19100000,Plumbing Vendor,SYNTHETIC_VN_REALISTIC
MT02268,EQ01685,BLD107,2025-06-07,Corrective,Open,5.4,9650000,FM Team B,SYNTHETIC_VN_REALISTIC
MT02269,EQ00175,BLD013,2026-02-08,Corrective,Completed,8.2,8950000,HVAC Vendor,SYNTHETIC_VN_REALISTIC
MT02270,EQ00061,BLD004,2026-07-21,Preventive,Open,4.2,4900000,FM Team B,SYNTHETIC_VN_REALISTIC
MT02271,EQ01384,BLD088,2026-01-05,Preventive,Completed,0.1,19400000,Plumbing Vendor,SYNTHETIC_VN_REALISTIC
MT02272,EQ01459,BLD093,2026-02-01,Cleaning,Completed,2.7,20100000,Plumbing Vendor,SYNTHETIC_VN_REALISTIC
MT02273,EQ00389,BLD026,2026-06-22,Preventive,Completed,5.2,10200000,HVAC Vendor,SYNTHETIC_VN_REALISTIC
MT02274,EQ01408,BLD090,2025-07-21,Calibration,Open,6.0,2500000,HVAC Vendor,SYNTHETIC_VN_REALISTIC
MT02275,EQ00549,BLD036,2025-02-13,Calibration,Completed,0.9,2000000,Electrical Vendor,SYNTHETIC_VN_REALISTIC
MT02276,EQ00335,BLD022,2025-03-26,Inspection,Completed,5.0,13700000,HVAC Vendor,SYNTHETIC_VN_REALISTIC
MT02277,EQ00167,BLD012,2025-03-10,Preventive,Open,11.5,8600000,FM Team B,SYNTHETIC_VN_REALISTIC
MT02278,EQ01884,BLD119,2025-02-03,Preventive,Completed,9.4,14750000,FM Team B,SYNTHETIC_VN_REALISTIC
MT02279,EQ00328,BLD022,2026-02-22,Corrective,Open,0.2,2000000,FM Team A,SYNTHETIC_VN_REALISTIC
MT02280,EQ01624,BLD103,2026-02-27,Inspection,Completed,2.9,7850000,Electrical Vendor,SYNTHETIC_VN_REALISTIC
MT02281,EQ01726,BLD110,2025-05-27,Corrective,Completed,5.1,21450000,HVAC Vendor,SYNTHETIC_VN_REALISTIC
MT02282,EQ00482,BLD031,2025-11-03,Preventive,Open,6.6,8850000,FM Team A,SYNTHETIC_VN_REALISTIC
MT02283,EQ01505,BLD096,2026-06-24,Corrective,Completed,0.3,20750000,FM Team A,SYNTHETIC_VN_REALISTIC
MT02284,EQ01878,BLD118,2025-05-30,Cleaning,Completed,2.5,17800000,Plumbing Vendor,SYNTHETIC_VN_REALISTIC
MT02285,EQ01012,BLD064,2025-03-25,Inspection,Completed,10.1,12450000,FM Team B,SYNTHETIC_VN_REALISTIC
MT02286,EQ00294,BLD019,2026-05-20,Cleaning,In Progress,4.8,700000,FM Team B,SYNTHETIC_VN_REALISTIC
MT02287,EQ00384,BLD025,2025-12-04,Corrective,Completed,7.9,300000,HVAC Vendor,SYNTHETIC_VN_REALISTIC
MT02288,EQ01571,BLD099,2025-12-11,Preventive,Completed,3.5,10700000,Plumbing Vendor,SYNTHETIC_VN_REALISTIC
MT02289,EQ01782,BLD113,2025-12-06,Corrective,In Progress,4.9,11750000,Electrical Vendor,SYNTHETIC_VN_REALISTIC
MT02290,EQ00530,BLD034,2026-08-13,Inspection,In Progress,0.1,8100000,Electrical Vendor,SYNTHETIC_VN_REALISTIC
MT02291,EQ00413,BLD027,2025-11-09,Corrective,In Progress,2.2,20650000,FM Team B,SYNTHETIC_VN_REALISTIC
MT02292,EQ01911,BLD120,2026-04-01,Cleaning,Open,11.3,22150000,FM Team A,SYNTHETIC_VN_REALISTIC
MT02293,EQ00389,BLD026,2026-01-07,Inspection,Completed,0.7,21550000,HVAC Vendor,SYNTHETIC_VN_REALISTIC
MT02294,EQ00500,BLD032,2026-01-21,Preventive,Completed,9.7,20550000,FM Team A,SYNTHETIC_VN_REALISTIC
MT02295,EQ00332,BLD022,2025-08-05,Corrective,Open,3.4,6150000,HVAC Vendor,SYNTHETIC_VN_REALISTIC
MT02296,EQ01094,BLD070,2026-04-09,Preventive,Open,10.8,10700000,Electrical Vendor,SYNTHETIC_VN_REALISTIC
MT02297,EQ00724,BLD047,2025-10-15,Corrective,In Progress,5.5,14000000,Electrical Vendor,SYNTHETIC_VN_REALISTIC
MT02298,EQ00262,BLD017,2025-09-06,Inspection,Completed,10.1,14250000,Plumbing Vendor,SYNTHETIC_VN_REALISTIC
MT02299,EQ00143,BLD010,2025-08-22,Inspection,Completed,1.4,10200000,HVAC Vendor,SYNTHETIC_VN_REALISTIC
MT02300,EQ00605,BLD039,2025-02-21,Corrective,Open,1.8,1400000,Electrical Vendor,SYNTHETIC_VN_REALISTIC
MT02301,EQ00029,BLD002,2026-02-21,Cleaning,Completed,4.4,2250000,FM Team B,SYNTHETIC_VN_REALISTIC
MT02302,EQ00254,BLD017,2026-07-25,Corrective,Open,10.1,10350000,FM Team B,SYNTHETIC_VN_REALISTIC
MT02303,EQ01544,BLD098,2025-10-03,Cleaning,Completed,1.0,350000,FM Team B,SYNTHETIC_VN_REALISTIC
MT02304,EQ01667,BLD106,2026-08-29,Inspection,Completed,2.3,21400000,FM Team A,SYNTHETIC_VN_REALISTIC
MT02305,EQ00406,BLD027,2026-09-12,Corrective,Completed,4.7,20500000,FM Team B,SYNTHETIC_VN_REALISTIC
MT02306,EQ00696,BLD045,2025-04-16,Corrective,In Progress,6.4,9400000,HVAC Vendor,SYNTHETIC_VN_REALISTIC
MT02307,EQ00853,BLD055,2025-03-27,Preventive,Completed,10.4,16350000,Electrical Vendor,SYNTHETIC_VN_REALISTIC
MT02308,EQ01558,BLD099,2026-09-10,Calibration,Completed,10.7,10350000,FM Team B,SYNTHETIC_VN_REALISTIC
MT02309,EQ01022,BLD065,2025-07-07,Corrective,Completed,4.6,11150000,Plumbing Vendor,SYNTHETIC_VN_REALISTIC
MT02310,EQ01510,BLD096,2026-09-07,Inspection,Completed,5.5,16000000,Electrical Vendor,SYNTHETIC_VN_REALISTIC
MT02311,EQ00236,BLD016,2025-06-30,Preventive,In Progress,8.4,22750000,FM Team B,SYNTHETIC_VN_REALISTIC
MT02312,EQ01854,BLD117,2025-10-31,Inspection,In Progress,10.3,1750000,Plumbing Vendor,SYNTHETIC_VN_REALISTIC
MT02313,EQ00644,BLD042,2025-04-28,Inspection,Open,4.6,15100000,HVAC Vendor,SYNTHETIC_VN_REALISTIC
MT02314,EQ00413,BLD027,2026-05-21,Inspection,Completed,9.3,22200000,Electrical Vendor,SYNTHETIC_VN_REALISTIC
MT02315,EQ00856,BLD055,2025-11-26,Calibration,Completed,3.1,5500000,Plumbing Vendor,SYNTHETIC_VN_REALISTIC
MT02316,EQ00387,BLD025,2026-03-27,Cleaning,Completed,2.4,16450000,FM Team B,SYNTHETIC_VN_REALISTIC
MT02317,EQ01510,BLD096,2025-09-05,Corrective,In Progress,11.5,14100000,HVAC Vendor,SYNTHETIC_VN_REALISTIC
MT02318,EQ00048,BLD003,2025-08-07,Corrective,Completed,0.5,21650000,HVAC Vendor,SYNTHETIC_VN_REALISTIC
MT02319,EQ01203,BLD077,2025-12-01,Corrective,Completed,7.6,6100000,FM Team B,SYNTHETIC_VN_REALISTIC
MT02320,EQ01477,BLD093,2025-12-05,Preventive,Completed,9.7,2600000,Plumbing Vendor,SYNTHETIC_VN_REALISTIC
MT02321,EQ01492,BLD095,2025-07-18,Calibration,Completed,11.1,5100000,Plumbing Vendor,SYNTHETIC_VN_REALISTIC
MT02322,EQ00860,BLD056,2026-01-03,Corrective,Completed,1.6,21450000,FM Team B,SYNTHETIC_VN_REALISTIC
MT02323,EQ01097,BLD070,2025-04-29,Inspection,Completed,6.2,18950000,Electrical Vendor,SYNTHETIC_VN_REALISTIC
MT02324,EQ00615,BLD040,2025-09-13,Cleaning,Completed,11.6,14350000,HVAC Vendor,SYNTHETIC_VN_REALISTIC
MT02325,EQ01738,BLD110,2025-08-17,Calibration,In Progress,4.3,12550000,HVAC Vendor,SYNTHETIC_VN_REALISTIC
MT02326,EQ00053,BLD004,2025-11-21,Cleaning,Completed,5.3,2850000,FM Team B,SYNTHETIC_VN_REALISTIC
MT02327,EQ00220,BLD015,2025-08-09,Calibration,In Progress,6.0,21200000,FM Team A,SYNTHETIC_VN_REALISTIC
MT02328,EQ00107,BLD007,2026-01-27,Inspection,Completed,1.2,5400000,FM Team B,SYNTHETIC_VN_REALISTIC
MT02329,EQ01599,BLD101,2026-01-18,Cleaning,Completed,6.8,21800000,HVAC Vendor,SYNTHETIC_VN_REALISTIC
MT02330,EQ00476,BLD030,2026-03-21,Corrective,Completed,12.0,4150000,HVAC Vendor,SYNTHETIC_VN_REALISTIC
MT02331,EQ00890,BLD057,2026-08-11,Preventive,Completed,8.6,24600000,FM Team A,SYNTHETIC_VN_REALISTIC
MT02332,EQ01681,BLD107,2025-06-07,Preventive,Completed,0.9,4300000,FM Team B,SYNTHETIC_VN_REALISTIC
MT02333,EQ00149,BLD011,2025-12-22,Calibration,In Progress,9.1,23600000,HVAC Vendor,SYNTHETIC_VN_REALISTIC
MT02334,EQ01229,BLD079,2025-06-15,Calibration,Completed,11.1,12200000,Electrical Vendor,SYNTHETIC_VN_REALISTIC
MT02335,EQ01525,BLD097,2025-05-11,Corrective,Completed,0.2,19950000,FM Team A,SYNTHETIC_VN_REALISTIC
MT02336,EQ00229,BLD015,2025-05-06,Calibration,Completed,2.6,7800000,HVAC Vendor,SYNTHETIC_VN_REALISTIC
MT02337,EQ00068,BLD005,2025-08-14,Corrective,Completed,6.7,16450000,HVAC Vendor,SYNTHETIC_VN_REALISTIC
MT02338,EQ00253,BLD017,2025-06-11,Preventive,Completed,1.1,14300000,Plumbing Vendor,SYNTHETIC_VN_REALISTIC
MT02339,EQ01612,BLD102,2026-02-12,Inspection,Completed,3.0,10550000,FM Team A,SYNTHETIC_VN_REALISTIC
MT02340,EQ01494,BLD095,2025-01-27,Cleaning,Completed,4.2,11200000,Electrical Vendor,SYNTHETIC_VN_REALISTIC
MT02341,EQ01588,BLD100,2026-01-18,Calibration,In Progress,8.5,17100000,Plumbing Vendor,SYNTHETIC_VN_REALISTIC
MT02342,EQ00247,BLD016,2026-06-04,Inspection,In Progress,2.3,16000000,Plumbing Vendor,SYNTHETIC_VN_REALISTIC
MT02343,EQ00069,BLD005,2026-05-22,Corrective,Open,4.0,24650000,FM Team B,SYNTHETIC_VN_REALISTIC
MT02344,EQ00768,BLD049,2025-08-23,Inspection,Completed,2.6,13100000,HVAC Vendor,SYNTHETIC_VN_REALISTIC
MT02345,EQ01316,BLD084,2026-01-11,Corrective,Open,0.3,10550000,Plumbing Vendor,SYNTHETIC_VN_REALISTIC
MT02346,EQ00146,BLD011,2026-08-25,Calibration,Open,10.9,23450000,FM Team B,SYNTHETIC_VN_REALISTIC
MT02347,EQ00096,BLD006,2026-02-10,Preventive,Completed,2.1,19850000,FM Team A,SYNTHETIC_VN_REALISTIC
MT02348,EQ00056,BLD004,2026-05-29,Corrective,In Progress,3.1,1200000,FM Team A,SYNTHETIC_VN_REALISTIC
MT02349,EQ01220,BLD079,2025-03-31,Inspection,Completed,2.7,19200000,HVAC Vendor,SYNTHETIC_VN_REALISTIC
MT02350,EQ00920,BLD059,2025-04-26,Preventive,Open,10.3,10800000,Electrical Vendor,SYNTHETIC_VN_REALISTIC
MT02351,EQ01845,BLD116,2026-03-17,Corrective,Open,1.7,23350000,FM Team A,SYNTHETIC_VN_REALISTIC
MT02352,EQ01166,BLD075,2025-03-19,Calibration,Completed,9.6,8900000,FM Team A,SYNTHETIC_VN_REALISTIC
MT02353,EQ01004,BLD064,2025-10-02,Corrective,In Progress,1.5,20050000,FM Team A,SYNTHETIC_VN_REALISTIC
MT02354,EQ01144,BLD073,2026-09-11,Inspection,Open,7.4,14150000,Electrical Vendor,SYNTHETIC_VN_REALISTIC
MT02355,EQ00639,BLD042,2025-10-27,Preventive,In Progress,3.7,19750000,FM Team A,SYNTHETIC_VN_REALISTIC
MT02356,EQ00561,BLD037,2025-02-06,Cleaning,In Progress,11.7,4250000,Electrical Vendor,SYNTHETIC_VN_REALISTIC
MT02357,EQ01702,BLD108,2025-04-08,Inspection,In Progress,1.1,21850000,Electrical Vendor,SYNTHETIC_VN_REALISTIC
MT02358,EQ00136,BLD010,2025-03-15,Inspection,Completed,8.7,3450000,HVAC Vendor,SYNTHETIC_VN_REALISTIC
MT02359,EQ01278,BLD082,2025-04-21,Preventive,Open,3.3,24800000,FM Team B,SYNTHETIC_VN_REALISTIC
MT02360,EQ01044,BLD067,2025-11-17,Cleaning,In Progress,9.6,17800000,Electrical Vendor,SYNTHETIC_VN_REALISTIC
MT02361,EQ00494,BLD032,2025-01-21,Calibration,Completed,11.2,10850000,HVAC Vendor,SYNTHETIC_VN_REALISTIC
MT02362,EQ01164,BLD075,2026-03-24,Corrective,In Progress,5.8,8300000,FM Team A,SYNTHETIC_VN_REALISTIC
MT02363,EQ00201,BLD014,2025-09-03,Cleaning,Completed,4.3,24450000,FM Team B,SYNTHETIC_VN_REALISTIC
MT02364,EQ00588,BLD038,2026-02-16,Preventive,Completed,6.3,23350000,HVAC Vendor,SYNTHETIC_VN_REALISTIC
MT02365,EQ00554,BLD036,2025-11-18,Calibration,Completed,10.2,24550000,FM Team B,SYNTHETIC_VN_REALISTIC
MT02366,EQ00460,BLD030,2025-05-15,Calibration,Open,2.3,14950000,FM Team A,SYNTHETIC_VN_REALISTIC
MT02367,EQ00141,BLD010,2025-10-07,Cleaning,Completed,11.4,21400000,Electrical Vendor,SYNTHETIC_VN_REALISTIC
MT02368,EQ00586,BLD038,2026-01-29,Preventive,Open,10.1,21500000,FM Team A,SYNTHETIC_VN_REALISTIC
MT02369,EQ01037,BLD066,2025-08-16,Preventive,Open,6.6,13850000,FM Team B,SYNTHETIC_VN_REALISTIC
MT02370,EQ01890,BLD119,2025-03-05,Cleaning,Completed,8.0,3100000,FM Team B,SYNTHETIC_VN_REALISTIC
MT02371,EQ00689,BLD044,2025-01-31,Corrective,Completed,6.7,9300000,HVAC Vendor,SYNTHETIC_VN_REALISTIC
MT02372,EQ01673,BLD106,2025-09-27,Preventive,In Progress,11.2,19150000,FM Team A,SYNTHETIC_VN_REALISTIC
MT02373,EQ00378,BLD025,2025-09-26,Calibration,Completed,9.8,18500000,FM Team A,SYNTHETIC_VN_REALISTIC
MT02374,EQ00235,BLD016,2025-01-29,Preventive,Open,9.7,6850000,FM Team B,SYNTHETIC_VN_REALISTIC
MT02375,EQ00076,BLD005,2026-03-08,Inspection,Completed,1.2,8500000,Plumbing Vendor,SYNTHETIC_VN_REALISTIC
MT02376,EQ00181,BLD013,2025-03-12,Calibration,Completed,5.2,8350000,Electrical Vendor,SYNTHETIC_VN_REALISTIC
MT02377,EQ00096,BLD006,2026-01-10,Inspection,Completed,3.5,12950000,HVAC Vendor,SYNTHETIC_VN_REALISTIC
MT02378,EQ00564,BLD037,2026-07-02,Cleaning,Completed,2.0,18500000,FM Team B,SYNTHETIC_VN_REALISTIC
MT02379,EQ01757,BLD111,2025-02-09,Cleaning,In Progress,10.6,19250000,FM Team A,SYNTHETIC_VN_REALISTIC
MT02380,EQ00625,BLD041,2025-01-29,Preventive,Completed,8.2,6350000,FM Team B,SYNTHETIC_VN_REALISTIC
MT02381,EQ01918,BLD120,2026-02-02,Corrective,Completed,8.5,24050000,FM Team A,SYNTHETIC_VN_REALISTIC
MT02382,EQ01517,BLD096,2026-01-03,Corrective,Completed,8.6,4250000,FM Team A,SYNTHETIC_VN_REALISTIC
MT02383,EQ00035,BLD003,2025-06-01,Inspection,Completed,11.1,17000000,HVAC Vendor,SYNTHETIC_VN_REALISTIC
MT02384,EQ00008,BLD001,2026-01-29,Cleaning,Open,1.8,18850000,Electrical Vendor,SYNTHETIC_VN_REALISTIC
MT02385,EQ00204,BLD014,2025-02-14,Cleaning,Completed,12.0,20250000,FM Team B,SYNTHETIC_VN_REALISTIC
MT02386,EQ00824,BLD053,2025-07-07,Corrective,In Progress,11.5,9350000,Electrical Vendor,SYNTHETIC_VN_REALISTIC
MT02387,EQ00562,BLD037,2026-09-09,Calibration,Completed,0.4,1200000,Electrical Vendor,SYNTHETIC_VN_REALISTIC
MT02388,EQ00905,BLD058,2025-04-20,Corrective,Completed,10.0,7450000,HVAC Vendor,SYNTHETIC_VN_REALISTIC
MT02389,EQ00757,BLD049,2026-04-28,Preventive,Completed,6.9,15550000,Plumbing Vendor,SYNTHETIC_VN_REALISTIC
MT02390,EQ01553,BLD099,2026-04-16,Inspection,Completed,0.4,19750000,Electrical Vendor,SYNTHETIC_VN_REALISTIC
MT02391,EQ01579,BLD100,2026-05-21,Cleaning,Open,0.6,1100000,FM Team B,SYNTHETIC_VN_REALISTIC
MT02392,EQ01236,BLD079,2025-04-14,Cleaning,Completed,10.4,2650000,FM Team A,SYNTHETIC_VN_REALISTIC
MT02393,EQ00630,BLD041,2025-09-24,Preventive,In Progress,11.1,1500000,FM Team A,SYNTHETIC_VN_REALISTIC
MT02394,EQ00785,BLD051,2025-04-03,Inspection,In Progress,6.0,2700000,Plumbing Vendor,SYNTHETIC_VN_REALISTIC
MT02395,EQ00445,BLD029,2025-10-02,Inspection,In Progress,6.5,6450000,FM Team B,SYNTHETIC_VN_REALISTIC
MT02396,EQ00866,BLD056,2026-06-30,Preventive,Open,7.2,4000000,FM Team A,SYNTHETIC_VN_REALISTIC
MT02397,EQ00026,BLD002,2025-04-09,Preventive,In Progress,8.3,14700000,Electrical Vendor,SYNTHETIC_VN_REALISTIC
MT02398,EQ00413,BLD027,2025-07-27,Preventive,Completed,7.4,18800000,FM Team A,SYNTHETIC_VN_REALISTIC
MT02399,EQ00212,BLD015,2025-06-14,Corrective,In Progress,3.2,23800000,FM Team B,SYNTHETIC_VN_REALISTIC
MT02400,EQ01440,BLD092,2025-10-22,Calibration,Completed,10.1,4000000,Electrical Vendor,SYNTHETIC_VN_REALISTIC
MT02401,EQ01697,BLD108,2025-11-12,Calibration,Completed,5.3,5150000,FM Team A,SYNTHETIC_VN_REALISTIC
MT02402,EQ01377,BLD088,2025-08-23,Corrective,Completed,6.5,14050000,HVAC Vendor,SYNTHETIC_VN_REALISTIC
MT02403,EQ00638,BLD042,2026-07-11,Calibration,Open,0.2,14000000,Plumbing Vendor,SYNTHETIC_VN_REALISTIC
MT02404,EQ00067,BLD005,2025-10-19,Cleaning,Completed,1.0,12450000,Electrical Vendor,SYNTHETIC_VN_REALISTIC
MT02405,EQ01688,BLD107,2025-06-22,Calibration,Completed,0.5,13150000,FM Team B,SYNTHETIC_VN_REALISTIC
MT02406,EQ00616,BLD040,2025-08-25,Calibration,Open,9.9,13400000,Electrical Vendor,SYNTHETIC_VN_REALISTIC
MT02407,EQ01229,BLD079,2025-11-20,Cleaning,Completed,8.7,17350000,FM Team B,SYNTHETIC_VN_REALISTIC
MT02408,EQ00503,BLD032,2026-05-06,Calibration,Completed,5.1,3350000,Plumbing Vendor,SYNTHETIC_VN_REALISTIC
MT02409,EQ00815,BLD053,2026-04-11,Cleaning,Open,11.6,20250000,Plumbing Vendor,SYNTHETIC_VN_REALISTIC
MT02410,EQ01662,BLD105,2025-01-19,Inspection,Completed,4.4,11050000,HVAC Vendor,SYNTHETIC_VN_REALISTIC
MT02411,EQ00283,BLD019,2026-04-05,Inspection,Completed,5.3,15650000,Plumbing Vendor,SYNTHETIC_VN_REALISTIC
MT02412,EQ01072,BLD068,2025-09-21,Preventive,Completed,0.7,10250000,Plumbing Vendor,SYNTHETIC_VN_REALISTIC
MT02413,EQ00215,BLD015,2025-05-13,Calibration,Completed,3.3,18200000,FM Team B,SYNTHETIC_VN_REALISTIC
MT02414,EQ01132,BLD073,2025-01-24,Corrective,Open,11.9,8200000,Electrical Vendor,SYNTHETIC_VN_REALISTIC
MT02415,EQ00173,BLD012,2025-07-03,Preventive,Open,9.4,2300000,FM Team A,SYNTHETIC_VN_REALISTIC
MT02416,EQ00179,BLD013,2025-12-30,Cleaning,Completed,9.0,24200000,HVAC Vendor,SYNTHETIC_VN_REALISTIC
MT02417,EQ01290,BLD083,2026-03-24,Preventive,Completed,2.1,20150000,FM Team B,SYNTHETIC_VN_REALISTIC
MT02418,EQ00044,BLD003,2025-03-07,Calibration,Open,1.2,18900000,Electrical Vendor,SYNTHETIC_VN_REALISTIC
MT02419,EQ00893,BLD057,2026-07-16,Calibration,Completed,1.2,5050000,HVAC Vendor,SYNTHETIC_VN_REALISTIC
MT02420,EQ00691,BLD044,2025-05-13,Calibration,Completed,3.9,15150000,Electrical Vendor,SYNTHETIC_VN_REALISTIC
MT02421,EQ01312,BLD084,2025-04-30,Preventive,In Progress,6.4,20600000,FM Team A,SYNTHETIC_VN_REALISTIC
MT02422,EQ01685,BLD107,2025-02-19,Inspection,Completed,1.3,7700000,Electrical Vendor,SYNTHETIC_VN_REALISTIC
MT02423,EQ01272,BLD082,2025-05-08,Preventive,Completed,11.2,11700000,FM Team A,SYNTHETIC_VN_REALISTIC
MT02424,EQ00346,BLD022,2026-07-16,Inspection,Open,8.3,17450000,FM Team A,SYNTHETIC_VN_REALISTIC
MT02425,EQ00440,BLD029,2026-04-08,Corrective,In Progress,6.0,17950000,FM Team B,SYNTHETIC_VN_REALISTIC
MT02426,EQ01799,BLD114,2025-10-19,Cleaning,Open,11.4,10050000,FM Team B,SYNTHETIC_VN_REALISTIC
MT02427,EQ01296,BLD083,2025-05-26,Corrective,In Progress,4.4,21650000,Plumbing Vendor,SYNTHETIC_VN_REALISTIC
MT02428,EQ00050,BLD004,2025-05-31,Corrective,Completed,8.5,3950000,HVAC Vendor,SYNTHETIC_VN_REALISTIC
MT02429,EQ00978,BLD062,2026-02-22,Inspection,Completed,10.5,21750000,Electrical Vendor,SYNTHETIC_VN_REALISTIC
MT02430,EQ01805,BLD114,2025-11-25,Calibration,Completed,1.7,10400000,FM Team A,SYNTHETIC_VN_REALISTIC
MT02431,EQ01850,BLD117,2025-07-29,Cleaning,Completed,2.9,5350000,FM Team B,SYNTHETIC_VN_REALISTIC
MT02432,EQ01735,BLD110,2025-06-03,Cleaning,Completed,9.0,15100000,FM Team B,SYNTHETIC_VN_REALISTIC
MT02433,EQ00924,BLD059,2026-04-07,Cleaning,Open,1.6,11350000,FM Team A,SYNTHETIC_VN_REALISTIC
MT02434,EQ00845,BLD055,2025-09-10,Preventive,Completed,11.4,22100000,HVAC Vendor,SYNTHETIC_VN_REALISTIC
MT02435,EQ01717,BLD109,2025-07-07,Inspection,Completed,2.7,12500000,FM Team A,SYNTHETIC_VN_REALISTIC
MT02436,EQ01551,BLD098,2025-10-30,Inspection,Completed,8.2,17250000,Plumbing Vendor,SYNTHETIC_VN_REALISTIC
MT02437,EQ00377,BLD025,2026-04-25,Inspection,Completed,10.0,2350000,Plumbing Vendor,SYNTHETIC_VN_REALISTIC
MT02438,EQ00362,BLD024,2025-02-15,Preventive,Open,3.9,14750000,FM Team B,SYNTHETIC_VN_REALISTIC
MT02439,EQ01449,BLD092,2025-06-02,Preventive,Completed,6.9,13500000,FM Team A,SYNTHETIC_VN_REALISTIC
MT02440,EQ01043,BLD067,2026-03-03,Cleaning,Completed,2.4,24750000,Plumbing Vendor,SYNTHETIC_VN_REALISTIC
MT02441,EQ00258,BLD017,2025-07-10,Inspection,Completed,7.8,9800000,FM Team B,SYNTHETIC_VN_REALISTIC
MT02442,EQ00869,BLD056,2025-05-21,Calibration,Completed,8.3,20750000,FM Team A,SYNTHETIC_VN_REALISTIC
MT02443,EQ00222,BLD015,2025-02-18,Cleaning,Completed,5.8,15050000,FM Team A,SYNTHETIC_VN_REALISTIC
MT02444,EQ01203,BLD077,2025-11-16,Preventive,In Progress,4.6,10350000,HVAC Vendor,SYNTHETIC_VN_REALISTIC
MT02445,EQ00247,BLD016,2025-02-04,Calibration,Completed,3.3,17150000,Plumbing Vendor,SYNTHETIC_VN_REALISTIC
MT02446,EQ01055,BLD068,2025-03-29,Preventive,Completed,4.0,22050000,HVAC Vendor,SYNTHETIC_VN_REALISTIC
MT02447,EQ00336,BLD022,2025-10-06,Cleaning,In Progress,2.9,11200000,FM Team B,SYNTHETIC_VN_REALISTIC
MT02448,EQ00616,BLD040,2025-11-12,Preventive,Completed,11.4,18550000,Electrical Vendor,SYNTHETIC_VN_REALISTIC
MT02449,EQ00295,BLD019,2026-06-27,Cleaning,Completed,5.8,24450000,HVAC Vendor,SYNTHETIC_VN_REALISTIC
MT02450,EQ00439,BLD029,2025-01-17,Cleaning,Completed,5.1,1400000,FM Team A,SYNTHETIC_VN_REALISTIC
MT02451,EQ01344,BLD086,2026-03-03,Inspection,Completed,6.9,17300000,HVAC Vendor,SYNTHETIC_VN_REALISTIC
MT02452,EQ01026,BLD065,2026-01-20,Inspection,Completed,8.9,2200000,FM Team B,SYNTHETIC_VN_REALISTIC
MT02453,EQ00026,BLD002,2025-05-16,Cleaning,In Progress,5.1,21350000,FM Team A,SYNTHETIC_VN_REALISTIC
MT02454,EQ01559,BLD099,2026-03-30,Cleaning,Completed,3.1,16200000,HVAC Vendor,SYNTHETIC_VN_REALISTIC
MT02455,EQ00131,BLD009,2026-08-08,Corrective,Open,3.2,10400000,Plumbing Vendor,SYNTHETIC_VN_REALISTIC
MT02456,EQ00503,BLD032,2026-06-19,Corrective,In Progress,10.3,23250000,FM Team B,SYNTHETIC_VN_REALISTIC
MT02457,EQ00952,BLD061,2026-07-08,Inspection,Completed,2.1,2150000,HVAC Vendor,SYNTHETIC_VN_REALISTIC
MT02458,EQ01022,BLD065,2025-02-01,Inspection,Completed,11.1,21800000,FM Team A,SYNTHETIC_VN_REALISTIC
MT02459,EQ01741,BLD110,2025-08-30,Preventive,Open,0.1,23850000,Plumbing Vendor,SYNTHETIC_VN_REALISTIC
MT02460,EQ00341,BLD022,2025-10-06,Calibration,Completed,4.2,5100000,FM Team B,SYNTHETIC_VN_REALISTIC
MT02461,EQ01038,BLD066,2025-02-04,Inspection,In Progress,0.0,3900000,Electrical Vendor,SYNTHETIC_VN_REALISTIC
MT02462,EQ01916,BLD120,2025-02-15,Corrective,Completed,11.2,18250000,Electrical Vendor,SYNTHETIC_VN_REALISTIC
MT02463,EQ01560,BLD099,2025-03-28,Corrective,Completed,11.8,900000,HVAC Vendor,SYNTHETIC_VN_REALISTIC
MT02464,EQ01076,BLD069,2025-02-20,Calibration,In Progress,2.1,23800000,HVAC Vendor,SYNTHETIC_VN_REALISTIC
MT02465,EQ01048,BLD067,2026-07-21,Calibration,Open,1.2,5250000,FM Team B,SYNTHETIC_VN_REALISTIC
MT02466,EQ01782,BLD113,2025-05-21,Inspection,Completed,11.6,16300000,FM Team B,SYNTHETIC_VN_REALISTIC
MT02467,EQ00133,BLD009,2025-07-12,Corrective,Completed,1.0,1500000,Plumbing Vendor,SYNTHETIC_VN_REALISTIC
MT02468,EQ01692,BLD108,2026-09-11,Cleaning,Completed,6.0,22200000,Electrical Vendor,SYNTHETIC_VN_REALISTIC
MT02469,EQ01014,BLD064,2025-08-22,Calibration,Completed,6.5,10850000,FM Team A,SYNTHETIC_VN_REALISTIC
MT02470,EQ00775,BLD050,2025-08-21,Preventive,Completed,5.2,20200000,FM Team B,SYNTHETIC_VN_REALISTIC
MT02471,EQ00273,BLD018,2025-11-08,Calibration,Open,11.4,23000000,HVAC Vendor,SYNTHETIC_VN_REALISTIC
MT02472,EQ00854,BLD055,2025-04-18,Calibration,Completed,3.5,24150000,FM Team B,SYNTHETIC_VN_REALISTIC
MT02473,EQ00997,BLD064,2026-02-20,Calibration,Completed,5.7,5950000,FM Team A,SYNTHETIC_VN_REALISTIC
MT02474,EQ01105,BLD071,2026-08-08,Corrective,Completed,5.4,16950000,HVAC Vendor,SYNTHETIC_VN_REALISTIC
MT02475,EQ00995,BLD063,2025-08-10,Calibration,In Progress,5.7,3600000,Electrical Vendor,SYNTHETIC_VN_REALISTIC
MT02476,EQ01903,BLD119,2026-05-23,Cleaning,In Progress,6.9,17550000,Plumbing Vendor,SYNTHETIC_VN_REALISTIC
MT02477,EQ01636,BLD104,2025-12-19,Calibration,Open,3.0,24300000,Electrical Vendor,SYNTHETIC_VN_REALISTIC
MT02478,EQ01666,BLD106,2026-02-18,Inspection,Open,2.1,11150000,HVAC Vendor,SYNTHETIC_VN_REALISTIC
MT02479,EQ01852,BLD117,2025-04-30,Corrective,Completed,4.7,20500000,HVAC Vendor,SYNTHETIC_VN_REALISTIC
MT02480,EQ01145,BLD073,2025-09-08,Preventive,Completed,2.5,15900000,Electrical Vendor,SYNTHETIC_VN_REALISTIC
MT02481,EQ00947,BLD060,2026-01-20,Corrective,Completed,8.5,9100000,Plumbing Vendor,SYNTHETIC_VN_REALISTIC
MT02482,EQ00862,BLD056,2025-08-30,Cleaning,Completed,5.1,22250000,Electrical Vendor,SYNTHETIC_VN_REALISTIC
MT02483,EQ01771,BLD112,2026-08-21,Cleaning,Completed,2.9,4000000,Plumbing Vendor,SYNTHETIC_VN_REALISTIC
MT02484,EQ00252,BLD016,2026-08-09,Preventive,Completed,9.5,18300000,Electrical Vendor,SYNTHETIC_VN_REALISTIC
MT02485,EQ00231,BLD015,2026-06-16,Preventive,Completed,6.6,1150000,Electrical Vendor,SYNTHETIC_VN_REALISTIC
MT02486,EQ01482,BLD094,2025-10-09,Cleaning,Completed,4.3,4850000,Electrical Vendor,SYNTHETIC_VN_REALISTIC
MT02487,EQ00513,BLD033,2025-06-26,Cleaning,Completed,6.7,13850000,Electrical Vendor,SYNTHETIC_VN_REALISTIC
MT02488,EQ00388,BLD026,2025-08-14,Corrective,Completed,2.5,9650000,FM Team B,SYNTHETIC_VN_REALISTIC
MT02489,EQ01658,BLD105,2025-10-25,Cleaning,Open,5.8,1900000,Plumbing Vendor,SYNTHETIC_VN_REALISTIC
MT02490,EQ01276,BLD082,2026-02-08,Corrective,Completed,6.4,20100000,HVAC Vendor,SYNTHETIC_VN_REALISTIC
MT02491,EQ00273,BLD018,2025-09-13,Cleaning,Open,2.9,17200000,FM Team B,SYNTHETIC_VN_REALISTIC
MT02492,EQ01244,BLD080,2026-07-15,Calibration,Completed,6.4,21350000,Electrical Vendor,SYNTHETIC_VN_REALISTIC
MT02493,EQ00881,BLD057,2026-08-18,Preventive,In Progress,5.8,6350000,Electrical Vendor,SYNTHETIC_VN_REALISTIC
MT02494,EQ01554,BLD099,2025-01-12,Cleaning,In Progress,0.2,9900000,FM Team A,SYNTHETIC_VN_REALISTIC
MT02495,EQ00362,BLD024,2025-11-10,Corrective,In Progress,0.7,1300000,FM Team A,SYNTHETIC_VN_REALISTIC
MT02496,EQ01660,BLD105,2025-07-26,Calibration,Open,0.4,23500000,Electrical Vendor,SYNTHETIC_VN_REALISTIC
MT02497,EQ01108,BLD071,2026-03-27,Cleaning,Completed,7.1,9600000,Plumbing Vendor,SYNTHETIC_VN_REALISTIC
MT02498,EQ01599,BLD101,2025-08-28,Corrective,Open,7.0,15200000,FM Team B,SYNTHETIC_VN_REALISTIC
MT02499,EQ01061,BLD068,2025-09-13,Inspection,Completed,7.1,16900000,Plumbing Vendor,SYNTHETIC_VN_REALISTIC
MT02500,EQ01180,BLD076,2026-08-09,Calibration,Completed,1.6,4500000,Electrical Vendor,SYNTHETIC_VN_REALISTIC
